id,lwage,educ,quarter1,age,parent_educ
1,3.7338,15.8,0,45.4,10
2,2.2149,12.2,0,38.1,15
3,3.0731,16.4,1,25.4,13
4,2.6366,14.4,0,38.1,11
5,2.3211,12.7,0,26.1,13
6,2.8289,15.0,0,34.3,8
7,2.3249,12.2,0,39.7,12
8,3.1526,13.3,1,37.3,16
9,3.0649,14.0,0,36.4,13
10,3.0167,14.4,1,22.0,10
11,2.4289,12.1,1,34.6,9
12,3.2996,14.0,0,41.1,12
13,2.4776,11.1,0,41.5,16
14,3.2392,14.9,0,39.2,15
15,3.1334,14.0,0,52.0,12
16,2.4653,11.9,0,42.1,15
17,3.3564,14.1,0,31.5,12
18,2.8714,13.1,1,36.7,11
19,2.4191,12.6,1,36.2,10
20,2.3789,13.7,1,30.0,14
21,3.6132,16.2,0,44.0,13
22,3.3046,13.2,0,44.3,9
23,2.4736,14.0,0,32.3,16
24,2.7516,14.6,0,32.1,11
25,3.4309,15.2,1,40.9,11
26,2.9952,13.2,0,46.6,10
27,2.5181,11.6,0,42.8,14
28,2.007,11.7,1,26.8,11
29,2.5743,12.4,1,44.6,13
30,2.5472,14.4,0,22.0,10
31,3.0961,15.8,1,42.1,8
32,3.2236,14.8,1,52.7,10
33,2.6704,13.1,0,35.1,12
34,2.9461,14.8,1,34.5,11
35,3.3802,15.8,0,44.9,11
36,2.5214,12.7,1,27.1,9
37,2.8865,14.1,0,44.4,14
38,3.2445,14.1,0,42.2,10
39,3.0428,13.3,0,41.0,18
40,2.89,12.1,1,24.6,9
41,2.616,12.9,0,37.9,8
42,3.2085,14.7,0,30.9,14
43,2.4953,13.2,1,35.6,12
44,2.7996,12.9,0,27.8,12
45,2.9679,13.0,1,38.0,15
46,3.1714,14.6,0,25.7,15
47,3.3621,15.5,1,42.6,9
48,2.6597,13.1,0,48.6,12
49,2.5288,11.1,0,30.9,12
50,2.4912,14.1,1,24.8,12
51,3.2618,14.2,0,40.5,12
52,3.2888,13.7,0,41.2,12
53,3.0428,16.0,0,46.7,14
54,2.637,12.4,0,29.1,15
55,3.0741,12.5,0,37.1,10
56,2.8481,14.3,0,40.9,13
57,3.3557,16.2,0,32.4,16
58,2.7746,15.6,0,40.0,10
59,2.291,12.7,0,31.5,8
60,2.2987,12.2,0,28.5,10
61,2.7034,11.1,1,44.6,14
62,2.7722,13.1,1,28.5,15
63,3.1444,16.3,0,39.8,18
64,2.775,14.1,0,36.3,12
65,2.7394,13.9,0,37.2,11
66,2.7713,14.0,0,33.7,15
67,2.1833,9.9,0,42.5,12
68,2.8109,14.7,0,32.6,11
69,2.85,12.8,1,40.0,14
70,3.0603,14.6,1,29.5,17
71,2.7869,13.3,1,35.9,12
72,3.6738,17.5,0,37.3,11
73,2.6781,12.8,1,22.0,19
74,2.5574,13.6,0,22.0,12
75,2.6162,13.6,0,26.5,11
76,2.8969,12.4,0,28.0,9
77,2.7423,13.5,1,59.6,11
78,2.9011,15.1,0,37.2,15
79,2.6838,12.1,0,22.0,10
80,2.2729,11.0,0,23.4,11
81,2.1837,12.1,0,27.6,13
82,2.6804,12.7,1,43.9,15
83,2.5723,11.7,0,31.6,15
84,3.1098,12.6,0,40.7,12
85,2.5465,13.1,0,34.0,10
86,3.2984,14.6,1,22.5,14
87,2.93,13.9,0,37.7,14
88,3.4628,13.1,0,43.7,10
89,3.5252,15.9,1,31.8,14
90,2.7423,12.1,0,42.1,12
91,2.9365,13.5,0,51.1,11
92,2.8335,13.6,1,35.1,10
93,2.5385,12.9,1,31.6,16
94,2.6115,12.2,1,33.4,9
95,2.751,14.3,1,31.6,11
96,3.204,13.1,1,35.2,12
97,2.7986,13.4,0,29.3,14
98,2.2574,13.7,0,25.9,12
99,2.7409,13.7,1,41.3,13
100,2.6194,14.8,0,29.3,13
101,2.893,11.9,0,46.7,15
102,2.956,13.6,0,35.9,12
103,2.829,13.0,1,43.9,12
104,2.7238,14.2,0,30.5,11
105,3.2957,16.3,0,27.8,17
106,2.7809,14.6,0,33.9,13
107,2.9956,16.8,0,38.2,13
108,3.2827,13.7,0,43.4,11
109,3.3734,16.7,0,22.0,12
110,2.785,12.4,1,32.7,11
111,2.7511,14.6,1,34.1,14
112,3.0825,15.4,0,30.0,17
113,2.7423,13.7,0,35.4,11
114,3.0332,14.5,0,39.2,18
115,2.9513,13.3,0,47.4,13
116,2.9173,14.4,1,38.6,14
117,2.7018,14.0,0,34.9,14
118,2.9194,14.7,1,39.7,9
119,2.5352,13.2,0,22.0,17
120,2.8749,14.0,0,38.8,13
121,2.7202,13.8,1,41.6,14
122,2.6499,14.9,0,37.1,16
123,3.0176,13.0,0,28.3,17
124,3.3865,14.2,0,41.9,13
125,2.4566,12.0,1,32.2,14
126,3.6327,16.5,1,41.0,12
127,2.5819,14.4,0,25.9,11
128,2.9706,12.4,0,30.6,14
129,2.2172,11.3,1,22.0,12
130,3.5727,14.8,0,52.5,14
131,2.5495,13.5,0,42.3,11
132,3.0183,14.9,0,22.0,11
133,2.0817,12.3,1,46.2,14
134,2.9546,15.3,0,36.1,11
135,2.7297,13.9,0,23.2,12
136,2.3878,12.4,0,39.8,10
137,2.7126,15.5,0,25.3,18
138,2.7469,12.8,0,33.8,13
139,2.198,14.1,0,29.0,11
140,2.7448,14.2,1,32.5,12
141,3.1849,15.5,1,47.0,16
142,2.9527,13.6,1,43.4,12
143,2.6135,13.0,1,36.2,11
144,2.5748,13.7,1,24.8,8
145,2.9286,12.8,1,30.8,10
146,2.3569,12.1,0,35.3,7
147,2.4528,13.5,0,28.9,12
148,2.8433,13.8,0,36.7,13
149,2.2917,15.0,0,33.8,15
150,2.5536,13.0,0,29.2,13
151,3.3825,14.1,0,39.2,16
152,3.2977,15.3,0,30.3,13
153,3.0103,13.0,0,30.7,10
154,2.916,14.2,0,25.7,14
155,2.7421,11.0,1,29.8,11
156,2.45,11.7,1,38.9,11
157,2.1562,11.8,0,46.0,11
158,2.6428,12.0,1,31.5,12
159,3.0238,14.1,0,40.4,15
160,2.3502,13.7,0,28.6,10
161,2.5914,13.2,0,29.7,12
162,2.9707,12.5,0,49.8,13
163,2.7132,10.8,0,39.1,12
164,2.3377,11.5,1,35.9,9
165,2.1093,12.0,0,39.1,18
166,2.8385,14.5,0,33.5,16
167,2.6173,12.0,1,33.0,9
168,2.7998,10.8,0,43.8,6
169,2.9889,14.0,0,32.3,16
170,2.5868,12.3,0,22.0,13
171,2.4669,12.9,0,37.7,9
172,2.8246,12.4,0,46.2,14
173,1.9407,12.7,0,37.4,11
174,2.7952,14.7,0,41.2,12
175,2.9194,13.1,0,36.7,14
176,3.0967,11.9,1,30.0,14
177,3.4092,14.7,0,43.8,16
178,2.7141,14.0,0,33.0,14
179,3.3429,15.5,1,43.7,17
180,2.5839,13.7,1,35.3,13
181,3.0762,14.9,0,39.5,14
182,2.8809,14.8,0,34.8,11
183,2.629,10.7,0,45.9,13
184,2.8048,14.4,0,39.8,11
185,3.2957,15.7,0,36.7,16
186,2.6608,14.2,0,27.4,15
187,2.2153,12.3,1,29.2,12
188,3.4359,14.1,0,32.4,15
189,2.2931,13.9,0,33.4,12
190,3.0572,13.0,1,40.7,13
191,2.7608,13.0,1,38.7,14
192,3.2919,14.6,0,45.1,9
193,2.6094,12.5,1,22.0,14
194,2.6403,13.7,0,50.4,14
195,2.4369,12.8,1,28.6,11
196,2.757,13.0,1,34.3,16
197,2.3542,14.6,1,42.7,16
198,2.9605,11.1,0,49.0,12
199,2.343,12.9,0,22.2,16
200,2.4234,13.5,0,36.6,11
201,3.3059,13.6,0,49.2,13
202,2.8143,14.1,0,34.1,15
203,2.5562,11.6,0,42.0,10
204,2.8269,14.9,0,23.3,12
205,3.1209,13.5,0,37.7,14
206,2.6892,15.1,0,49.9,14
207,2.2575,11.1,0,37.2,13
208,3.0392,13.5,0,46.7,13
209,2.9329,14.1,0,38.1,12
210,2.3305,16.0,1,27.8,16
211,2.7155,13.2,0,22.0,12
212,2.7448,14.5,1,29.3,9
213,2.5472,13.2,0,27.7,13
214,2.5528,11.2,0,40.6,13
215,3.0669,14.8,0,48.2,17
216,3.3257,12.3,0,25.8,11
217,2.7452,12.4,0,41.4,12
218,2.3605,10.7,1,31.5,11
219,2.2733,13.2,0,29.5,13
220,2.7768,11.6,1,39.1,8
221,3.054,15.3,0,36.5,17
222,2.6984,14.3,0,25.7,13
223,2.8803,13.0,0,38.0,15
224,2.6538,13.5,1,39.7,14
225,3.3683,15.5,0,52.5,15
226,3.1385,15.2,0,38.4,14
227,2.8691,14.2,0,28.9,13
228,3.6845,17.3,0,39.1,17
229,2.2735,12.7,0,22.5,9
230,2.056,9.8,1,32.9,6
231,2.6063,13.2,1,47.4,15
232,2.8055,14.0,0,29.2,12
233,2.4693,12.9,0,35.0,13
234,2.994,12.6,0,57.0,15
235,3.1208,12.8,0,48.6,11
236,2.9292,13.4,0,40.2,12
237,2.8351,12.7,0,46.7,12
238,2.7387,14.1,1,34.2,11
239,2.815,12.6,1,36.2,11
240,2.2352,13.7,0,27.7,14
241,1.8908,11.7,1,41.3,13
242,2.9737,14.8,0,40.1,17
243,3.1818,14.3,0,33.6,11
244,1.9461,10.7,0,29.9,11
245,3.3478,13.9,0,50.0,11
246,3.128,15.6,0,22.0,7
247,2.5557,14.6,0,26.9,13
248,3.073,13.2,1,39.1,10
249,2.1102,12.3,1,32.8,13
250,2.4817,13.2,0,32.8,10
251,2.6934,13.9,0,29.9,10
252,2.8865,15.0,1,30.5,13
253,3.2007,14.2,0,39.2,11
254,2.824,14.4,0,40.7,13
255,3.1196,12.5,0,34.9,10
256,2.9882,10.9,1,34.7,12
257,3.0466,15.7,0,36.9,14
258,2.5202,12.0,0,29.3,12
259,1.94,12.3,1,23.3,15
260,2.5605,12.2,0,41.0,9
261,2.6189,14.8,0,28.7,15
262,3.0073,13.8,1,37.9,19
263,2.7791,12.3,0,35.5,12
264,3.2679,15.6,0,35.7,15
265,2.5885,12.3,0,32.2,12
266,2.6134,13.1,0,23.9,13
267,2.7459,13.6,0,36.4,14
268,3.3248,12.3,1,37.2,13
269,2.56,14.7,0,25.9,16
270,2.4069,13.0,0,32.8,14
271,2.7337,13.7,0,41.6,13
272,3.2956,15.3,0,31.8,15
273,3.3454,17.1,1,34.9,14
274,2.7277,12.8,0,43.2,14
275,3.5858,14.4,1,38.1,13
276,2.2485,13.7,0,40.5,14
277,1.7011,11.7,1,27.3,13
278,2.5132,12.3,0,30.4,13
279,2.841,14.4,0,22.0,14
280,3.1255,15.0,0,35.2,11
281,2.4575,14.4,0,22.0,10
282,2.8726,15.4,0,45.2,13
283,3.325,13.4,0,39.7,14
284,3.1104,14.8,1,32.4,12
285,1.9196,12.9,0,39.6,13
286,3.3528,15.3,1,47.0,12
287,2.6051,11.0,1,28.3,14
288,2.6461,12.7,1,22.0,14
289,2.4331,12.9,1,24.8,12
290,2.136,9.5,1,28.3,10
291,2.6023,12.5,0,45.8,9
292,2.5824,12.2,0,35.7,12
293,2.9324,16.3,0,27.4,15
294,2.6125,13.3,0,39.7,9
295,3.2879,14.2,0,47.2,16
296,2.6071,13.7,0,33.6,14
297,2.614,14.5,0,37.7,16
298,2.5279,10.9,1,27.4,16
299,2.8238,12.0,1,54.1,8
300,2.7165,12.9,0,35.1,18
301,2.9082,15.2,0,25.0,10
302,2.8294,11.6,0,37.0,13
303,2.8438,12.4,1,38.8,13
304,2.9437,12.5,0,45.4,15
305,3.1043,15.0,0,40.4,11
306,3.1705,15.5,0,36.0,11
307,2.9691,14.8,0,40.9,11
308,2.8993,15.2,0,44.0,16
309,2.3362,12.8,0,38.1,15
310,1.9962,13.9,0,22.9,14
311,2.9017,12.8,1,28.8,9
312,2.3288,13.4,0,30.0,15
313,2.7626,15.6,0,39.9,13
314,2.7133,12.8,0,36.0,14
315,2.7291,12.4,0,39.3,13
316,2.1294,12.0,0,30.0,13
317,2.5199,13.0,0,30.1,11
318,2.7537,14.3,0,42.7,12
319,2.256,13.6,0,27.6,10
320,3.1803,17.4,0,33.0,13
321,2.6382,11.9,1,36.9,9
322,2.3821,11.4,0,22.4,14
323,2.6076,12.4,0,29.3,10
324,2.8823,13.8,0,29.1,10
325,2.629,12.2,0,48.8,15
326,2.6881,11.8,1,40.0,11
327,2.0531,13.9,0,44.1,15
328,2.6269,16.3,0,26.7,16
329,2.9589,15.3,0,40.5,16
330,2.8472,13.1,1,44.9,12
331,3.2168,15.6,0,46.0,13
332,2.8183,12.3,1,33.7,14
333,3.6587,17.3,0,37.0,15
334,3.0285,15.8,0,39.0,14
335,2.8999,14.5,1,48.6,15
336,2.4517,11.5,0,30.0,10
337,2.8319,14.3,0,39.8,10
338,2.8143,13.8,1,27.5,11
339,2.6681,14.3,0,41.0,10
340,2.5866,12.8,0,30.5,10
341,2.9342,16.4,0,35.9,8
342,3.4233,14.4,0,29.5,9
343,2.3335,12.4,0,28.7,10
344,2.7765,12.8,1,32.6,11
345,2.9506,14.0,0,48.5,12
346,3.2987,14.5,0,37.1,15
347,2.8806,14.0,0,47.7,12
348,2.7129,13.3,1,30.5,11
349,2.8705,14.9,0,31.9,14
350,2.6586,15.6,0,32.3,10
351,2.4929,12.8,0,30.0,11
352,2.7291,13.1,0,32.7,14
353,2.9486,15.0,0,34.7,11
354,2.5292,15.1,0,33.3,10
355,2.7962,16.3,0,31.8,15
356,2.8789,13.5,0,36.4,14
357,2.2635,15.1,0,27.8,10
358,2.6121,12.0,1,47.7,11
359,2.5591,12.9,0,49.3,12
360,2.3497,11.5,0,34.6,15
361,2.2553,13.4,0,28.8,9
362,2.4913,12.9,0,33.6,15
363,2.737,15.0,0,22.0,10
364,2.1219,14.7,0,28.9,10
365,2.1443,11.2,0,41.2,10
366,2.8196,14.9,0,36.8,13
367,3.4155,12.8,0,31.6,11
368,2.2394,14.4,1,32.7,11
369,2.6768,13.9,0,40.6,11
370,2.9279,14.1,1,25.8,8
371,2.2765,11.8,1,24.6,14
372,2.6909,11.3,0,46.5,11
373,3.6548,15.4,1,45.7,14
374,2.5664,11.9,0,38.1,7
375,2.6232,14.3,0,39.8,12
376,2.556,13.4,1,28.1,12
377,2.4818,14.1,0,31.9,12
378,3.0225,14.2,0,38.5,13
379,3.0366,13.7,0,38.1,8
380,2.6522,13.3,0,37.1,14
381,3.2496,14.6,0,39.9,13
382,3.2528,12.9,0,32.5,11
383,2.9403,13.8,0,42.9,14
384,2.1783,12.6,0,46.4,13
385,2.595,13.6,0,22.9,13
386,3.0109,15.0,0,26.9,16
387,3.0516,14.9,0,29.9,14
388,2.3759,13.8,1,26.5,17
389,2.5216,13.0,0,34.8,15
390,2.6931,15.5,0,42.6,13
391,2.6906,14.4,1,31.0,11
392,1.8333,10.5,0,22.0,11
393,2.3251,12.9,1,34.7,13
394,2.8984,14.4,1,41.6,13
395,2.8297,13.5,0,30.1,16
396,3.4158,17.5,0,31.1,17
397,2.2973,12.6,0,33.9,11
398,3.4859,13.8,1,30.3,12
399,2.4219,11.0,0,22.0,12
400,2.6807,13.9,0,32.0,9
401,2.6639,13.9,0,30.0,9
402,2.7222,12.7,1,38.2,12
403,2.6887,13.6,0,30.8,15
404,2.7526,12.3,0,44.4,10
405,3.1834,11.5,1,53.8,12
406,3.108,12.6,0,40.3,9
407,2.3851,12.2,0,40.1,10
408,2.2312,12.4,0,33.8,14
409,2.9332,15.1,0,25.2,15
410,2.8065,12.2,0,40.2,13
411,2.8361,13.5,0,40.6,15
412,2.2249,12.0,0,26.0,9
413,2.6223,15.5,0,25.3,15
414,2.791,14.3,0,39.0,14
415,1.8176,11.3,0,31.1,13
416,2.9792,15.3,0,32.5,10
417,2.9931,11.6,1,48.8,10
418,2.6073,13.8,0,29.6,16
419,3.2787,15.3,0,32.7,15
420,3.2121,16.3,1,44.5,14
421,3.2472,13.5,1,34.3,16
422,2.868,16.6,1,37.3,13
423,1.8655,12.1,0,40.0,12
424,3.0444,14.5,1,31.9,10
425,2.3067,14.4,1,43.1,17
426,2.6131,12.8,0,44.1,15
427,2.7975,13.8,0,23.5,8
428,2.9137,14.9,0,35.5,10
429,2.3806,13.9,0,33.9,14
430,3.2555,14.4,0,45.6,12
431,2.699,13.4,0,31.0,15
432,2.6187,13.3,0,39.1,12
433,3.159,15.0,0,56.0,9
434,2.9002,12.6,0,44.0,12
435,2.1997,12.7,0,34.5,10
436,3.1461,13.4,0,53.8,11
437,2.5191,13.2,0,41.9,15
438,3.008,13.6,0,35.7,15
439,2.5246,13.1,0,38.1,13
440,2.5442,14.2,0,30.2,11
441,2.9993,13.7,0,37.8,13
442,2.2725,12.4,0,34.2,9
443,2.4656,13.8,0,33.7,15
444,2.545,14.0,0,22.0,9
445,2.3342,12.4,0,26.0,13
446,2.6327,12.7,0,30.9,11
447,2.4423,11.3,0,33.2,7
448,2.8957,14.2,0,32.3,14
449,2.9713,14.1,1,25.6,13
450,2.6588,12.1,1,37.7,16
451,2.5931,13.0,1,47.7,11
452,1.9829,9.5,1,30.2,12
453,2.248,15.1,0,25.8,10
454,2.2205,13.2,0,22.6,13
455,2.6341,14.4,0,39.9,12
456,2.5407,11.6,0,39.2,15
457,2.4626,14.4,0,31.8,13
458,2.3938,11.8,0,31.5,10
459,2.5593,13.2,0,25.7,13
460,2.4272,10.6,1,32.7,13
461,1.9663,12.0,0,41.9,10
462,3.3535,15.4,1,52.0,14
463,3.1064,14.2,1,22.0,12
464,2.8636,15.8,0,24.3,10
465,2.4039,13.3,0,22.0,15
466,2.4266,11.1,0,30.1,13
467,2.6658,12.7,0,38.3,14
468,3.1931,13.7,0,30.6,15
469,2.1687,12.7,0,22.0,15
470,2.6858,13.6,0,35.7,12
471,2.9682,15.6,0,24.3,15
472,2.885,14.5,0,31.0,13
473,3.2287,13.8,1,46.2,14
474,2.8349,12.5,1,32.8,9
475,2.7834,12.9,0,37.2,10
476,2.8655,15.0,0,37.7,10
477,2.4787,11.4,0,41.1,9
478,2.2661,14.6,1,23.8,12
479,2.2218,10.9,0,26.0,10
480,2.7961,14.5,0,30.2,15
481,3.434,13.4,0,45.9,15
482,3.1766,15.4,0,32.3,10
483,2.251,11.0,0,37.1,10
484,3.1187,14.2,0,46.3,13
485,2.3461,10.7,1,24.1,12
486,3.6684,13.7,0,46.7,13
487,1.9167,11.0,1,31.5,12
488,2.5438,15.5,0,34.5,11
489,2.9431,11.6,0,43.8,14
490,3.0023,13.5,1,44.2,12
491,2.8343,16.5,0,41.8,11
492,2.7608,17.2,0,47.1,15
493,3.0357,14.9,0,27.4,15
494,2.9948,13.5,0,52.4,11
495,2.1872,12.1,0,27.7,13
496,3.1597,16.4,0,34.1,13
497,3.3375,17.0,0,42.5,11
498,2.6948,13.6,0,40.3,15
499,2.4708,14.3,1,25.3,8
500,3.086,15.6,0,34.5,16
501,2.8639,13.7,0,22.6,13
502,2.4721,12.8,0,33.9,16
503,3.9632,17.1,0,34.2,16
504,2.7802,12.5,1,39.5,13
505,3.1638,15.5,0,43.5,20
506,2.6022,13.7,0,29.6,11
507,2.641,12.3,0,32.6,12
508,2.8918,11.5,0,50.1,17
509,2.0817,11.4,0,22.9,13
510,2.6024,13.2,1,41.0,14
511,2.6773,13.0,0,35.9,13
512,2.5701,13.3,0,43.9,11
513,2.6995,12.5,1,48.2,14
514,2.7893,13.7,0,34.4,12
515,3.0937,15.5,0,44.8,12
516,2.1809,13.6,1,22.0,12
517,2.5255,12.1,1,35.9,14
518,2.3233,12.2,1,37.9,12
519,2.5764,12.2,0,43.6,11
520,3.042,12.9,1,36.1,7
521,2.5069,13.1,0,36.1,10
522,2.6706,14.1,0,34.0,15
523,3.032,15.1,0,39.2,18
524,2.2075,15.1,0,25.0,15
525,2.9278,12.1,0,50.0,13
526,3.0022,15.0,0,39.9,14
527,3.4149,13.8,0,46.8,11
528,3.1782,14.6,0,38.9,14
529,2.7958,12.9,0,40.2,12
530,2.84,11.3,0,45.3,11
531,2.7152,14.8,0,42.2,15
532,3.1349,15.7,0,27.9,15
533,2.6231,12.4,0,35.5,11
534,1.972,10.6,1,28.2,14
535,2.9019,12.3,0,40.6,11
536,2.9656,14.6,1,25.1,15
537,2.1615,12.0,0,33.7,9
538,3.0477,13.3,0,32.7,9
539,2.2921,14.0,0,35.8,13
540,2.6122,14.0,1,45.4,13
541,3.0957,14.1,0,28.3,15
542,3.0686,12.7,1,49.7,12
543,3.1349,15.3,1,36.2,10
544,2.5055,12.5,1,36.8,13
545,3.5197,14.2,1,31.8,13
546,2.9691,13.6,0,32.3,9
547,2.5325,14.5,0,36.3,14
548,2.9438,14.1,0,34.0,16
549,2.9306,13.7,0,49.7,10
550,2.6557,14.5,1,24.5,12
551,3.0678,13.0,0,43.0,13
552,2.6629,15.1,0,33.8,12
553,2.3348,12.6,0,24.5,15
554,2.4045,13.1,0,23.8,7
555,2.8658,15.0,0,37.7,14
556,2.9406,15.7,0,33.7,12
557,2.3032,13.0,0,30.3,9
558,3.1869,14.7,1,39.6,12
559,2.8739,15.4,0,22.0,12
560,2.7877,15.0,0,28.1,16
561,2.6102,13.8,0,40.4,10
562,3.1876,12.1,0,48.5,6
563,3.1849,13.8,0,48.6,14
564,2.418,12.4,1,47.1,12
565,2.3024,12.6,0,30.6,10
566,2.76,11.7,0,40.3,10
567,2.9732,12.1,0,32.8,10
568,2.9668,13.2,0,44.5,10
569,2.3588,13.4,0,29.1,11
570,2.3923,11.2,1,25.7,10
571,2.866,15.1,0,22.0,14
572,2.908,15.7,0,27.8,13
573,2.2724,11.4,0,24.0,11
574,1.9254,12.6,0,30.1,13
575,2.6353,11.4,0,32.1,15
576,3.0524,15.5,0,30.5,19
577,2.9188,12.4,0,39.9,10
578,2.7479,15.3,1,26.8,14
579,2.2115,12.9,0,23.9,12
580,2.9934,13.8,1,24.4,16
581,2.7427,13.4,0,44.3,11
582,2.2847,13.9,0,26.0,15
583,3.0473,12.7,0,44.1,11
584,2.7339,15.1,0,34.2,8
585,2.4636,11.5,1,28.2,12
586,3.2253,15.8,0,27.5,7
587,2.9762,16.1,0,41.1,16
588,3.3418,13.8,1,39.9,10
589,3.0791,13.5,0,33.0,10
590,3.036,13.5,0,41.4,19
591,2.7573,13.6,0,29.9,13
592,2.8305,16.3,0,27.7,16
593,2.71,13.9,0,36.3,14
594,2.8804,13.0,0,39.9,13
595,2.4049,12.8,0,33.4,12
596,2.1717,12.4,1,37.3,15
597,2.8636,14.7,0,29.1,15
598,2.8871,15.8,0,22.0,12
599,2.6954,14.2,0,43.7,12
600,2.1621,12.2,1,22.0,14
601,2.7593,15.4,0,34.4,12
602,3.0009,14.1,0,42.9,11
603,2.6128,14.1,0,30.1,10
604,3.2456,13.4,0,41.1,14
605,2.3133,11.5,0,43.4,10
606,2.7149,12.8,0,52.0,11
607,3.1695,14.0,0,28.1,12
608,2.8777,15.6,0,47.1,15
609,2.4694,12.7,1,33.1,10
610,2.5619,13.5,0,27.3,15
611,3.0482,14.2,0,46.0,12
612,2.9983,11.8,0,22.1,12
613,2.0642,12.2,1,38.1,9
614,2.6415,15.3,0,33.4,13
615,2.5914,14.6,0,29.9,14
616,3.4546,15.7,1,36.6,9
617,2.5719,13.1,0,45.7,8
618,2.3354,12.7,0,28.0,14
619,2.9028,15.6,0,43.7,15
620,2.9246,15.6,0,22.0,14
621,3.8878,17.4,0,49.5,16
622,2.819,13.7,0,33.0,14
623,2.5053,12.2,0,38.7,10
624,2.7853,13.6,1,35.4,11
625,2.5065,11.8,0,38.8,11
626,2.6162,14.6,0,27.6,9
627,2.7934,12.0,0,39.5,16
628,2.675,14.1,0,38.1,12
629,2.5778,14.9,0,29.1,15
630,2.4696,12.1,0,34.7,8
631,2.8642,14.7,0,45.7,17
632,2.6481,13.1,0,22.9,14
633,3.1349,14.4,0,47.5,8
634,2.4813,12.7,0,41.0,14
635,2.7563,15.4,0,41.3,15
636,3.1117,13.8,1,36.1,13
637,2.4872,14.5,0,37.3,13
638,3.5747,14.2,1,46.8,13
639,2.9703,13.0,0,43.9,12
640,2.6421,15.4,0,27.3,17
641,2.8534,13.6,0,28.2,13
642,2.3501,12.1,0,33.1,9
643,3.4456,16.0,0,30.2,13
644,2.7778,12.1,1,38.7,15
645,2.6676,12.1,0,28.5,11
646,2.8551,11.5,0,33.0,9
647,2.4202,11.5,0,29.4,14
648,2.8139,13.6,0,36.7,9
649,2.5566,13.8,0,22.0,11
650,2.7915,13.0,0,23.6,17
651,3.4044,14.2,0,50.8,10
652,3.1373,14.8,1,31.3,11
653,2.2059,12.4,0,25.1,11
654,2.4349,11.6,0,26.6,13
655,3.1578,14.3,0,43.8,12
656,2.8821,14.5,0,44.1,18
657,3.0085,13.9,1,34.2,13
658,2.6696,13.0,0,43.7,11
659,2.5134,12.6,0,33.5,15
660,3.0607,14.2,0,37.2,8
661,2.6895,12.9,0,40.3,13
662,3.5731,13.7,0,42.5,12
663,2.7736,13.8,0,45.5,12
664,2.2426,11.7,0,23.9,14
665,2.9125,13.2,0,43.8,15
666,3.0331,14.0,1,33.6,16
667,2.4358,12.5,0,36.8,11
668,2.6701,13.1,0,34.2,20
669,2.8657,13.4,1,28.5,13
670,3.5415,15.7,0,38.4,11
671,2.6712,15.0,1,41.0,13
672,3.2217,14.4,0,26.6,13
673,3.5199,15.1,1,43.2,12
674,2.8838,12.3,0,47.0,15
675,2.7666,11.6,1,31.4,10
676,2.8075,13.1,1,24.0,13
677,2.8752,12.9,1,39.3,13
678,3.0103,15.6,0,34.7,11
679,2.7504,11.0,0,33.4,16
680,2.746,15.1,0,30.1,13
681,3.1138,13.9,0,47.3,14
682,2.5458,14.8,1,24.5,16
683,2.8494,13.4,0,37.8,13
684,2.3312,14.1,0,28.4,12
685,2.3381,13.0,0,26.5,7
686,2.9385,12.7,1,22.0,15
687,3.0947,14.7,0,37.6,13
688,2.7826,14.7,1,49.9,16
689,2.2165,11.4,0,28.9,11
690,3.6657,15.0,0,49.4,13
691,2.1626,10.0,0,29.1,10
692,2.3266,12.7,0,22.0,11
693,3.2479,15.3,0,40.6,16
694,2.2646,11.8,1,24.4,14
695,2.3125,12.9,1,25.0,11
696,3.2715,13.9,0,44.7,11
697,2.5526,12.0,0,27.6,10
698,2.6542,13.7,0,29.8,15
699,3.2959,15.2,0,38.1,10
700,2.8824,13.6,0,38.9,11
701,2.7276,13.7,0,44.6,17
702,2.1332,11.9,0,34.3,15
703,2.8218,15.5,0,34.5,14
704,2.0419,14.4,0,24.7,11
705,3.7904,15.5,1,32.6,20
706,2.5764,13.7,0,41.2,13
707,3.2722,13.6,0,38.0,15
708,2.9657,14.3,0,43.0,14
709,2.7919,14.7,0,33.0,15
710,3.0298,12.3,0,42.1,8
711,2.7413,12.6,0,26.9,11
712,2.8788,12.5,1,50.5,10
713,3.0029,11.6,0,40.1,13
714,2.8619,16.0,1,35.7,10
715,2.9959,13.4,0,40.9,16
716,3.1825,15.9,0,33.3,17
717,3.1495,15.5,1,30.4,9
718,2.2753,13.2,0,28.6,15
719,2.8817,12.5,0,30.0,8
720,3.1803,13.4,1,41.0,12
721,2.5802,11.6,0,30.4,10
722,3.2403,12.3,1,28.8,11
723,3.3998,14.0,0,22.8,9
724,2.8524,13.7,1,28.2,13
725,2.9157,13.4,0,38.3,8
726,2.5869,11.4,0,41.1,16
727,2.6061,14.8,0,33.8,12
728,3.3183,11.8,0,39.5,11
729,2.7789,13.8,0,34.2,11
730,2.4855,13.0,0,34.3,13
731,2.9072,14.1,0,31.5,13
732,2.9509,11.8,1,50.0,14
733,2.4755,14.7,0,26.4,10
734,2.4812,12.3,1,31.0,11
735,2.5814,12.9,0,22.0,12
736,2.7039,13.7,1,34.2,11
737,2.618,12.4,0,38.0,12
738,2.4724,12.7,1,41.6,10
739,2.4893,13.9,0,39.1,15
740,2.9405,13.7,0,36.7,13
741,2.9598,12.9,0,38.9,13
742,2.4012,13.8,1,31.6,14
743,3.8095,14.7,1,31.6,12
744,2.9173,14.6,1,31.0,15
745,3.1135,13.7,0,41.9,10
746,1.9045,12.3,0,32.4,11
747,3.4481,13.7,0,39.9,11
748,2.1597,12.8,0,25.4,9
749,2.7907,12.8,0,50.3,14
750,2.5607,12.1,1,48.1,13
751,3.0782,15.0,0,27.4,14
752,3.3283,14.0,0,41.5,12
753,2.6719,11.7,0,38.3,12
754,2.9049,15.1,0,35.0,12
755,2.9868,11.6,0,40.6,11
756,3.2546,14.1,1,36.1,14
757,2.6217,15.1,0,35.0,10
758,2.7469,14.0,1,30.5,11
759,3.2178,15.4,0,44.0,10
760,2.5109,12.7,0,41.3,11
761,2.6275,12.7,0,24.7,15
762,2.8869,13.5,1,36.5,14
763,2.8325,14.0,0,47.0,13
764,3.1039,11.2,1,36.7,15
765,2.5706,12.3,0,34.0,10
766,2.1101,12.0,0,22.7,15
767,2.1905,12.0,1,43.3,14
768,3.3477,15.5,0,35.9,10
769,3.0097,13.6,1,34.2,13
770,3.1268,14.3,0,30.1,15
771,3.1376,15.4,0,39.3,6
772,2.3786,10.1,1,31.5,14
773,3.0256,12.2,0,38.4,14
774,2.6761,13.3,0,30.3,14
775,3.1955,14.3,0,34.7,14
776,3.0859,12.9,0,45.9,11
777,2.88,13.5,0,42.8,9
778,2.1592,12.8,0,40.1,10
779,3.2519,15.4,0,43.4,10
780,2.7058,12.5,1,42.0,15
781,2.2941,13.2,1,34.4,11
782,2.5019,15.5,0,25.1,14
783,2.8193,13.3,0,41.6,9
784,2.4583,13.6,1,38.6,13
785,2.8534,13.8,0,34.4,16
786,2.1287,11.7,1,27.7,13
787,2.8494,13.4,0,48.7,11
788,3.3772,12.8,1,40.6,10
789,3.3586,12.9,1,45.1,14
790,2.7667,12.4,0,47.6,14
791,3.265,14.7,0,42.9,18
792,3.3879,14.3,0,56.9,11
793,2.6578,14.2,1,22.0,12
794,2.9764,15.3,1,29.4,15
795,2.6629,14.5,0,22.4,12
796,2.8388,14.8,0,43.0,13
797,2.7809,12.8,1,40.0,11
798,2.8785,13.0,0,32.5,8
799,2.2944,11.5,0,36.6,11
800,2.3951,13.2,0,44.2,15
801,2.6838,12.0,0,29.2,9
802,3.722,13.8,1,45.2,17
803,3.0033,14.3,0,41.1,7
804,2.2499,12.7,0,26.6,9
805,2.2998,12.8,0,47.6,10
806,2.6499,13.8,0,35.4,16
807,2.4609,12.3,1,22.0,15
808,2.7669,13.5,1,40.7,13
809,2.8434,13.0,0,44.2,16
810,2.1658,13.0,0,24.0,13
811,2.8365,14.8,0,28.0,13
812,3.1291,13.6,1,29.5,10
813,2.9038,14.0,0,22.0,11
814,2.6861,12.8,0,27.0,11
815,2.55,14.1,0,51.1,16
816,3.0424,13.1,0,35.3,12
817,3.0473,13.0,0,42.4,13
818,3.339,16.1,0,22.0,14
819,2.6871,14.7,0,36.1,11
820,2.7813,12.3,0,41.8,10
821,2.8146,12.4,0,34.2,13
822,2.4286,13.1,0,28.6,13
823,1.8722,11.6,0,23.2,9
824,2.2741,11.4,0,54.7,17
825,2.7691,15.9,0,22.0,14
826,3.0891,13.8,0,39.5,16
827,2.0466,10.3,1,41.0,13
828,2.4039,12.2,0,38.6,14
829,3.2578,14.9,0,30.2,14
830,2.7413,14.2,0,28.3,9
831,2.5404,13.6,0,53.6,11
832,2.8529,15.6,0,37.2,13
833,3.3839,15.4,0,39.5,10
834,2.7483,15.8,0,24.0,13
835,3.3639,15.4,0,36.1,12
836,3.2221,13.8,1,44.1,13
837,2.6312,12.6,1,46.8,12
838,2.6222,14.7,0,37.1,12
839,3.2145,14.8,1,46.5,10
840,2.6279,12.6,0,34.9,7
841,2.9861,14.1,0,39.2,13
842,2.4033,12.1,1,41.3,13
843,2.9783,16.6,1,26.9,14
844,2.9911,16.0,0,43.5,12
845,2.9852,15.1,0,22.0,12
846,2.6256,15.5,0,32.5,14
847,2.199,13.1,0,28.2,12
848,3.0958,12.3,1,45.1,13
849,2.1202,12.1,0,37.2,11
850,3.4175,14.7,0,44.2,14
851,2.5077,14.9,0,29.7,11
852,2.7461,13.3,0,51.4,14
853,2.358,13.3,0,33.5,16
854,3.0497,13.9,0,31.2,12
855,2.6845,14.3,0,35.0,14
856,2.3232,13.0,0,25.7,9
857,2.192,12.8,0,22.0,13
858,2.4889,14.0,0,36.4,12
859,3.05,14.6,0,22.0,8
860,2.9007,15.2,0,41.8,9
861,2.4326,12.4,1,27.2,13
862,2.3389,14.3,0,48.3,12
863,2.9272,14.3,0,33.0,8
864,2.8579,14.2,0,35.6,16
865,2.5389,13.5,1,40.4,14
866,2.8474,11.7,0,37.3,14
867,2.8702,14.5,0,48.5,10
868,2.427,12.1,0,30.8,13
869,3.154,14.3,0,31.1,10
870,2.8487,14.5,0,36.0,8
871,2.5349,15.2,0,38.6,11
872,2.4152,12.9,0,32.0,15
873,2.3415,12.0,1,30.6,12
874,3.3291,16.3,0,41.6,13
875,2.4423,11.7,1,38.7,13
876,2.5792,13.4,0,31.4,13
877,2.7547,12.2,0,32.5,11
878,3.0768,15.8,0,30.8,12
879,2.5473,12.2,0,43.4,9
880,2.1771,12.6,1,31.0,15
881,2.3849,12.6,0,22.0,9
882,3.4662,16.0,0,32.7,10
883,2.4621,11.9,0,31.4,12
884,3.0187,13.8,0,32.0,9
885,1.9717,11.0,0,48.9,14
886,2.7767,12.9,1,33.5,12
887,2.0601,13.0,1,37.6,15
888,3.0162,12.2,1,30.3,12
889,2.782,13.5,0,48.2,17
890,2.4651,13.3,0,25.1,12
891,2.9608,12.3,1,40.0,9
892,2.4379,10.9,1,36.3,14
893,2.9722,13.4,0,25.7,9
894,2.9929,13.9,0,41.6,14
895,2.5047,11.2,0,29.9,14
896,2.9513,16.3,0,32.2,13
897,2.4018,12.3,0,32.1,9
898,2.4716,14.3,0,31.8,10
899,1.7461,11.9,0,28.7,10
900,2.6234,13.6,0,29.0,13
901,3.2524,15.8,0,30.8,11
902,2.7759,13.0,0,37.3,13
903,3.1292,14.6,0,42.0,13
904,2.0124,12.6,1,22.0,8
905,2.1951,11.6,1,30.0,9
906,2.6073,13.8,0,40.1,12
907,2.6163,14.3,0,45.3,15
908,2.5271,14.2,0,28.4,12
909,2.3553,13.4,0,31.4,12
910,2.4351,10.3,0,42.2,11
911,2.8808,13.8,1,36.8,8
912,3.562,16.3,0,29.1,12
913,3.1729,14.8,0,48.3,12
914,2.1913,11.5,0,40.3,11
915,2.2365,12.4,0,22.0,15
916,3.0491,13.4,0,43.5,12
917,2.9722,13.3,1,35.7,16
918,2.6688,15.1,1,24.4,11
919,2.3515,14.5,0,32.3,13
920,2.4657,12.7,0,29.7,14
921,2.4811,11.9,1,44.6,11
922,2.7306,14.0,1,41.0,13
923,2.7272,14.4,0,31.7,13
924,2.6417,12.8,1,29.3,9
925,2.4755,12.9,1,30.4,11
926,1.976,10.4,1,36.3,10
927,3.0784,13.4,1,38.3,9
928,2.6409,12.3,0,26.7,13
929,3.0496,13.1,0,37.1,11
930,2.8462,12.1,0,29.6,13
931,2.7291,13.1,0,30.9,14
932,2.5391,13.7,0,33.8,6
933,2.7958,11.6,0,39.6,8
934,2.5617,11.7,1,43.5,10
935,2.8683,13.4,0,28.1,13
936,2.7128,14.4,1,30.7,12
937,2.6893,11.7,0,39.5,10
938,2.6254,11.6,1,45.1,12
939,3.1635,14.0,0,52.0,12
940,2.0478,11.6,1,44.7,10
941,2.6684,14.0,0,45.2,16
942,2.7312,14.7,0,29.1,12
943,3.1628,15.2,0,33.3,10
944,2.3309,11.2,0,32.6,10
945,2.5939,14.1,0,27.2,13
946,2.7278,13.3,1,29.4,13
947,2.5488,11.9,1,51.9,13
948,2.1357,11.4,0,31.2,12
949,2.5131,13.2,1,24.4,12
950,2.7836,14.7,0,30.9,12
951,3.3923,15.3,0,38.2,13
952,1.8945,11.5,1,25.8,7
953,3.7096,14.5,0,36.0,12
954,2.7666,14.9,0,25.9,13
955,3.0374,14.4,0,39.6,12
956,2.4772,13.6,0,33.2,12
957,1.7576,11.9,1,26.1,10
958,2.3537,12.9,1,39.8,15
959,2.6603,12.3,0,43.0,12
960,2.6748,14.9,0,40.7,17
961,3.1959,14.1,1,22.2,13
962,2.6971,13.5,0,29.6,15
963,2.8862,13.3,0,35.8,9
964,2.8989,12.9,0,29.7,13
965,2.5524,15.8,1,27.7,15
966,2.2398,13.3,0,24.6,8
967,2.7496,12.0,0,44.7,12
968,2.8307,13.0,1,23.4,11
969,3.2382,14.2,0,38.6,16
970,3.0649,14.6,0,41.5,11
971,3.1552,14.8,0,42.2,12
972,2.6978,14.2,0,29.0,13
973,2.471,11.6,0,22.0,13
974,2.7615,15.0,0,28.7,15
975,3.175,14.5,0,41.8,15
976,2.816,13.1,0,28.7,8
977,2.3526,13.1,0,26.1,11
978,2.8452,13.2,0,46.0,12
979,3.3102,14.0,0,42.8,11
980,3.0444,12.1,0,55.9,11
981,1.8105,12.4,0,29.3,14
982,2.4276,14.1,1,23.5,15
983,3.0299,12.5,0,31.5,10
984,3.4395,16.3,1,45.8,15
985,3.136,13.6,0,44.2,12
986,2.2619,12.0,0,29.0,11
987,2.6725,14.2,0,22.0,11
988,2.6902,14.1,0,28.4,13
989,3.047,15.8,1,47.4,15
990,2.7895,12.1,0,31.7,11
991,2.655,13.5,0,32.4,16
992,2.775,13.3,0,22.0,12
993,3.2034,14.0,0,29.4,11
994,2.6974,11.7,0,41.2,11
995,3.9414,15.7,0,36.3,14
996,2.6436,13.1,0,33.5,14
997,3.0507,12.6,0,43.8,16
998,2.3968,14.9,0,32.2,13
999,2.4388,10.5,1,34.9,13
1000,2.4567,14.0,0,31.5,14
1001,3.508,13.3,0,42.3,8
1002,3.0488,13.6,0,35.9,13
1003,2.6658,11.8,1,44.2,14
1004,2.9622,13.8,0,32.1,14
1005,2.5714,14.1,0,30.6,12
1006,2.7877,11.3,0,36.5,10
1007,2.4464,12.3,0,31.0,11
1008,2.7798,13.1,1,34.1,15
1009,1.5564,9.6,1,35.3,11
1010,2.1308,13.6,0,29.5,13
1011,3.1405,13.5,0,32.7,13
1012,2.9628,13.1,1,40.0,15
1013,3.3246,17.4,0,42.5,11
1014,2.74,14.1,1,41.7,14
1015,2.1705,12.7,0,42.9,11
1016,3.3842,15.0,0,32.3,12
1017,2.6605,13.9,0,28.6,13
1018,2.7306,15.4,0,22.0,15
1019,2.9273,15.7,0,33.4,13
1020,2.6767,13.0,0,29.7,16
1021,2.9637,16.1,0,37.7,13
1022,2.5781,12.5,1,32.6,8
1023,2.5745,11.1,0,60.0,8
1024,2.6623,11.1,0,47.6,9
1025,3.4156,13.7,0,35.5,13
1026,2.9142,15.2,0,36.9,13
1027,2.8601,11.9,0,40.6,14
1028,2.1462,14.2,0,24.3,14
1029,3.0227,15.8,0,35.9,12
1030,2.4558,13.6,0,29.8,10
1031,2.6177,12.3,1,31.6,8
1032,2.7716,13.0,0,30.4,13
1033,2.6735,16.0,0,22.0,15
1034,2.7582,13.6,0,30.6,15
1035,3.1414,13.7,0,40.2,11
1036,2.6034,15.8,0,31.5,13
1037,2.3001,10.4,1,31.2,15
1038,2.4694,14.5,0,25.7,11
1039,3.3477,16.2,0,29.9,15
1040,2.3352,12.2,0,41.3,13
1041,1.9598,14.3,0,32.7,10
1042,2.4543,13.0,0,40.0,15
1043,2.5413,15.4,1,33.1,14
1044,2.6498,13.5,0,38.0,15
1045,3.2491,15.7,1,45.6,10
1046,2.4108,13.3,0,36.2,18
1047,2.777,13.4,0,23.3,13
1048,3.4452,14.2,1,41.9,13
1049,2.5261,11.6,0,38.8,15
1050,3.4202,14.4,0,32.7,10
1051,1.9819,14.0,0,35.0,12
1052,2.9435,13.9,0,38.4,13
1053,3.2684,13.3,0,27.5,11
1054,2.5556,13.7,0,41.2,10
1055,2.4352,13.5,1,30.0,18
1056,2.8815,14.8,0,23.5,12
1057,2.3342,13.2,0,24.1,15
1058,3.0918,12.8,1,39.4,10
1059,2.9166,12.7,0,46.9,11
1060,2.5589,11.9,0,32.9,11
1061,2.7778,12.4,1,22.0,13
1062,2.5724,11.5,1,32.1,12
1063,2.567,13.3,1,34.6,15
1064,3.2712,15.4,0,26.8,11
1065,2.3368,13.4,0,35.5,14
1066,2.8533,15.5,0,40.7,9
1067,2.5174,13.4,1,40.6,11
1068,2.8281,15.0,0,32.4,14
1069,1.6861,12.0,1,32.7,7
1070,2.8225,15.3,0,34.0,11
1071,3.2078,13.1,0,47.8,13
1072,2.3298,15.1,0,32.2,14
1073,2.95,14.2,0,48.9,10
1074,3.0249,14.0,0,43.8,12
1075,2.7159,14.5,0,36.2,7
1076,2.8804,14.3,1,30.3,15
1077,2.4496,14.0,0,27.4,16
1078,2.2267,12.1,0,32.0,12
1079,2.3361,13.0,1,32.0,15
1080,2.4834,15.9,0,22.0,12
1081,2.5572,12.8,0,29.5,12
1082,2.8731,12.4,0,56.3,12
1083,2.4736,15.6,1,22.0,13
1084,3.3591,14.9,0,42.2,10
1085,2.2612,13.5,0,35.2,14
1086,2.5152,12.6,1,40.8,13
1087,3.3649,14.2,0,46.4,15
1088,3.3144,15.2,1,37.9,14
1089,2.3808,15.2,0,38.1,12
1090,2.8987,13.0,0,28.4,8
1091,2.3186,11.1,1,22.0,8
1092,2.8217,15.7,0,28.2,13
1093,1.9348,10.6,1,48.9,14
1094,3.2696,13.7,0,41.6,18
1095,3.0701,10.9,1,39.3,16
1096,2.7924,12.9,0,38.4,10
1097,2.3345,12.3,0,41.9,14
1098,3.3601,13.6,0,42.4,14
1099,2.1849,12.5,1,44.5,14
1100,2.4992,13.0,0,31.1,10
1101,2.7363,13.2,0,46.0,8
1102,2.6512,13.2,0,45.5,12
1103,2.7336,12.7,0,33.6,12
1104,2.7389,13.6,0,28.9,13
1105,3.1541,14.6,0,45.0,11
1106,2.9998,12.5,1,36.8,14
1107,2.4547,12.3,0,46.8,14
1108,2.6618,14.3,0,40.8,11
1109,2.4154,12.3,1,34.7,13
1110,2.9734,15.0,0,42.3,12
1111,2.639,13.6,0,39.7,13
1112,2.4681,13.3,0,27.6,10
1113,3.2075,14.8,0,31.5,12
1114,2.9016,14.9,0,46.5,14
1115,2.9803,13.8,0,42.8,9
1116,2.0026,14.1,0,25.7,12
1117,3.1355,14.1,0,40.2,11
1118,2.4956,13.3,1,34.2,12
1119,2.8777,12.5,1,22.0,6
1120,3.4478,15.5,0,38.6,12
1121,2.8121,14.2,0,22.0,7
1122,3.0147,14.4,0,22.0,11
1123,3.6061,15.0,1,45.6,14
1124,3.0286,15.2,0,47.6,10
1125,2.499,10.9,0,39.9,13
1126,3.1427,15.1,0,47.3,15
1127,2.4847,11.9,0,43.7,15
1128,2.9238,15.2,1,42.8,17
1129,3.2792,15.6,0,49.9,14
1130,2.9752,13.2,0,31.1,12
1131,2.2146,14.1,0,37.3,13
1132,1.6996,12.7,0,27.5,13
1133,3.401,14.8,0,34.0,15
1134,2.4831,13.0,0,31.8,8
1135,2.8348,12.3,0,31.9,16
1136,2.8011,12.1,0,40.6,11
1137,2.7542,14.1,0,37.1,16
1138,2.6998,15.4,0,32.4,7
1139,2.6686,16.2,1,46.8,13
1140,3.2662,15.8,0,41.8,15
1141,2.3693,14.0,0,32.5,12
1142,2.6997,13.2,0,44.6,11
1143,3.0379,15.0,0,27.1,14
1144,2.6391,14.2,0,49.7,11
1145,2.8135,11.6,1,43.1,10
1146,2.5646,12.8,0,24.8,12
1147,3.7022,14.5,1,46.5,15
1148,2.3513,12.8,0,39.7,12
1149,2.4248,11.9,1,41.8,12
1150,2.3561,12.9,0,34.6,9
1151,3.1894,14.5,1,27.7,14
1152,3.353,13.8,0,33.6,10
1153,2.2897,15.6,1,33.5,15
1154,2.6541,13.7,0,32.5,14
1155,3.0012,12.9,0,42.0,11
1156,2.7398,14.7,0,33.0,17
1157,3.0052,14.1,0,38.0,11
1158,3.395,15.4,0,43.9,13
1159,2.4312,13.5,1,30.1,15
1160,2.9737,15.6,0,22.0,16
1161,2.6671,14.6,0,22.0,13
1162,2.5877,14.5,0,31.4,16
1163,2.5787,14.0,0,22.0,8
1164,2.7704,13.5,0,38.0,10
1165,2.4868,13.6,1,29.5,12
1166,2.8851,14.3,0,38.6,12
1167,2.655,11.0,1,31.0,7
1168,2.4424,13.9,0,41.3,10
1169,2.8215,15.6,0,34.4,15
1170,3.0682,15.4,0,26.1,12
1171,2.8892,15.9,0,50.5,11
1172,3.2369,14.8,0,37.5,12
1173,2.5668,13.6,0,22.0,15
1174,2.7962,13.0,0,40.9,12
1175,2.6591,13.0,0,40.8,13
1176,2.1009,11.8,0,43.2,10
1177,3.1086,17.2,0,28.8,16
1178,2.8641,12.0,0,30.7,8
1179,2.5793,10.0,1,42.2,15
1180,2.6374,13.3,0,33.7,12
1181,3.256,15.0,0,34.4,12
1182,2.6895,14.1,1,41.1,11
1183,3.306,14.4,1,45.7,14
1184,2.8317,13.4,0,33.8,15
1185,2.4414,14.0,0,31.2,14
1186,2.7898,14.0,0,28.7,10
1187,2.8495,13.4,0,40.6,11
1188,2.9234,12.4,0,48.6,10
1189,2.7794,11.2,0,34.6,16
1190,2.8716,12.2,0,35.9,15
1191,3.3138,13.0,0,41.6,11
1192,2.456,11.8,0,34.6,12
1193,3.2046,16.4,0,22.0,13
1194,3.4826,15.1,0,35.2,19
1195,2.55,12.6,1,22.0,13
1196,3.1068,14.1,0,32.6,10
1197,2.2722,11.3,0,41.3,13
1198,2.2829,13.2,1,27.5,10
1199,2.6906,12.4,0,33.4,11
1200,2.4717,11.6,1,39.3,13
1201,2.3877,14.7,0,22.0,14
1202,2.6132,11.6,1,37.3,11
1203,2.6879,12.2,0,27.8,9
1204,3.5313,13.5,0,40.5,10
1205,2.5236,12.8,0,34.4,14
1206,2.6141,15.7,0,52.6,12
1207,2.3145,14.2,0,36.8,14
1208,2.9473,14.1,0,30.2,15
1209,2.8765,14.3,0,35.8,13
1210,2.5844,9.7,0,45.7,7
1211,1.9327,13.6,0,24.2,11
1212,2.5683,13.5,1,26.0,11
1213,2.9085,14.6,0,26.0,13
1214,2.6314,10.6,1,46.3,11
1215,2.8106,13.1,1,42.8,15
1216,2.328,13.1,1,38.1,14
1217,2.5179,14.5,0,28.0,15
1218,2.4835,13.1,1,28.4,10
1219,2.7848,12.4,0,34.5,12
1220,2.5349,13.0,0,26.2,11
1221,3.0031,14.3,0,47.5,9
1222,2.5686,12.6,0,35.2,13
1223,2.7758,12.8,1,36.5,10
1224,3.1814,14.9,0,25.9,14
1225,3.3345,13.2,0,24.3,10
1226,3.0825,12.4,1,39.5,13
1227,2.7878,15.3,0,23.5,10
1228,2.7866,14.5,0,27.4,8
1229,2.6235,14.4,0,22.0,15
1230,2.5923,12.1,1,35.5,11
1231,2.5673,16.0,0,40.6,15
1232,2.4929,13.0,0,30.4,10
1233,2.7983,13.8,1,22.0,16
1234,2.5176,14.6,0,44.0,10
1235,2.7384,12.4,0,42.6,10
1236,2.0139,12.9,0,38.2,17
1237,3.3512,15.1,1,38.2,16
1238,3.5996,16.8,0,32.5,12
1239,2.3386,16.1,0,22.4,14
1240,2.6383,14.6,0,34.5,12
1241,3.3011,15.3,1,37.3,14
1242,2.0185,12.7,1,29.3,8
1243,2.6243,12.7,1,43.0,17
1244,2.7307,12.3,0,39.0,10
1245,2.3043,12.4,0,42.7,13
1246,2.836,14.9,1,34.7,17
1247,2.8351,13.5,1,28.7,12
1248,2.6983,14.5,0,31.8,8
1249,2.5471,13.9,1,39.5,8
1250,2.8598,13.8,0,32.7,12
1251,2.7134,11.4,1,49.4,14
1252,3.0915,13.2,0,30.0,9
1253,2.9677,14.4,1,32.8,13
1254,2.918,12.9,0,30.6,14
1255,2.6799,13.7,0,46.4,14
1256,2.3855,11.6,1,32.6,10
1257,2.2681,13.0,0,22.0,16
1258,2.6457,11.7,0,49.4,12
1259,2.8154,13.6,0,35.7,15
1260,2.6044,12.0,0,47.9,12
1261,2.5039,16.2,0,28.1,11
1262,2.7323,11.7,1,22.5,15
1263,2.9061,13.2,0,27.8,15
1264,2.3781,12.4,1,31.9,10
1265,2.8285,11.9,0,36.0,9
1266,2.3132,13.9,0,22.0,13
1267,2.9828,13.1,1,43.4,13
1268,2.1215,12.5,0,22.0,11
1269,3.2975,15.6,0,32.9,9
1270,3.0403,13.4,0,40.0,10
1271,3.2824,13.8,0,53.7,11
1272,3.3375,15.5,0,55.3,14
1273,2.4407,14.3,0,36.4,13
1274,2.6487,12.7,1,34.5,13
1275,2.7234,13.3,0,22.7,10
1276,2.8662,12.9,0,30.5,10
1277,2.6497,12.7,0,41.7,9
1278,2.416,12.2,0,36.9,11
1279,3.2663,15.2,0,36.7,17
1280,2.8895,13.9,0,39.9,11
1281,3.1742,12.6,0,44.1,16
1282,3.0268,14.2,1,31.3,13
1283,2.8283,15.1,0,33.7,10
1284,2.3092,13.6,0,40.9,13
1285,2.5566,12.2,0,35.9,6
1286,3.5306,16.4,0,39.0,17
1287,2.4502,15.6,0,42.5,11
1288,2.1594,11.7,0,22.2,12
1289,2.7335,15.0,0,43.0,17
1290,2.9877,14.7,1,37.1,15
1291,3.0773,15.1,0,31.3,15
1292,2.7777,13.9,0,40.4,13
1293,2.7654,15.1,0,40.7,13
1294,2.8353,12.0,1,38.7,13
1295,2.2415,12.1,1,50.2,13
1296,2.1816,10.5,0,41.2,9
1297,2.1621,13.6,0,33.9,11
1298,2.8219,13.6,1,22.0,16
1299,2.8278,11.6,0,46.2,13
1300,3.0618,14.6,0,49.6,11
1301,2.4397,12.3,0,36.2,16
1302,2.341,11.5,1,25.2,11
1303,3.4429,13.2,1,42.7,12
1304,2.7714,13.0,0,29.3,10
1305,2.8248,13.1,0,28.4,14
1306,2.4743,12.2,0,43.0,13
1307,3.3514,14.4,0,35.9,15
1308,2.891,12.2,0,43.8,10
1309,2.5113,14.0,1,32.5,11
1310,2.1786,11.1,1,40.9,16
1311,2.5102,13.5,0,42.7,8
1312,3.2951,15.4,0,23.9,12
1313,2.7191,12.1,1,39.8,11
1314,3.204,13.2,1,32.7,16
1315,2.8305,13.8,0,33.3,14
1316,1.7048,13.5,1,31.6,13
1317,2.7145,13.5,1,42.1,11
1318,2.3237,13.3,1,35.6,13
1319,2.208,14.8,0,28.9,10
1320,2.1994,12.4,0,29.9,16
1321,2.7699,12.1,0,25.6,9
1322,2.7115,13.8,0,28.9,14
1323,2.4681,12.6,0,28.6,13
1324,2.5803,14.6,0,32.3,12
1325,2.8914,14.8,0,32.1,13
1326,3.1785,14.0,0,35.4,9
1327,2.7903,12.9,0,35.9,14
1328,3.135,14.7,1,45.1,12
1329,2.9116,14.9,0,47.8,11
1330,2.2712,12.0,0,44.1,12
1331,2.9561,15.5,0,35.1,14
1332,2.0601,12.5,1,42.0,10
1333,2.9805,12.5,0,38.4,13
1334,2.8959,13.0,0,36.5,15
1335,3.6339,17.2,0,22.0,14
1336,2.601,11.8,0,46.0,17
1337,2.7148,13.6,1,44.4,14
1338,2.262,13.3,0,35.7,16
1339,2.9403,13.8,0,33.0,11
1340,2.5068,12.1,1,42.9,14
1341,2.2661,13.5,1,24.9,15
1342,2.0553,11.8,0,36.6,16
1343,3.0772,13.8,1,48.5,12
1344,2.0285,11.3,1,33.0,11
1345,3.1323,15.1,1,50.5,16
1346,2.7419,13.4,0,34.0,11
1347,2.8417,14.5,0,33.7,15
1348,2.6394,14.2,0,35.4,11
1349,2.3019,11.0,0,22.0,15
1350,2.8774,13.1,0,22.0,10
1351,2.4644,11.2,0,24.6,8
1352,3.0739,13.6,0,48.2,12
1353,2.411,12.6,0,52.3,14
1354,2.9553,14.7,0,29.2,14
1355,2.3825,14.0,0,32.7,13
1356,3.5632,15.5,1,25.3,15
1357,2.5377,13.7,0,32.2,16
1358,2.1828,12.7,0,48.5,10
1359,2.3402,13.4,0,35.6,12
1360,2.5195,14.3,0,22.0,11
1361,2.6416,12.8,0,31.8,13
1362,2.7401,12.0,0,35.3,11
1363,3.1818,13.8,0,48.7,13
1364,2.9915,14.6,0,26.4,13
1365,3.0608,15.3,0,42.4,11
1366,2.9557,16.0,0,35.7,12
1367,2.1868,12.7,0,23.5,12
1368,3.257,16.6,0,38.4,11
1369,2.9293,12.8,1,22.0,8
1370,3.4118,16.0,0,32.5,15
1371,3.0655,15.4,0,30.2,16
1372,2.1092,11.8,0,23.7,13
1373,2.6094,11.8,1,29.0,13
1374,2.889,15.4,0,43.9,11
1375,2.922,12.6,1,44.6,12
1376,2.3142,12.2,0,33.6,11
1377,2.6092,15.0,0,30.9,11
1378,2.5207,13.3,0,30.8,19
1379,2.731,15.6,0,34.0,11
1380,3.2465,14.1,0,33.7,11
1381,2.3222,12.9,0,36.5,15
1382,2.7774,12.4,0,37.3,11
1383,2.5025,13.6,0,34.5,15
1384,2.5016,13.3,0,22.0,13
1385,2.7373,13.5,0,45.2,13
1386,2.7305,12.5,1,40.2,12
1387,2.746,13.6,0,39.7,12
1388,2.2551,12.2,0,31.1,9
1389,2.3436,13.1,0,33.6,12
1390,2.7211,12.5,0,27.1,11
1391,2.702,13.8,0,31.2,14
1392,2.2999,13.2,1,35.1,10
1393,2.9178,14.2,0,44.9,11
1394,2.796,13.0,1,36.5,13
1395,2.6216,13.0,0,46.7,9
1396,3.1792,13.3,1,27.9,11
1397,2.5998,15.3,0,22.0,13
1398,3.1769,15.4,0,28.0,13
1399,2.6894,12.2,0,34.9,13
1400,2.2697,12.3,1,32.7,10
1401,2.1289,11.9,0,48.7,14
1402,3.3466,14.9,0,32.3,11
1403,2.9732,13.9,0,35.6,14
1404,2.3797,13.9,1,29.3,13
1405,2.4232,12.1,0,41.6,12
1406,2.7963,11.6,0,28.8,11
1407,3.1891,13.9,0,33.1,14
1408,2.5293,10.9,1,32.2,12
1409,2.7773,14.7,0,26.6,13
1410,2.9278,14.4,1,36.8,15
1411,2.6882,14.4,0,24.0,12
1412,2.6313,11.3,0,40.0,11
1413,2.5445,11.7,0,43.5,11
1414,2.3254,11.8,1,48.9,12
1415,3.6494,15.3,0,42.8,12
1416,2.8789,14.4,1,33.0,15
1417,3.4607,14.0,1,46.1,11
1418,1.9982,12.3,1,22.0,12
1419,2.7229,14.2,1,40.8,11
1420,2.7821,11.7,1,22.0,10
1421,2.0234,11.9,0,40.8,13
1422,2.0481,11.8,0,35.1,9
1423,2.864,14.2,0,38.0,11
1424,2.5998,12.8,1,26.7,12
1425,2.6133,13.1,0,48.5,13
1426,2.6364,12.8,0,33.8,12
1427,2.6002,14.0,0,32.7,12
1428,2.7054,14.5,0,36.3,15
1429,2.6296,14.4,0,25.3,12
1430,3.0845,14.3,0,39.8,11
1431,2.4768,12.6,0,33.2,15
1432,1.7534,10.7,0,24.0,13
1433,2.9631,14.4,0,40.2,15
1434,3.2868,14.7,0,40.9,16
1435,3.2766,16.2,0,32.6,18
1436,2.7649,14.4,1,36.0,8
1437,2.9004,13.7,0,41.5,12
1438,3.0222,14.1,0,26.5,13
1439,3.0291,14.1,0,28.4,9
1440,3.5253,15.6,1,50.9,11
1441,2.4778,15.6,0,32.4,14
1442,2.3247,13.6,1,22.0,14
1443,2.573,13.6,0,31.5,10
1444,2.6717,12.4,0,36.3,13
1445,1.9606,15.4,0,22.0,9
1446,2.7307,15.1,1,33.9,12
1447,2.3484,11.4,0,43.2,10
1448,2.3486,12.0,0,27.2,13
1449,2.4641,14.1,0,30.3,12
1450,2.0685,12.0,0,28.3,11
1451,2.6323,14.4,0,27.5,14
1452,2.6926,13.2,1,37.1,14
1453,3.2926,14.8,0,42.0,9
1454,2.2326,12.9,0,37.8,14
1455,2.9142,13.1,0,38.2,14
1456,2.3195,13.9,0,23.2,10
1457,2.8413,12.4,0,42.4,17
1458,2.6841,14.7,0,27.5,15
1459,2.9482,14.6,0,36.5,17
1460,3.2632,16.6,0,22.7,19
1461,2.5298,13.0,0,30.2,7
1462,2.4602,14.7,0,22.0,13
1463,3.163,13.5,0,45.0,9
1464,3.0148,12.9,0,30.0,10
1465,2.5549,13.0,0,32.7,12
1466,3.1888,15.8,0,42.7,11
1467,2.2676,10.5,1,32.3,13
1468,2.7091,14.3,1,31.3,10
1469,2.958,15.4,0,27.7,9
1470,2.2386,11.3,1,28.1,9
1471,2.8205,14.1,1,36.0,16
1472,2.9057,12.5,1,25.8,10
1473,2.0237,14.2,0,29.8,16
1474,2.3381,10.1,0,47.2,13
1475,2.6576,14.1,0,40.1,10
1476,2.7953,14.2,0,46.1,11
1477,2.2502,13.0,1,33.4,13
1478,2.3992,14.1,1,22.0,11
1479,2.6408,16.6,0,34.2,13
1480,3.0395,14.2,1,28.5,12
1481,3.0454,14.8,0,31.4,14
1482,3.3802,18.4,0,35.8,15
1483,3.4719,13.5,0,30.1,13
1484,2.7158,14.0,1,37.4,10
1485,1.9873,10.7,0,45.0,10
1486,2.7916,13.2,0,30.3,6
1487,2.7151,13.8,0,49.9,10
1488,3.4799,12.6,0,35.2,13
1489,2.6394,12.3,0,35.9,10
1490,2.5467,12.5,0,38.4,13
1491,2.9697,15.7,0,28.6,13
1492,2.8404,13.6,1,30.4,11
1493,2.8228,14.9,0,29.0,16
1494,2.4928,11.1,1,37.3,11
1495,2.4552,13.7,0,29.5,12
1496,2.9929,15.3,1,22.0,12
1497,3.1246,14.9,0,28.6,15
1498,2.7922,13.3,0,36.8,14
1499,2.6234,13.7,0,33.9,14
1500,2.2108,11.6,0,22.9,11
1501,2.6918,11.8,0,31.0,10
1502,2.5841,13.2,0,37.8,8
1503,2.5077,11.3,1,42.5,10
1504,2.2209,14.3,0,22.0,18
1505,3.0578,15.1,0,53.2,16
1506,2.8176,13.8,0,45.1,14
1507,2.3814,14.9,0,22.0,13
1508,2.8855,13.6,1,45.6,13
1509,2.9986,13.5,1,36.3,15
1510,2.6992,12.5,1,26.1,13
1511,2.5833,13.3,0,33.1,14
1512,2.22,13.3,0,34.4,11
1513,2.416,11.7,0,40.7,12
1514,2.4572,15.3,0,22.0,13
1515,3.2508,15.6,1,41.9,12
1516,2.3984,13.4,0,22.0,12
1517,3.1388,15.0,0,34.1,14
1518,3.5202,14.4,0,34.3,12
1519,2.4277,12.9,0,40.2,9
1520,3.1905,11.4,0,41.4,8
1521,3.253,16.3,1,27.4,14
1522,2.3122,14.2,0,32.2,14
1523,3.0283,14.2,0,40.9,12
1524,3.1019,15.7,1,35.8,12
1525,3.0561,16.1,0,30.1,9
1526,2.3068,12.8,0,28.0,14
1527,2.6666,12.6,0,36.5,15
1528,2.6297,13.6,0,39.3,13
1529,2.5727,13.2,1,33.4,12
1530,2.4137,14.5,1,30.6,9
1531,2.6295,13.7,0,38.7,15
1532,3.2189,13.4,0,46.6,10
1533,2.4426,11.5,0,32.2,8
1534,2.8891,13.5,0,42.2,15
1535,3.2003,14.5,0,40.1,10
1536,2.8871,14.2,0,38.0,15
1537,2.5121,13.5,0,35.4,12
1538,2.924,13.4,0,33.0,14
1539,3.2339,15.3,0,41.4,16
1540,2.8112,14.7,0,31.8,14
1541,3.1125,15.0,0,31.8,14
1542,2.748,12.2,0,27.0,8
1543,2.7428,13.4,0,34.1,11
1544,3.6534,15.7,0,36.5,11
1545,2.6049,15.2,0,39.2,8
1546,2.6776,13.4,1,33.0,11
1547,2.8353,15.1,0,43.3,15
1548,3.236,12.4,0,49.7,12
1549,2.7568,15.2,0,26.2,15
1550,3.4158,15.8,0,49.4,16
1551,2.8185,12.7,0,28.3,13
1552,2.9059,15.0,1,30.4,10
1553,1.9974,12.4,1,30.3,10
1554,2.7797,14.6,0,28.6,11
1555,2.8202,15.0,0,37.3,15
1556,2.9208,15.3,0,26.9,11
1557,2.7497,13.4,0,34.3,13
1558,2.8571,13.3,0,55.8,14
1559,3.0133,13.7,0,53.2,13
1560,2.3398,12.6,0,33.1,11
1561,1.9424,12.6,0,27.4,10
1562,2.5991,12.7,0,25.8,10
1563,2.9305,13.4,0,36.9,12
1564,2.8045,12.6,0,35.8,14
1565,2.7602,14.7,0,36.5,12
1566,2.6492,14.6,0,40.8,13
1567,3.0233,16.0,0,29.7,9
1568,2.6601,13.3,0,34.6,11
1569,3.0391,13.6,0,34.6,10
1570,2.7463,13.0,1,35.5,10
1571,2.4939,12.8,1,30.3,12
1572,2.752,13.1,0,26.1,12
1573,2.4042,13.5,0,29.9,9
1574,2.3501,13.4,0,45.2,18
1575,3.2363,15.7,0,22.4,13
1576,2.7672,13.8,0,27.9,12
1577,2.8476,12.3,1,43.2,8
1578,2.4879,12.8,1,29.5,17
1579,3.4086,15.0,0,42.1,12
1580,3.2146,14.4,0,41.3,13
1581,2.9048,14.4,0,47.4,15
1582,2.8297,12.4,1,49.1,14
1583,2.3424,14.4,0,25.6,12
1584,2.2589,12.4,0,35.8,10
1585,3.1483,15.7,0,39.4,17
1586,2.4965,13.4,1,27.1,14
1587,3.0109,13.3,0,40.2,15
1588,3.2545,13.7,1,46.0,13
1589,3.1048,16.4,0,39.8,14
1590,2.5449,12.8,0,27.3,12
1591,2.521,13.8,0,44.3,10
1592,2.524,13.5,0,29.6,14
1593,2.4537,13.7,0,24.2,17
1594,3.1549,13.6,0,36.6,10
1595,2.6673,13.2,0,22.0,9
1596,2.5289,15.1,0,30.9,12
1597,2.9408,14.7,0,34.8,11
1598,2.2096,12.5,1,26.0,7
1599,2.4651,12.0,1,31.8,12
1600,2.2597,9.9,0,28.8,9
1601,2.1878,14.4,0,22.0,7
1602,3.1471,12.4,0,44.5,15
1603,2.9824,14.2,0,34.1,14
1604,2.8302,13.8,0,40.3,8
1605,3.2663,14.3,0,43.7,14
1606,2.8226,14.9,0,37.1,14
1607,2.8933,13.4,0,45.4,13
1608,2.749,13.1,1,44.1,17
1609,3.0176,15.4,1,38.4,14
1610,2.9275,12.9,1,38.1,12
1611,3.3386,15.5,0,45.6,10
1612,3.1823,13.7,0,45.5,13
1613,3.012,13.7,0,32.8,15
1614,2.8009,11.8,0,30.9,11
1615,2.3143,14.8,0,39.9,15
1616,2.5695,13.1,1,25.1,10
1617,2.425,14.2,1,43.4,15
1618,2.9283,11.6,0,38.8,13
1619,3.0856,14.1,0,31.8,11
1620,3.1686,15.6,0,26.8,15
1621,2.3284,13.6,1,36.1,18
1622,3.1871,15.2,0,22.5,11
1623,2.6529,13.5,0,31.3,8
1624,2.9666,12.4,1,41.1,14
1625,2.9373,12.0,0,44.5,11
1626,2.626,14.6,1,28.4,8
1627,3.3289,12.3,0,41.0,14
1628,2.7689,12.1,0,23.2,13
1629,2.803,14.6,1,38.1,10
1630,2.6029,14.5,1,41.3,20
1631,3.1488,14.0,0,23.6,15
1632,2.6307,14.6,0,55.3,17
1633,2.9361,14.9,0,40.4,10
1634,2.6427,13.6,0,33.0,12
1635,2.6198,14.7,0,36.8,13
1636,3.1201,11.6,1,45.0,12
1637,3.29,13.1,1,38.8,18
1638,3.0953,13.8,0,35.8,11
1639,2.2101,11.8,1,34.1,12
1640,2.4266,13.4,0,29.3,15
1641,2.1263,12.6,1,36.5,11
1642,2.6066,13.6,0,44.8,12
1643,3.4799,15.5,0,43.3,6
1644,2.7161,12.7,0,37.4,14
1645,2.4226,12.7,0,27.5,11
1646,3.1034,17.3,0,40.7,16
1647,2.7072,13.0,1,31.5,17
1648,2.8271,12.4,0,36.2,12
1649,3.0678,14.5,0,33.2,14
1650,3.2164,14.7,0,22.0,9
1651,2.9958,15.9,0,22.0,16
1652,2.9487,13.8,1,49.1,9
1653,3.246,14.1,0,47.1,10
1654,2.735,13.3,0,35.0,12
1655,2.1963,12.1,0,30.3,14
1656,2.8897,14.1,0,32.8,14
1657,3.3937,14.3,1,48.3,11
1658,2.9657,12.5,0,26.6,14
1659,2.6905,12.6,0,38.0,10
1660,3.1462,14.2,1,37.8,10
1661,2.8348,13.0,1,49.2,11
1662,2.036,11.3,0,22.0,8
1663,3.1306,14.0,0,45.1,13
1664,3.1152,15.0,1,36.4,12
1665,2.8503,14.8,0,43.3,16
1666,3.1185,15.2,0,36.7,11
1667,2.2931,12.9,0,34.5,10
1668,3.2762,13.9,0,22.0,13
1669,2.5676,13.4,0,32.0,10
1670,2.7252,12.3,0,45.5,9
1671,2.7528,13.3,1,46.7,8
1672,3.5314,15.1,0,36.7,14
1673,2.4883,11.1,0,50.9,15
1674,2.8678,14.8,0,39.1,7
1675,2.3315,13.0,0,39.8,14
1676,2.2898,11.3,0,26.5,11
1677,2.9266,14.0,0,34.9,7
1678,3.0434,13.6,0,22.0,17
1679,2.4078,13.1,0,36.5,8
1680,2.4041,10.6,0,35.3,9
1681,2.261,13.6,0,29.1,15
1682,3.3124,13.1,1,39.4,12
1683,3.1135,14.5,0,36.3,14
1684,2.9211,15.2,1,38.2,14
1685,3.41,15.3,0,45.7,14
1686,2.8514,13.5,1,40.5,13
1687,2.5399,10.7,0,31.1,13
1688,2.2622,14.3,1,35.1,15
1689,2.4348,12.1,1,41.4,16
1690,2.674,12.6,0,25.5,14
1691,2.3608,13.0,1,25.3,13
1692,2.5284,12.5,1,25.9,6
1693,3.1029,16.8,0,42.4,16
1694,2.7517,13.2,0,34.7,10
1695,2.8832,12.8,1,37.3,13
1696,3.0467,14.5,0,49.6,14
1697,2.9961,15.0,0,36.9,13
1698,2.1731,12.9,0,32.6,9
1699,2.9154,15.2,0,38.1,13
1700,2.7606,11.1,0,45.9,13
1701,3.1561,15.8,0,45.3,15
1702,3.3415,16.9,0,41.5,12
1703,3.1343,10.4,0,30.8,12
1704,2.5426,11.7,0,27.1,15
1705,2.2621,12.2,0,27.5,14
1706,3.6975,14.5,0,53.5,13
1707,3.0024,11.3,0,48.4,8
1708,2.3487,12.5,0,22.0,11
1709,2.6142,14.7,0,22.0,16
1710,2.0922,12.5,0,25.3,10
1711,3.1189,12.6,0,39.5,12
1712,2.3982,13.6,0,24.6,14
1713,3.0783,16.4,0,22.0,10
1714,2.4601,14.4,0,42.7,14
1715,2.9325,13.4,1,30.1,15
1716,2.969,12.6,1,30.4,12
1717,2.6275,13.2,1,31.9,12
1718,2.9101,13.2,0,24.1,15
1719,3.1261,14.2,0,24.8,18
1720,2.4999,12.1,0,46.4,14
1721,2.8463,11.6,0,41.9,10
1722,2.4834,13.2,0,33.2,10
1723,2.4287,14.0,1,33.7,14
1724,2.7474,15.3,1,24.4,15
1725,2.7215,11.7,0,35.0,17
1726,2.4816,12.3,0,25.4,10
1727,2.2736,12.7,0,30.2,12
1728,3.2705,12.5,0,28.4,13
1729,3.0228,13.5,0,39.3,14
1730,3.1571,14.4,1,39.0,11
1731,2.9507,13.5,0,27.7,12
1732,2.9252,12.5,1,36.0,10
1733,2.1525,10.8,0,39.5,9
1734,2.5237,11.5,1,35.2,15
1735,3.006,15.7,0,32.1,13
1736,2.7367,13.5,1,33.5,15
1737,2.2777,8.7,1,30.6,18
1738,2.9308,14.9,0,22.0,9
1739,2.539,14.5,1,26.7,10
1740,2.8171,11.5,0,40.7,17
1741,2.4522,12.7,0,38.1,14
1742,2.2428,11.7,1,39.9,11
1743,2.8091,13.9,0,42.5,8
1744,2.5041,11.6,0,37.1,9
1745,2.3756,14.0,1,36.2,13
1746,2.2637,12.8,0,33.3,13
1747,2.2129,10.8,1,50.1,13
1748,2.7453,12.2,0,42.8,13
1749,3.0579,13.8,0,33.2,10
1750,3.3116,16.4,0,35.9,12
1751,2.9371,13.2,1,43.6,13
1752,2.7335,14.1,0,35.7,13
1753,3.1991,15.2,0,38.0,16
1754,2.4623,13.3,0,31.1,11
1755,3.1381,13.5,0,36.4,12
1756,3.0569,13.1,1,28.8,15
1757,2.8136,15.0,0,30.7,12
1758,3.4066,16.5,0,39.7,14
1759,2.585,11.0,0,24.0,11
1760,2.3768,14.4,0,25.6,10
1761,2.6631,13.1,0,37.4,14
1762,3.0786,15.5,0,47.5,13
1763,2.5806,14.1,1,29.7,15
1764,3.061,12.3,0,34.8,14
1765,2.8344,15.0,0,31.3,13
1766,2.3757,15.0,0,33.9,15
1767,2.1923,13.7,0,34.0,11
1768,3.2773,12.7,0,45.9,10
1769,3.3891,14.7,0,51.8,14
1770,2.9169,14.4,0,31.7,13
1771,2.6151,13.2,1,29.6,16
1772,2.5651,12.1,0,45.9,15
1773,2.6006,12.9,0,30.1,18
1774,2.5015,12.6,0,42.0,11
1775,2.6721,15.5,0,31.0,13
1776,3.3961,14.4,0,30.2,13
1777,3.2993,14.2,0,45.1,10
1778,2.0045,12.4,0,34.3,11
1779,2.7455,12.0,1,29.9,8
1780,3.0129,13.1,1,42.5,10
1781,2.9258,12.8,0,25.3,13
1782,2.6995,13.3,0,46.6,10
1783,2.7519,13.9,0,40.2,14
1784,2.996,15.6,0,32.7,12
1785,3.019,12.3,0,44.9,14
1786,2.4888,13.8,0,23.9,11
1787,1.8214,9.8,0,39.4,11
1788,2.8314,13.8,0,32.9,14
1789,3.2462,15.1,0,43.2,12
1790,2.7953,14.9,0,24.3,16
1791,3.31,13.3,0,46.2,7
1792,2.6533,14.4,0,32.1,15
1793,3.7282,15.4,0,41.6,7
1794,2.5028,14.2,0,35.2,13
1795,2.9537,13.1,0,37.7,12
1796,2.9962,13.4,0,24.8,9
1797,2.9688,13.8,0,31.1,13
1798,3.12,15.4,0,39.0,14
1799,2.3456,12.2,0,22.9,7
1800,2.7824,13.8,0,22.0,14
1801,2.9166,12.6,0,43.8,10
1802,2.9094,13.3,1,44.1,12
1803,2.7056,12.4,1,40.6,11
1804,2.803,13.2,0,36.8,11
1805,3.1074,13.4,0,34.2,8
1806,2.2777,12.6,0,29.7,11
1807,2.1888,12.2,1,26.2,10
1808,3.3124,14.6,0,51.7,16
1809,2.8151,14.2,1,36.3,12
1810,2.2143,14.4,1,34.4,12
1811,2.9919,13.9,1,55.2,15
1812,2.517,13.1,0,32.2,14
1813,2.9063,13.5,0,34.9,9
1814,2.7534,12.9,0,42.1,9
1815,2.5427,12.5,1,44.6,12
1816,2.6088,12.8,0,32.7,13
1817,2.3935,14.1,0,31.7,12
1818,2.375,14.1,0,23.9,17
1819,3.4518,16.3,0,40.2,14
1820,2.8786,14.5,0,46.5,14
1821,1.6964,11.5,0,24.6,6
1822,2.5021,15.0,1,24.1,17
1823,3.2852,16.0,0,39.1,15
1824,3.1536,14.9,0,34.7,14
1825,2.9063,13.1,0,34.1,13
1826,2.1748,12.3,0,37.9,14
1827,2.7518,12.7,0,31.6,14
1828,2.9915,15.9,0,26.2,14
1829,2.2747,11.9,0,36.0,10
1830,2.9475,13.1,0,38.3,15
1831,2.4229,12.9,0,33.7,12
1832,2.9764,15.8,1,30.2,20
1833,2.5541,12.8,0,33.7,16
1834,2.9564,14.6,0,47.7,9
1835,2.3875,14.4,0,25.3,14
1836,2.3949,13.0,0,30.4,16
1837,2.467,12.7,1,32.3,14
1838,2.6587,13.3,0,43.9,15
1839,2.8869,16.7,0,31.0,10
1840,3.1543,12.4,0,40.4,12
1841,2.7609,12.5,0,46.8,14
1842,2.5637,12.1,0,30.2,13
1843,2.8716,13.0,0,35.2,11
1844,1.9105,10.4,1,32.7,14
1845,2.5851,13.6,0,23.8,13
1846,3.3249,15.1,1,45.4,12
1847,2.8852,14.0,0,24.7,11
1848,2.6396,17.1,0,39.8,15
1849,2.9968,14.4,0,32.7,14
1850,2.8678,14.9,0,42.6,13
1851,2.9583,12.8,0,23.7,12
1852,2.3575,12.2,1,34.0,11
1853,3.0489,14.8,0,38.9,14
1854,3.5111,15.8,0,41.2,13
1855,2.5735,13.1,0,50.0,13
1856,3.3299,13.4,1,49.8,13
1857,2.3719,14.2,0,39.4,14
1858,2.9753,11.8,0,37.9,6
1859,3.0735,12.1,1,33.7,15
1860,2.6762,12.8,0,37.4,14
1861,2.843,13.6,0,39.5,12
1862,3.545,14.5,0,38.1,17
1863,2.7733,12.6,0,43.1,11
1864,3.5681,14.6,1,42.3,11
1865,2.2458,12.1,0,22.0,11
1866,2.0996,11.4,1,29.9,10
1867,3.419,16.4,0,36.8,15
1868,2.5562,16.1,1,30.8,16
1869,2.5864,12.6,0,57.8,12
1870,2.825,15.1,0,30.8,12
1871,2.9188,13.7,1,35.7,9
1872,2.8556,13.8,1,47.7,12
1873,2.9119,14.4,0,39.7,16
1874,2.5106,14.4,0,40.7,9
1875,2.9904,14.9,1,42.9,13
1876,3.0734,12.6,0,39.9,7
1877,2.2313,12.0,1,43.9,10
1878,2.1461,11.6,0,42.4,12
1879,3.8152,14.6,0,42.7,12
1880,3.2486,13.3,1,39.4,13
1881,2.6878,13.5,0,29.6,16
1882,3.101,15.4,1,40.7,9
1883,3.1271,14.9,0,43.8,17
1884,3.1114,14.0,0,28.8,12
1885,2.7979,14.2,0,30.6,12
1886,2.8595,12.4,1,40.9,10
1887,2.9307,16.1,0,29.4,13
1888,2.7542,14.7,0,35.7,14
1889,2.9416,14.4,0,37.7,12
1890,2.4549,13.8,0,31.0,9
1891,3.4225,13.2,1,39.4,10
1892,2.7442,13.5,0,46.9,9
1893,3.0456,13.4,0,46.3,10
1894,2.4024,11.4,0,22.0,14
1895,3.2065,14.2,1,40.0,12
1896,2.7035,13.9,0,32.1,13
1897,2.6514,13.0,0,43.2,11
1898,2.6192,13.4,0,46.6,14
1899,2.9904,14.3,1,30.8,13
1900,2.8659,14.2,0,32.3,13
1901,3.4764,15.5,1,30.9,13
1902,3.1848,14.6,0,38.4,13
1903,2.8745,14.8,0,40.6,11
1904,2.6998,12.4,0,42.9,11
1905,2.8978,16.0,0,31.1,10
1906,2.7486,14.0,0,29.3,11
1907,2.891,15.1,0,35.1,15
1908,2.4597,10.3,0,28.6,8
1909,2.3467,11.8,1,36.1,10
1910,2.8565,15.4,0,30.9,12
1911,2.6232,13.0,0,30.1,13
1912,2.6045,15.2,1,45.5,15
1913,2.3472,10.5,0,39.7,9
1914,3.1779,16.5,0,28.4,13
1915,3.2696,14.9,0,26.7,14
1916,2.6806,13.1,0,24.4,14
1917,2.3366,12.9,1,28.4,13
1918,2.8184,13.4,1,39.4,11
1919,2.3349,13.4,0,34.2,14
1920,2.5317,12.2,1,29.5,15
1921,3.254,13.4,0,36.5,11
1922,3.0605,14.6,0,49.3,11
1923,2.5459,10.2,1,41.5,15
1924,2.9635,12.0,0,34.2,9
1925,3.0104,15.4,1,36.1,14
1926,3.1264,13.5,0,47.5,15
1927,2.8558,12.1,0,45.7,12
1928,2.5067,15.5,0,24.4,13
1929,2.5474,13.0,1,30.6,12
1930,2.5088,12.5,1,42.7,9
1931,3.2886,16.1,0,47.0,13
1932,2.9024,14.4,0,40.4,13
1933,3.274,15.8,1,40.7,12
1934,2.8505,15.4,0,41.0,9
1935,2.3674,14.7,0,30.7,10
1936,3.3082,14.9,0,44.6,15
1937,3.1603,15.1,0,41.7,17
1938,2.6046,12.9,1,25.0,15
1939,3.126,14.0,0,32.2,11
1940,2.9699,14.0,0,45.0,16
1941,3.1456,12.1,0,42.9,13
1942,2.2073,11.9,0,49.5,12
1943,2.6688,15.1,0,29.2,12
1944,2.7612,14.8,0,39.8,17
1945,2.6007,12.8,0,32.7,11
1946,2.8856,12.6,0,33.6,13
1947,2.7138,11.8,0,22.0,11
1948,2.5528,14.0,0,22.0,11
1949,2.9433,13.0,0,39.8,8
1950,2.4125,13.8,0,25.6,12
1951,2.4053,11.7,0,35.6,12
1952,2.671,13.1,0,38.0,13
1953,2.506,12.1,1,45.5,12
1954,2.6102,12.0,0,37.0,11
1955,2.4735,13.9,0,28.4,12
1956,3.055,13.9,0,45.7,18
1957,3.2514,14.0,1,38.2,14
1958,2.7844,12.8,0,37.8,10
1959,3.3737,14.3,0,40.5,9
1960,2.433,12.3,0,39.9,14
1961,2.8949,15.3,0,44.9,16
1962,2.3873,12.6,0,36.0,12
1963,2.6766,12.5,0,57.1,10
1964,3.5071,14.8,1,42.0,12
1965,2.9044,15.6,0,38.9,13
1966,2.5841,12.7,0,32.1,11
1967,2.6035,12.9,0,30.4,17
1968,2.0924,13.3,0,35.6,15
1969,2.4214,12.6,1,29.4,8
1970,2.9287,14.1,0,30.9,14
1971,3.0581,11.7,1,31.4,19
1972,3.2041,14.1,0,37.5,12
1973,3.365,16.4,0,35.9,14
1974,3.0277,12.9,0,36.7,11
1975,2.4014,13.3,0,30.4,13
1976,2.4508,10.1,1,24.1,11
1977,2.873,15.1,0,47.1,12
1978,2.5833,11.8,0,35.4,13
1979,3.158,13.7,0,35.0,11
1980,2.6698,14.3,0,28.9,9
1981,2.2946,9.9,1,37.7,11
1982,2.0867,14.1,0,30.0,15
1983,3.1373,13.2,0,39.0,14
1984,3.235,14.5,0,35.0,15
1985,3.0148,13.9,0,39.9,13
1986,2.9173,14.2,0,35.9,10
1987,2.2091,14.1,0,22.0,13
1988,2.5267,11.6,0,33.7,11
1989,2.0251,11.4,0,31.0,12
1990,2.7888,14.5,0,42.0,16
1991,3.1826,14.9,0,34.6,9
1992,3.0519,13.3,0,22.0,11
1993,2.499,14.3,0,33.5,13
1994,3.2315,15.2,1,53.4,10
1995,2.857,15.0,0,40.6,17
1996,2.9764,14.9,0,29.4,13
1997,2.8089,13.6,0,23.1,13
1998,3.2373,14.2,0,32.3,7
1999,2.345,14.1,1,25.6,14
2000,3.3802,12.0,0,45.6,15
2001,2.559,15.7,0,26.8,14
2002,3.0182,12.8,0,46.0,13
2003,2.7311,11.1,1,48.4,15
2004,3.1468,14.3,0,43.6,14
2005,3.338,15.4,0,34.5,18
2006,2.8149,12.8,0,43.0,16
2007,3.2372,14.8,0,50.2,13
2008,2.3729,13.0,0,27.4,13
2009,2.6804,12.6,0,29.1,12
2010,3.2683,15.1,1,38.5,15
2011,2.6759,13.9,0,46.9,12
2012,3.0183,12.6,0,37.0,12
2013,3.4422,13.6,0,45.8,11
2014,2.51,14.3,0,34.8,18
2015,2.5585,11.9,1,38.0,11
2016,2.2206,14.8,0,27.1,13
2017,3.3562,13.5,0,38.4,11
2018,2.3308,11.2,1,32.1,8
2019,2.6132,12.4,0,32.2,9
2020,3.4411,15.3,1,48.7,14
2021,2.9818,14.3,0,22.0,12
2022,2.7872,13.1,0,35.2,7
2023,2.0677,13.6,0,30.9,14
2024,3.3641,15.8,0,35.3,10
2025,2.6123,13.0,1,24.5,12
2026,2.7793,13.3,1,35.9,17
2027,3.1215,11.9,0,36.8,7
2028,2.617,13.2,1,29.2,10
2029,2.7377,12.9,0,29.6,13
2030,2.8082,13.1,0,38.6,12
2031,2.8724,12.8,0,33.0,11
2032,2.9796,12.0,1,40.3,17
2033,2.9144,13.2,0,48.1,11
2034,2.1467,11.5,0,42.7,13
2035,3.0736,14.9,0,35.6,15
2036,3.7806,14.1,0,39.0,13
2037,3.3501,15.9,0,32.4,16
2038,3.2634,14.3,0,35.7,11
2039,3.9264,15.5,0,46.9,13
2040,3.1346,16.4,0,31.9,15
2041,2.6895,12.2,0,46.4,15
2042,2.6299,11.8,0,44.0,7
2043,2.2745,12.8,0,38.8,13
2044,3.3685,16.6,0,38.7,18
2045,2.801,13.5,0,35.5,15
2046,3.3544,13.9,0,40.2,9
2047,2.9346,14.0,0,28.0,15
2048,3.1439,15.4,0,52.3,13
2049,2.329,12.4,1,39.9,14
2050,2.7735,13.4,0,26.2,11
2051,3.0733,15.7,0,37.9,14
2052,3.4625,15.3,1,44.1,10
2053,2.3882,15.0,0,31.7,16
2054,2.6185,11.8,1,38.4,10
2055,2.0418,12.1,1,33.9,13
2056,2.745,12.8,0,46.1,12
2057,2.5107,11.8,0,44.9,13
2058,3.0045,11.2,0,47.6,15
2059,3.2404,12.1,1,39.9,17
2060,3.4487,16.2,0,28.3,14
2061,1.8749,11.4,0,29.5,11
2062,2.7021,13.8,0,42.5,16
2063,3.0057,14.4,0,51.7,12
2064,2.401,12.8,1,22.0,11
2065,2.8147,14.6,0,33.6,11
2066,2.6599,15.3,0,36.8,13
2067,3.1665,13.2,0,42.7,14
2068,2.4887,15.0,0,31.7,11
2069,2.8094,13.2,0,40.6,13
2070,2.5061,11.8,1,22.0,12
2071,2.1843,14.0,0,24.4,11
2072,2.5564,12.6,1,26.1,15
2073,2.8515,13.8,0,35.0,11
2074,2.6181,14.2,1,28.2,15
2075,2.6793,14.6,0,32.8,12
2076,2.7586,13.0,0,43.7,12
2077,2.6996,13.3,0,39.0,12
2078,2.7025,14.0,0,42.3,14
2079,3.456,15.5,0,48.1,16
2080,2.4971,13.2,0,39.2,14
2081,2.8126,14.3,0,29.1,15
2082,2.6437,14.2,0,37.5,16
2083,2.8297,12.5,0,22.0,16
2084,3.4054,14.3,1,29.9,12
2085,2.6053,13.2,0,28.7,14
2086,2.9921,12.8,0,33.0,14
2087,2.9616,14.3,0,22.5,9
2088,1.9787,11.9,0,30.0,14
2089,2.3806,13.8,1,27.5,15
2090,2.3017,13.6,0,42.4,11
2091,3.1604,15.2,1,33.0,10
2092,2.5101,13.9,1,33.1,13
2093,2.1118,13.8,0,22.0,11
2094,2.216,11.6,0,32.8,9
2095,2.5694,12.2,0,34.4,12
2096,2.6792,12.1,0,49.4,11
2097,3.0395,14.1,0,43.2,12
2098,2.5619,11.4,1,41.1,12
2099,2.8079,12.9,0,34.1,6
2100,2.2664,11.8,1,26.2,12
2101,1.8112,11.3,0,36.0,12
2102,3.0102,13.4,0,47.6,15
2103,3.0482,13.1,1,56.3,17
2104,2.8206,14.5,0,29.2,16
2105,2.5519,13.3,0,32.5,13
2106,2.1711,11.6,1,34.1,12
2107,2.5173,15.4,1,37.9,12
2108,2.8208,13.9,1,40.8,13
2109,2.4674,12.8,1,36.1,11
2110,2.8168,13.8,0,43.8,10
2111,2.7744,12.5,1,31.1,11
2112,2.3794,13.7,0,38.3,13
2113,2.9126,12.8,1,31.1,15
2114,2.0363,11.7,1,37.9,13
2115,2.797,14.0,0,40.3,10
2116,2.9006,11.7,1,46.5,10
2117,2.2887,13.5,0,29.2,13
2118,3.2266,11.7,0,41.3,10
2119,2.4192,12.6,0,35.4,11
2120,2.6137,13.4,0,47.1,11
2121,2.4957,13.1,0,33.0,12
2122,2.1894,12.1,1,24.2,10
2123,3.1472,13.7,0,46.8,13
2124,2.5435,14.4,0,31.1,13
2125,3.5814,15.4,1,39.3,14
2126,2.7263,13.1,0,42.7,17
2127,3.0953,12.5,1,22.0,9
2128,2.5785,12.9,0,41.5,9
2129,2.2377,13.1,0,33.9,14
2130,3.1467,15.6,1,28.9,18
2131,2.7769,14.7,0,33.1,13
2132,3.543,16.7,0,27.8,15
2133,3.171,13.8,0,38.5,12
2134,3.0717,13.5,1,50.8,13
2135,2.8613,11.7,1,39.4,11
2136,2.9253,11.5,1,38.3,8
2137,2.8338,13.3,1,30.5,13
2138,3.1953,13.3,1,47.4,12
2139,2.6296,11.9,0,34.1,12
2140,2.2334,12.6,0,22.0,13
2141,2.263,12.1,0,26.2,12
2142,2.6494,12.9,0,29.0,15
2143,2.7093,12.4,0,35.2,11
2144,2.6442,14.1,0,32.3,14
2145,2.8748,12.1,0,44.3,15
2146,2.719,13.6,0,31.4,12
2147,2.8393,12.6,0,33.1,13
2148,2.636,14.2,0,44.1,9
2149,3.356,13.4,0,31.1,11
2150,2.886,12.7,0,26.7,12
2151,2.2993,12.4,0,38.0,17
2152,3.1805,13.2,0,39.0,11
2153,2.9441,13.6,1,41.6,12
2154,2.2776,13.4,0,37.2,10
2155,3.0891,13.8,0,41.0,16
2156,3.2044,13.1,1,30.8,13
2157,3.1569,13.5,1,43.7,19
2158,2.6225,13.4,1,25.2,13
2159,2.3327,11.1,0,41.0,10
2160,2.8969,12.8,0,41.2,8
2161,2.3966,12.9,0,37.4,11
2162,2.393,13.6,1,26.6,12
2163,3.2216,13.9,0,30.6,7
2164,2.4666,13.5,0,32.9,13
2165,3.2745,14.6,0,39.6,16
2166,2.735,14.2,0,33.5,14
2167,2.7908,14.3,0,40.1,10
2168,3.1609,16.0,0,43.0,14
2169,3.3201,15.3,0,49.7,11
2170,2.408,11.2,0,23.8,13
2171,2.932,14.0,0,47.3,13
2172,2.8925,14.5,0,36.1,14
2173,2.6927,15.3,0,32.4,10
2174,2.2794,13.0,0,28.5,11
2175,3.3234,11.6,1,42.9,8
2176,2.5229,12.0,1,38.6,14
2177,2.4382,14.8,0,32.2,12
2178,2.7106,13.3,0,42.6,6
2179,1.9775,9.3,1,37.0,13
2180,2.4319,12.4,0,38.1,15
2181,3.0701,13.4,0,41.9,17
2182,2.9651,14.4,1,37.4,13
2183,2.2567,11.5,1,34.8,15
2184,2.8905,13.4,0,36.9,11
2185,2.5186,13.3,1,36.9,15
2186,2.1988,12.5,0,39.5,14
2187,2.9512,14.9,0,38.3,11
2188,2.4324,12.1,0,35.0,8
2189,2.9269,13.4,1,39.3,14
2190,2.487,13.9,0,35.8,11
2191,2.5187,13.6,0,45.5,13
2192,2.9019,15.0,0,33.3,12
2193,2.6462,14.2,0,39.0,12
2194,2.942,14.1,0,32.8,9
2195,2.7587,12.5,0,41.1,11
2196,2.7692,14.7,1,47.4,15
2197,2.6538,13.4,0,29.5,11
2198,2.8473,11.7,0,43.1,10
2199,3.1252,12.7,0,39.6,18
2200,2.2937,12.5,0,27.8,13
2201,2.7959,13.4,0,32.4,10
2202,2.745,14.5,0,22.0,16
2203,1.9557,11.7,0,28.2,12
2204,3.2796,14.2,1,39.6,13
2205,2.8933,13.3,0,40.4,17
2206,2.4613,14.1,1,33.8,15
2207,3.2062,14.7,1,51.7,14
2208,2.8036,13.8,1,38.3,15
2209,3.0694,15.6,0,22.0,12
2210,2.7783,12.9,0,39.1,11
2211,2.9561,14.0,1,25.8,13
2212,2.586,13.0,0,30.0,11
2213,2.7543,14.9,0,46.0,14
2214,2.3114,12.8,1,29.9,17
2215,2.3778,11.8,0,25.3,11
2216,3.1381,13.3,0,22.0,12
2217,3.4057,15.5,1,42.7,19
2218,2.7935,12.7,1,27.5,15
2219,2.6823,14.9,0,23.4,17
2220,2.4542,12.1,0,31.8,12
2221,3.1222,13.3,0,41.7,19
2222,2.2417,11.8,0,42.6,12
2223,2.8825,16.0,0,37.7,13
2224,2.9185,14.9,0,25.6,11
2225,2.4554,14.8,0,38.6,10
2226,2.7806,14.6,0,31.1,10
2227,3.1456,15.9,0,40.8,10
2228,2.6903,12.2,1,25.5,12
2229,2.7533,15.9,1,28.1,16
2230,3.0478,15.3,0,43.8,8
2231,3.0083,12.3,0,41.2,14
2232,3.5994,14.7,0,33.2,11
2233,2.2902,11.0,1,39.2,15
2234,2.682,12.2,0,27.5,13
2235,2.9445,12.9,0,37.9,14
2236,3.2665,14.0,0,44.8,15
2237,2.8111,12.3,0,45.1,9
2238,2.1575,12.3,0,30.3,10
2239,1.8313,11.0,0,22.0,11
2240,2.377,12.8,0,43.9,14
2241,2.9635,13.1,0,43.9,11
2242,2.7837,13.0,1,35.9,13
2243,3.0581,12.5,0,37.6,10
2244,3.2617,14.8,0,42.3,11
2245,2.8464,13.2,0,29.5,12
2246,2.6587,12.8,0,43.7,13
2247,2.7515,14.3,0,26.4,12
2248,3.0695,12.9,0,32.1,10
2249,2.4712,12.4,0,36.3,11
2250,2.717,10.6,0,52.5,11
2251,2.4589,14.0,0,38.7,11
2252,3.0642,14.2,0,28.7,9
2253,2.7412,13.9,0,43.5,14
2254,2.89,16.4,0,43.6,11
2255,3.1015,14.5,0,29.5,12
2256,3.174,13.0,0,38.4,10
2257,2.4876,11.9,0,35.3,10
2258,2.4579,12.7,1,31.8,14
2259,2.9031,14.0,0,35.7,15
2260,2.3411,13.3,0,25.9,15
2261,2.9892,14.3,1,28.8,12
2262,3.353,13.9,0,47.0,9
2263,3.0072,15.4,0,27.6,13
2264,2.8296,16.7,0,36.9,14
2265,2.9942,12.5,0,43.3,10
2266,2.5527,12.4,0,28.8,11
2267,2.1116,12.1,0,37.1,8
2268,2.6724,13.5,0,41.6,13
2269,2.9585,15.6,0,34.9,15
2270,2.8579,13.4,0,36.4,14
2271,2.9539,14.1,0,42.5,13
2272,2.8351,13.8,0,40.6,15
2273,3.2067,15.5,0,27.3,14
2274,2.7855,11.9,0,35.1,12
2275,2.6413,13.5,0,23.4,14
2276,2.8931,13.8,0,46.3,13
2277,2.7635,13.4,1,39.8,10
2278,2.6543,13.1,0,44.3,13
2279,3.2903,13.1,0,38.2,14
2280,2.9104,12.7,1,40.8,10
2281,2.5538,12.4,1,49.1,13
2282,2.1819,13.3,1,35.3,10
2283,2.8534,12.0,0,46.2,10
2284,2.6668,13.5,1,32.3,14
2285,3.2844,13.8,0,53.3,14
2286,2.6775,12.6,0,33.1,14
2287,3.0728,14.7,0,40.2,10
2288,3.0793,13.3,0,31.9,14
2289,2.9586,13.4,0,47.7,12
2290,3.2354,14.5,1,50.0,10
2291,2.5837,12.2,1,31.9,14
2292,2.1968,11.9,1,23.2,10
2293,2.8079,13.4,1,31.5,12
2294,2.4336,13.4,0,31.2,15
2295,3.086,13.7,0,32.3,12
2296,2.7582,14.3,1,34.6,15
2297,3.2445,13.1,0,40.4,7
2298,2.2942,12.6,0,32.6,16
2299,2.3361,11.9,0,34.8,10
2300,3.114,14.7,0,44.1,13
2301,2.9028,13.2,0,40.9,9
2302,2.9216,13.4,0,35.5,10
2303,3.5476,15.7,0,46.7,13
2304,3.0885,13.4,0,25.5,12
2305,2.3285,13.7,1,31.1,10
2306,2.3892,10.9,1,22.0,11
2307,3.1017,14.8,0,35.6,12
2308,3.2435,13.2,0,31.8,13
2309,2.7425,13.7,1,22.0,13
2310,2.5545,13.8,0,47.5,14
2311,2.2961,13.9,0,42.4,13
2312,2.2739,12.2,1,33.8,12
2313,2.7812,13.4,0,34.9,10
2314,2.5744,12.2,1,47.8,10
2315,2.3553,11.4,0,29.4,12
2316,3.4044,15.5,1,31.7,13
2317,2.6095,14.1,0,32.8,18
2318,2.9948,15.0,0,32.2,15
2319,2.9124,13.9,0,29.4,9
2320,2.609,13.3,1,26.5,13
2321,2.8319,12.4,0,32.4,11
2322,2.7783,14.4,0,36.0,12
2323,2.3717,14.3,0,24.6,8
2324,3.195,14.0,0,35.7,16
2325,2.8345,12.8,0,24.2,15
2326,2.35,11.8,0,43.0,17
2327,3.3358,13.3,0,27.5,10
2328,2.8233,14.7,1,38.6,14
2329,2.9168,13.4,0,36.8,12
2330,3.1232,13.7,1,42.2,17
2331,2.5918,14.0,0,22.0,12
2332,2.7088,13.9,1,37.1,15
2333,2.5909,12.8,0,42.1,11
2334,3.2923,15.0,0,41.3,13
2335,2.6814,14.3,0,53.2,14
2336,3.2234,13.9,1,39.9,14
2337,4.0114,14.6,0,43.9,12
2338,2.2895,12.6,0,32.6,13
2339,2.6736,14.0,0,26.7,17
2340,2.4665,15.1,1,22.0,13
2341,2.6592,13.4,0,37.5,12
2342,2.497,12.8,0,39.4,13
2343,1.8669,12.7,0,26.7,10
2344,3.0336,13.5,0,38.0,13
2345,2.7885,14.2,0,38.3,13
2346,3.0495,15.1,0,39.9,16
2347,3.4374,15.4,0,38.5,15
2348,3.0456,16.5,0,36.6,14
2349,2.411,11.7,0,34.8,11
2350,2.7942,14.2,0,38.2,12
2351,2.732,14.6,0,34.1,10
2352,2.6362,13.6,0,33.2,13
2353,2.9592,13.8,0,45.1,12
2354,2.5557,13.6,0,22.0,12
2355,2.9107,12.9,0,40.3,13
2356,2.9808,12.5,0,34.6,6
2357,2.6768,13.2,0,36.3,13
2358,2.4486,11.5,0,22.0,12
2359,3.2822,15.4,0,45.0,13
2360,3.1331,14.9,0,35.1,14
2361,2.4428,14.1,0,29.2,13
2362,3.0361,16.0,0,41.0,9
2363,2.94,16.1,0,46.7,17
2364,2.5892,14.7,0,26.6,12
2365,3.3886,14.7,0,44.1,15
2366,2.68,13.0,1,28.7,12
2367,3.0892,13.0,0,44.6,15
2368,2.3255,11.5,0,35.6,12
2369,3.1034,13.9,1,31.6,10
2370,2.1232,11.1,1,46.8,9
2371,2.5184,11.8,0,41.6,10
2372,2.7011,13.3,0,36.3,12
2373,2.6776,12.9,0,39.5,10
2374,2.6576,14.7,0,42.5,10
2375,2.8064,13.6,1,40.9,14
2376,2.3927,11.2,0,36.9,6
2377,2.6435,14.0,0,22.0,6
2378,2.8125,13.3,1,44.3,9
2379,2.6222,12.5,0,34.4,15
2380,2.4188,12.2,1,25.2,12
2381,2.3578,12.0,0,35.4,11
2382,2.8138,12.3,1,26.7,13
2383,3.1604,14.3,0,37.8,9
2384,3.2662,15.5,0,37.4,10
2385,2.4348,15.2,0,35.2,13
2386,3.2241,14.2,0,44.4,11
2387,3.1425,14.2,0,46.8,12
2388,2.9868,13.7,0,38.2,15
2389,3.056,13.2,0,42.7,15
2390,2.7702,13.3,0,30.7,10
2391,2.3375,9.1,1,30.6,13
2392,2.6987,13.0,0,41.3,13
2393,3.723,16.4,0,40.4,10
2394,2.7681,11.6,0,46.0,15
2395,2.2866,12.4,1,24.9,15
2396,2.575,12.5,1,36.5,13
2397,2.4219,10.9,0,22.0,11
2398,2.5013,12.3,0,25.3,14
2399,2.5763,14.4,0,31.5,17
2400,2.4267,11.8,0,35.0,7
2401,2.5433,12.6,0,37.8,12
2402,2.6958,13.1,0,48.5,14
2403,2.9507,12.6,0,33.9,15
2404,3.0895,14.6,0,48.8,14
2405,3.1309,13.9,0,42.0,15
2406,2.5601,12.3,0,44.3,15
2407,2.7041,14.1,1,36.5,12
2408,2.6407,12.5,0,30.2,12
2409,2.5773,16.5,0,28.4,15
2410,2.8101,12.8,0,22.0,9
2411,2.4359,13.4,0,36.6,13
2412,3.5116,13.7,0,23.4,18
2413,2.8605,14.7,1,37.3,13
2414,2.4484,10.2,0,39.1,14
2415,2.8734,11.6,0,25.8,9
2416,3.1019,14.4,0,38.3,8
2417,2.4754,13.8,0,30.0,13
2418,3.1743,12.7,0,53.1,10
2419,2.5457,10.0,1,53.6,10
2420,3.0751,15.7,0,22.0,13
2421,2.4425,13.5,0,32.1,12
2422,2.6001,11.8,1,47.5,15
2423,2.5877,14.7,1,25.9,10
2424,2.3582,12.2,0,42.6,8
2425,3.0572,12.4,0,47.1,14
2426,2.3242,13.4,0,36.5,12
2427,3.241,14.8,0,32.9,11
2428,2.7253,14.6,0,38.3,14
2429,3.1169,14.1,0,27.2,10
2430,2.8635,14.4,0,36.8,11
2431,2.473,13.8,0,29.4,14
2432,2.6013,13.5,0,31.2,10
2433,3.2286,14.7,1,54.1,17
2434,2.3381,13.6,0,35.4,10
2435,2.7353,13.6,1,29.4,12
2436,2.4397,14.1,0,36.6,11
2437,3.2175,16.7,0,46.2,15
2438,2.6732,11.1,0,43.8,14
2439,2.6777,12.9,1,49.7,11
2440,2.4972,13.5,0,41.6,14
2441,2.8281,14.3,0,30.6,13
2442,2.3083,12.9,1,33.8,11
2443,3.5228,14.5,0,54.7,13
2444,2.7081,14.1,0,43.3,11
2445,3.0895,14.8,0,34.3,15
2446,2.67,13.0,1,37.7,14
2447,2.7072,11.8,1,41.1,15
2448,3.7745,14.5,1,48.4,6
2449,3.1207,15.1,0,45.3,15
2450,3.1576,12.2,0,45.9,10
2451,2.4132,12.5,0,41.8,11
2452,3.4293,14.1,1,28.4,10
2453,2.869,13.4,0,29.7,10
2454,2.4962,12.4,1,26.8,8
2455,2.3629,12.6,0,25.3,14
2456,2.6563,13.9,0,43.1,13
2457,2.9771,13.6,1,31.7,17
2458,3.0898,15.2,0,34.5,13
2459,2.536,14.8,0,33.4,10
2460,2.6782,13.3,0,32.0,16
2461,2.8872,13.7,1,32.0,12
2462,2.3676,12.0,0,37.5,13
2463,2.7811,13.2,0,43.6,12
2464,2.6957,13.7,0,26.8,13
2465,3.0812,14.0,0,39.0,11
2466,2.0868,13.7,0,33.8,11
2467,2.6937,13.5,1,43.4,11
2468,3.4431,11.8,0,44.4,10
2469,1.8323,12.9,0,23.4,11
2470,3.1097,14.8,0,48.0,14
2471,2.7768,14.3,0,27.1,14
2472,2.7636,13.2,0,33.7,10
2473,2.4242,15.8,1,30.0,10
2474,2.717,13.3,1,50.2,16
2475,2.8202,16.4,0,28.5,9
2476,3.2641,13.2,0,37.0,12
2477,2.6209,12.8,0,30.8,14
2478,2.8591,15.2,0,28.7,11
2479,2.8776,15.6,0,36.9,14
2480,3.0936,14.6,0,29.5,12
2481,2.8681,12.9,1,31.4,18
2482,2.664,13.5,0,31.8,12
2483,2.7884,14.4,1,31.8,10
2484,3.0869,15.2,0,47.9,12
2485,2.7435,13.5,0,29.2,14
2486,2.653,12.2,1,33.3,13
2487,2.0711,11.9,0,22.0,12
2488,2.9645,14.5,1,33.1,11
2489,1.8319,11.0,1,23.5,12
2490,2.6905,14.1,0,29.9,12
2491,2.728,12.1,0,22.0,11
2492,2.652,11.9,0,26.6,12
2493,2.5896,12.8,0,29.6,11
2494,2.8073,14.5,0,47.9,11
2495,2.6144,15.1,0,40.1,10
2496,2.8145,12.4,1,29.0,13
2497,3.0706,14.9,1,40.0,13
2498,2.5334,13.1,0,42.9,11
2499,2.904,13.9,1,36.5,14
2500,2.759,13.6,0,44.1,12
