store_id,year,treated,post,did,city_size,local_unemp,ln_sales,sales
1,2021,1,0,0,1,4.84,8.7048,6031.98
1,2022,1,0,0,1,3.85,8.7063,6040.85
1,2023,1,1,1,1,5.2,8.8428,6924.61
1,2024,1,1,1,1,4.12,9.0038,8134.24
2,2021,0,0,0,3,3.08,9.2032,9928.62
2,2022,0,0,0,3,3.51,9.3528,11531.38
2,2023,0,1,0,3,4.11,9.3207,11166.63
2,2024,0,1,0,3,5.19,9.3433,11422.06
3,2021,1,0,0,2,4.26,9.0068,8158.05
3,2022,1,0,0,2,4.42,9.2032,9929.22
3,2023,1,1,1,2,4.23,9.1709,9612.86
3,2024,1,1,1,2,5.02,9.1308,9235.22
4,2021,0,0,0,1,3.21,9.1866,9765.46
4,2022,0,0,0,1,4.59,9.2018,9915.08
4,2023,0,1,0,1,4.57,9.3526,11528.38
4,2024,0,1,0,1,3.94,9.4744,13021.5
5,2021,1,0,0,2,4.01,8.6082,5476.32
5,2022,1,0,0,2,3.82,8.8565,7019.58
5,2023,1,1,1,2,3.49,8.9863,7992.43
5,2024,1,1,1,2,4.42,8.706,6038.98
6,2021,1,0,0,1,3.16,8.9975,8082.64
6,2022,1,0,0,1,3.31,8.8256,6806.5
6,2023,1,1,1,1,4.23,9.145,9367.4
6,2024,1,1,1,1,4.68,9.1414,9333.97
7,2021,1,0,0,1,2.62,9.1197,9133.08
7,2022,1,0,0,1,3.46,9.0256,8312.99
7,2023,1,1,1,1,4.81,9.2043,9939.53
7,2024,1,1,1,1,4.36,9.1618,9526.63
8,2021,0,0,0,2,4.25,9.649,15506.15
8,2022,0,0,0,2,3.34,9.4729,13002.63
8,2023,0,1,0,2,3.84,9.6479,15489.54
8,2024,0,1,0,2,4.7,9.5125,13527.95
9,2021,0,0,0,1,3.73,9.217,10066.5
9,2022,0,0,0,1,3.48,9.7424,17024.67
9,2023,0,1,0,1,5.32,9.2981,10917.23
9,2024,0,1,0,1,3.88,9.4779,13067.4
10,2021,1,0,0,1,3.61,9.6174,15023.4
10,2022,1,0,0,1,4.6,9.4994,13352.05
10,2023,1,1,1,1,4.53,9.5329,13806.4
10,2024,1,1,1,1,5.16,9.7098,16478.26
11,2021,1,0,0,1,3.71,9.5482,14019.13
11,2022,1,0,0,1,5.18,9.6697,15831.29
11,2023,1,1,1,1,4.25,9.7675,17457.8
11,2024,1,1,1,1,4.84,9.7976,17991.05
12,2021,1,0,0,2,3.51,8.6015,5440.08
12,2022,1,0,0,2,4.13,8.7549,6341.52
12,2023,1,1,1,2,3.98,8.8739,7142.83
12,2024,1,1,1,2,3.71,9.0791,8770.24
13,2021,0,0,0,2,3.21,8.9378,7614.06
13,2022,0,0,0,2,3.52,8.9317,7568.0
13,2023,0,1,0,2,4.84,9.1229,9162.63
13,2024,0,1,0,2,4.69,9.2614,10524.23
14,2021,1,0,0,3,3.34,9.1096,9041.81
14,2022,1,0,0,3,3.38,9.2884,10811.82
14,2023,1,1,1,3,3.55,9.236,10259.83
14,2024,1,1,1,3,4.06,9.3732,11769.12
15,2021,0,0,0,1,4.27,9.5533,14091.45
15,2022,0,0,0,1,4.06,9.5988,14746.95
15,2023,0,1,0,1,4.22,9.4799,13093.99
15,2024,0,1,0,1,4.1,9.6034,14815.8
16,2021,1,0,0,3,2.87,8.7697,6435.98
16,2022,1,0,0,3,3.78,9.0698,8688.7
16,2023,1,1,1,3,2.58,9.1188,9124.88
16,2024,1,1,1,3,4.2,8.996,8070.84
17,2021,1,0,0,2,2.67,9.2039,9935.81
17,2022,1,0,0,2,3.95,9.2657,10568.91
17,2023,1,1,1,2,4.08,9.5561,14130.62
17,2024,1,1,1,2,4.28,9.6007,14775.74
18,2021,1,0,0,1,3.7,9.4745,13023.25
18,2022,1,0,0,1,4.68,9.388,11944.32
18,2023,1,1,1,1,5.13,9.6389,15350.72
18,2024,1,1,1,1,4.08,9.6454,15451.12
19,2021,1,0,0,3,2.83,9.3929,12003.25
19,2022,1,0,0,3,3.99,9.8852,19638.03
19,2023,1,1,1,3,3.91,9.9489,20928.6
19,2024,1,1,1,3,4.61,10.0012,22052.13
20,2021,0,0,0,2,4.19,9.498,13332.54
20,2022,0,0,0,2,4.05,9.5351,13837.47
20,2023,0,1,0,2,5.06,9.3351,11328.6
20,2024,0,1,0,2,3.79,9.5533,14091.58
21,2021,0,0,0,1,3.55,9.0223,8286.07
21,2022,0,0,0,1,5.07,8.9187,7470.42
21,2023,0,1,0,1,4.16,9.1001,8956.49
21,2024,0,1,0,1,5.12,8.9459,7676.52
22,2021,0,0,0,1,4.4,9.6616,15703.29
22,2022,0,0,0,1,4.03,9.8225,18443.95
22,2023,0,1,0,1,4.49,9.8679,19300.72
22,2024,0,1,0,1,3.71,9.7392,16969.37
23,2021,0,0,0,3,3.07,9.1681,9586.27
23,2022,0,0,0,3,3.77,9.344,11430.31
23,2023,0,1,0,3,3.92,9.2746,10663.47
23,2024,0,1,0,3,3.59,9.3023,10963.44
24,2021,0,0,0,3,4.54,9.1065,9014.14
24,2022,0,0,0,3,5.06,9.1456,9373.19
24,2023,0,1,0,3,3.5,9.2315,10214.32
24,2024,0,1,0,3,4.29,9.5204,13634.67
25,2021,1,0,0,1,3.19,9.1324,9250.21
25,2022,1,0,0,1,4.06,9.1436,9354.58
25,2023,1,1,1,1,5.01,9.4143,12262.98
25,2024,1,1,1,1,4.54,9.2209,10105.88
26,2021,1,0,0,1,4.81,9.1794,9695.72
26,2022,1,0,0,1,4.27,8.9472,7686.54
26,2023,1,1,1,1,4.15,9.2726,10642.31
26,2024,1,1,1,1,4.57,9.2244,10141.69
27,2021,0,0,0,3,3.83,8.9057,7373.92
27,2022,0,0,0,3,4.1,9.0317,8363.83
27,2023,0,1,0,3,3.25,8.9789,7934.14
27,2024,0,1,0,3,3.67,9.2541,10447.72
28,2021,1,0,0,1,3.93,9.1835,9735.22
28,2022,1,0,0,1,4.25,8.9663,7834.89
28,2023,1,1,1,1,4.5,9.2841,10764.95
28,2024,1,1,1,1,4.02,9.4196,12327.92
29,2021,1,0,0,1,4.82,9.6808,16007.02
29,2022,1,0,0,1,4.88,9.8695,19331.93
29,2023,1,1,1,1,4.99,9.8457,18876.12
29,2024,1,1,1,1,4.77,9.7076,16441.3
30,2021,1,0,0,2,4.15,9.0305,8354.37
30,2022,1,0,0,2,5.17,9.0872,8841.18
30,2023,1,1,1,2,3.91,8.9987,8092.25
30,2024,1,1,1,2,3.84,9.0051,8144.85
31,2021,0,0,0,1,3.97,9.6669,15786.35
31,2022,0,0,0,1,2.89,9.5411,13920.31
31,2023,0,1,0,1,3.81,9.7576,17284.62
31,2024,0,1,0,1,4.82,9.9347,20633.27
32,2021,0,0,0,2,3.76,9.572,14357.2
32,2022,0,0,0,2,2.71,9.4813,13111.9
32,2023,0,1,0,2,4.48,9.6674,15794.1
32,2024,0,1,0,2,4.4,9.6384,15343.16
33,2021,1,0,0,1,3.57,9.8512,18980.83
33,2022,1,0,0,1,4.77,9.6873,16111.02
33,2023,1,1,1,1,4.66,9.9787,21561.83
33,2024,1,1,1,1,4.62,10.028,22650.83
34,2021,0,0,0,3,4.01,9.652,15553.55
34,2022,0,0,0,3,4.2,9.4361,12532.12
34,2023,0,1,0,3,3.02,9.6468,15472.74
34,2024,0,1,0,3,3.95,9.6347,15286.3
35,2021,1,0,0,2,4.02,9.2116,10012.32
35,2022,1,0,0,2,3.72,9.3151,11104.11
35,2023,1,1,1,2,4.4,9.4784,13074.53
35,2024,1,1,1,2,4.43,9.2384,10284.4
36,2021,0,0,0,1,4.44,9.0464,8488.05
36,2022,0,0,0,1,3.17,9.0499,8517.97
36,2023,0,1,0,1,3.82,9.1584,9493.76
36,2024,0,1,0,1,4.51,9.074,8725.48
37,2021,1,0,0,2,4.44,9.1292,9220.98
37,2022,1,0,0,2,3.46,9.22,10097.26
37,2023,1,1,1,2,5.08,9.4638,12884.65
37,2024,1,1,1,2,4.56,9.6357,15300.97
38,2021,0,0,0,2,5.17,9.8641,19226.91
38,2022,0,0,0,2,3.09,9.5558,14126.54
38,2023,0,1,0,2,5.52,9.7688,17479.93
38,2024,0,1,0,2,4.71,9.9206,20345.88
39,2021,0,0,0,1,3.62,8.8968,7308.52
39,2022,0,0,0,1,4.45,8.9723,7881.54
39,2023,0,1,0,1,4.8,9.4396,12576.59
39,2024,0,1,0,1,3.73,9.1903,9801.82
40,2021,1,0,0,1,5.15,9.2942,10875.16
40,2022,1,0,0,1,4.92,9.2543,10449.15
40,2023,1,1,1,1,3.7,9.3286,11255.57
40,2024,1,1,1,1,4.92,9.4208,12342.39
41,2021,0,0,0,2,4.68,8.8155,6737.63
41,2022,0,0,0,2,4.37,8.947,7684.47
41,2023,0,1,0,2,3.39,8.9093,7400.63
41,2024,0,1,0,2,4.77,8.9224,7497.79
42,2021,0,0,0,3,3.74,8.7143,6089.59
42,2022,0,0,0,3,5.3,8.7532,6331.07
42,2023,0,1,0,3,4.52,8.9739,7894.3
42,2024,0,1,0,3,5.11,8.7757,6474.9
43,2021,1,0,0,1,4.72,9.3253,11217.74
43,2022,1,0,0,1,3.71,9.561,14199.42
43,2023,1,1,1,1,4.85,9.613,14957.73
43,2024,1,1,1,1,5.06,9.6677,15798.63
44,2021,0,0,0,2,4.28,8.949,7700.13
44,2022,0,0,0,2,4.2,9.1011,8965.08
44,2023,0,1,0,2,3.61,9.1853,9752.94
44,2024,0,1,0,2,3.88,8.9657,7830.17
45,2021,1,0,0,1,3.19,8.9543,7741.42
45,2022,1,0,0,1,4.04,9.0133,8211.26
45,2023,1,1,1,1,4.57,9.4727,12999.89
45,2024,1,1,1,1,4.28,9.3266,11232.43
46,2021,0,0,0,2,4.27,9.4072,12176.04
46,2022,0,0,0,2,4.14,9.3808,11859.04
46,2023,0,1,0,2,4.39,9.6516,15546.4
46,2024,0,1,0,2,3.75,9.63,15214.06
47,2021,0,0,0,2,4.48,8.7745,6467.25
47,2022,0,0,0,2,3.8,9.1692,9596.81
47,2023,0,1,0,2,4.06,9.0386,8421.71
47,2024,0,1,0,2,4.33,9.1328,9253.62
48,2021,1,0,0,1,4.81,8.8673,7095.83
48,2022,1,0,0,1,4.39,8.6627,5783.14
48,2023,1,1,1,1,2.99,8.8156,6738.49
48,2024,1,1,1,1,5.23,9.2073,9969.18
49,2021,1,0,0,3,2.33,9.2448,10351.09
49,2022,1,0,0,3,3.44,9.3619,11636.22
49,2023,1,1,1,3,4.89,9.4817,13116.85
49,2024,1,1,1,3,3.66,9.6997,16312.61
50,2021,1,0,0,3,4.57,9.661,15693.53
50,2022,1,0,0,3,4.65,9.8018,18065.46
50,2023,1,1,1,3,3.25,9.8433,18832.28
50,2024,1,1,1,3,4.97,10.1425,25400.96
51,2021,0,0,0,2,3.84,8.646,5687.57
51,2022,0,0,0,2,3.34,8.826,6809.02
51,2023,0,1,0,2,4.7,8.9456,7674.33
51,2024,0,1,0,2,4.9,8.8221,6782.47
52,2021,0,0,0,1,3.57,9.0968,8927.09
52,2022,0,0,0,1,4.25,9.0492,8511.45
52,2023,0,1,0,1,4.97,9.0969,8927.73
52,2024,0,1,0,1,3.98,9.2218,10115.57
53,2021,1,0,0,1,3.62,9.729,16797.51
53,2022,1,0,0,1,4.22,9.6128,14955.26
53,2023,1,1,1,1,5.01,9.7019,16349.38
53,2024,1,1,1,1,5.16,9.8371,18715.2
54,2021,1,0,0,2,4.3,8.7578,6360.11
54,2022,1,0,0,2,3.22,8.8683,7102.93
54,2023,1,1,1,2,4.91,9.2159,10055.98
54,2024,1,1,1,2,4.56,9.2804,10725.5
55,2021,1,0,0,3,3.44,9.4048,12146.87
55,2022,1,0,0,3,4.15,9.4415,12600.85
55,2023,1,1,1,3,3.95,9.9427,20799.34
55,2024,1,1,1,3,4.05,9.8361,18695.93
56,2021,1,0,0,1,4.31,8.8771,7166.23
56,2022,1,0,0,1,5.02,8.69,5943.45
56,2023,1,1,1,1,3.62,9.0448,8474.49
56,2024,1,1,1,1,3.94,9.1363,9286.41
57,2021,1,0,0,2,2.97,8.8118,6713.22
57,2022,1,0,0,2,4.28,8.7236,6146.1
57,2023,1,1,1,2,3.89,8.8304,6839.14
57,2024,1,1,1,2,4.64,9.062,8621.47
58,2021,1,0,0,3,3.6,9.2513,10418.51
58,2022,1,0,0,3,3.48,8.7393,6243.33
58,2023,1,1,1,3,4.95,9.0225,8287.16
58,2024,1,1,1,3,4.32,9.0263,8319.2
59,2021,1,0,0,2,3.68,9.7964,17969.16
59,2022,1,0,0,2,3.51,9.5439,13959.49
59,2023,1,1,1,2,3.46,9.5232,13673.23
59,2024,1,1,1,2,3.75,9.6883,16127.89
60,2021,1,0,0,1,4.11,9.4401,12583.51
60,2022,1,0,0,1,5.35,9.611,14927.58
60,2023,1,1,1,1,4.5,9.9655,21279.3
60,2024,1,1,1,1,4.49,9.7922,17893.64
61,2021,1,0,0,3,4.55,9.1268,9198.52
61,2022,1,0,0,3,3.14,8.949,7699.88
61,2023,1,1,1,3,3.8,9.2436,10338.59
61,2024,1,1,1,3,3.65,9.3565,11573.84
62,2021,1,0,0,3,3.11,9.3465,11458.83
62,2022,1,0,0,3,3.2,9.5155,13568.35
62,2023,1,1,1,3,3.08,9.5449,13972.66
62,2024,1,1,1,3,4.64,9.5822,14504.83
63,2021,1,0,0,2,4.1,8.9383,7617.97
63,2022,1,0,0,2,5.21,8.7449,6278.83
63,2023,1,1,1,2,4.53,9.1812,9712.66
63,2024,1,1,1,2,4.42,9.3318,11291.24
64,2021,0,0,0,1,4.84,9.808,18179.16
64,2022,0,0,0,1,4.36,9.7053,16404.27
64,2023,0,1,0,1,4.31,10.0516,23192.57
64,2024,0,1,0,1,5.18,10.0491,23135.08
65,2021,1,0,0,2,4.05,8.8791,7180.17
65,2022,1,0,0,2,4.08,8.6895,5939.92
65,2023,1,1,1,2,5.09,9.0302,8351.68
65,2024,1,1,1,2,4.85,9.1086,9032.64
66,2021,0,0,0,1,5.05,8.8263,6810.73
66,2022,0,0,0,1,4.05,8.8789,7178.68
66,2023,0,1,0,1,4.81,8.6752,5855.6
66,2024,0,1,0,1,4.64,9.1241,9174.06
67,2021,1,0,0,1,3.57,9.2935,10867.42
67,2022,1,0,0,1,5.29,9.4066,12168.22
67,2023,1,1,1,1,4.53,9.2681,10595.04
67,2024,1,1,1,1,3.54,9.5048,13423.51
68,2021,0,0,0,1,3.27,9.1587,9496.46
68,2022,0,0,0,1,2.93,9.204,9936.94
68,2023,0,1,0,1,4.81,9.0717,8705.19
68,2024,0,1,0,1,5.48,9.1305,9232.73
69,2021,0,0,0,1,4.31,9.3842,11899.11
69,2022,0,0,0,1,3.34,9.3303,11274.92
69,2023,0,1,0,1,5.16,9.3608,11624.0
69,2024,0,1,0,1,3.45,9.4176,12303.07
70,2021,0,0,0,2,3.63,9.3908,11977.64
70,2022,0,0,0,2,3.5,9.2157,10053.91
70,2023,0,1,0,2,3.82,9.1799,9699.89
70,2024,0,1,0,2,5.12,9.3323,11297.2
71,2021,1,0,0,1,4.94,9.448,12682.55
71,2022,1,0,0,1,3.94,9.2441,10343.13
71,2023,1,1,1,1,3.75,9.442,12607.02
71,2024,1,1,1,1,4.99,9.3083,11029.07
72,2021,0,0,0,2,4.12,8.9993,8097.77
72,2022,0,0,0,2,4.1,9.2396,10296.47
72,2023,0,1,0,2,4.33,9.2159,10055.32
72,2024,0,1,0,2,3.23,9.3944,12020.71
73,2021,0,0,0,2,4.18,9.1258,9188.9
73,2022,0,0,0,2,3.89,8.8023,6649.33
73,2023,0,1,0,2,3.85,9.2405,10306.7
73,2024,0,1,0,2,4.53,9.1875,9774.28
74,2021,1,0,0,2,3.89,9.8876,19685.64
74,2022,1,0,0,2,5.58,10.1915,26675.87
74,2023,1,1,1,2,3.62,10.1596,25838.88
74,2024,1,1,1,2,4.76,10.1324,25144.96
75,2021,0,0,0,3,2.61,9.2577,10485.44
75,2022,0,0,0,3,2.98,9.1411,9331.13
75,2023,0,1,0,3,3.36,9.2411,10312.86
75,2024,0,1,0,3,4.6,9.303,10970.38
76,2021,1,0,0,2,3.75,9.2332,10231.64
76,2022,1,0,0,2,3.32,9.2039,9935.47
76,2023,1,1,1,2,5.52,9.1952,9850.01
76,2024,1,1,1,2,4.44,9.3586,11597.56
77,2021,0,0,0,2,4.28,9.2264,10161.91
77,2022,0,0,0,2,4.7,9.3652,11674.8
77,2023,0,1,0,2,4.87,9.5385,13884.02
77,2024,0,1,0,2,3.85,9.4997,13356.01
78,2021,0,0,0,1,3.49,9.0576,8583.48
78,2022,0,0,0,1,3.73,9.2539,10445.06
78,2023,0,1,0,1,4.23,9.3557,11564.57
78,2024,0,1,0,1,5.69,9.0703,8692.85
79,2021,0,0,0,3,3.39,9.0384,8420.11
79,2022,0,0,0,3,3.43,9.1476,9392.1
79,2023,0,1,0,3,4.14,9.0512,8528.45
79,2024,0,1,0,3,5.4,9.0704,8694.23
80,2021,1,0,0,2,3.47,9.2173,10069.47
80,2022,1,0,0,2,4.77,9.5726,14365.25
80,2023,1,1,1,2,4.37,9.8264,18517.01
80,2024,1,1,1,2,4.67,9.8496,18950.13
81,2021,1,0,0,1,3.93,9.3504,11503.27
81,2022,1,0,0,1,3.62,9.4676,12934.1
81,2023,1,1,1,1,4.5,9.4371,12545.79
81,2024,1,1,1,1,5.06,9.8588,19126.37
82,2021,0,0,0,2,4.85,9.0703,8692.95
82,2022,0,0,0,2,4.09,9.1694,9599.11
82,2023,0,1,0,2,4.9,9.0239,8298.86
82,2024,0,1,0,2,5.36,9.1681,9585.93
83,2021,0,0,0,1,4.31,8.7013,6010.65
83,2022,0,0,0,1,3.74,8.7281,6174.04
83,2023,0,1,0,1,4.97,8.8021,6648.11
83,2024,0,1,0,1,3.31,9.0054,8147.14
84,2021,0,0,0,2,3.44,8.7419,6259.9
84,2022,0,0,0,2,4.14,9.0346,8388.38
84,2023,0,1,0,2,4.21,9.1015,8968.62
84,2024,0,1,0,2,5.05,9.0533,8546.82
85,2021,0,0,0,3,3.45,9.3182,11139.16
85,2022,0,0,0,3,3.97,9.232,10219.45
85,2023,0,1,0,3,3.99,9.3966,12047.86
85,2024,0,1,0,3,4.56,9.1721,9624.35
86,2021,1,0,0,1,4.13,9.9851,21700.85
86,2022,1,0,0,1,4.87,9.9246,20427.66
86,2023,1,1,1,1,4.17,10.2942,29559.47
86,2024,1,1,1,1,3.43,10.4099,33185.45
87,2021,1,0,0,2,2.93,9.3234,11197.42
87,2022,1,0,0,2,4.72,9.5274,13730.54
87,2023,1,1,1,2,3.66,9.4802,13097.17
87,2024,1,1,1,2,4.74,9.3536,11540.52
88,2021,0,0,0,1,3.82,9.3039,10980.86
88,2022,0,0,0,1,3.54,9.2236,10133.86
88,2023,0,1,0,1,5.12,9.4206,12339.62
88,2024,0,1,0,1,5.16,9.1514,9427.28
89,2021,1,0,0,2,4.32,9.2665,10577.4
89,2022,1,0,0,2,3.29,9.1828,9728.42
89,2023,1,1,1,2,4.87,9.533,13807.42
89,2024,1,1,1,2,4.71,9.4663,12916.97
90,2021,1,0,0,2,3.87,9.2435,10336.95
90,2022,1,0,0,2,4.53,9.1369,9291.92
90,2023,1,1,1,2,3.09,9.3556,11562.84
90,2024,1,1,1,2,3.98,9.2656,10567.98
91,2021,0,0,0,1,3.8,9.9299,20534.76
91,2022,0,0,0,1,3.63,9.5054,13432.55
91,2023,0,1,0,1,4.77,9.6141,14974.59
91,2024,0,1,0,1,5.57,9.7708,17514.21
92,2021,1,0,0,1,4.28,9.5523,14077.61
92,2022,1,0,0,1,3.42,9.5057,13436.07
92,2023,1,1,1,1,3.74,9.7946,17935.75
92,2024,1,1,1,1,5.14,9.5813,14491.44
93,2021,0,0,0,3,4.09,9.1667,9573.03
93,2022,0,0,0,3,4.06,9.45,12708.47
93,2023,0,1,0,3,3.53,9.3598,11611.54
93,2024,0,1,0,3,2.57,9.5234,13676.02
94,2021,1,0,0,1,3.47,9.4446,12639.21
94,2022,1,0,0,1,4.48,9.329,11259.8
94,2023,1,1,1,1,4.22,9.5524,14078.37
94,2024,1,1,1,1,6.11,9.5541,14101.74
95,2021,1,0,0,2,3.16,9.2616,10526.05
95,2022,1,0,0,2,4.22,9.3465,11459.19
95,2023,1,1,1,2,3.28,9.6387,15347.07
95,2024,1,1,1,2,4.0,9.5837,14525.75
96,2021,0,0,0,1,4.95,9.0896,8862.53
96,2022,0,0,0,1,3.45,9.3954,12033.13
96,2023,0,1,0,1,3.83,9.35,11499.31
96,2024,0,1,0,1,4.91,9.487,13186.56
97,2021,1,0,0,1,3.58,8.7975,6617.49
97,2022,1,0,0,1,4.09,8.8873,7239.8
97,2023,1,1,1,1,2.8,8.9163,7452.47
97,2024,1,1,1,1,3.78,9.3265,11231.65
98,2021,0,0,0,2,5.42,9.3257,11222.29
98,2022,0,0,0,2,4.09,9.4548,12769.01
98,2023,0,1,0,2,4.17,9.3853,11912.56
98,2024,0,1,0,2,4.68,9.5607,14196.19
99,2021,0,0,0,1,2.77,9.026,8316.49
99,2022,0,0,0,1,4.89,8.8888,7249.98
99,2023,0,1,0,1,3.61,9.0123,8203.71
99,2024,0,1,0,1,5.2,9.1724,9628.15
100,2021,0,0,0,3,3.95,9.3859,11919.56
100,2022,0,0,0,3,3.98,9.5903,14622.26
100,2023,0,1,0,3,3.98,9.7191,16632.05
100,2024,0,1,0,3,4.03,9.7821,17713.35
101,2021,1,0,0,2,4.4,9.48,13095.03
101,2022,1,0,0,2,4.49,9.3456,11448.78
101,2023,1,1,1,2,4.67,9.6684,15809.57
101,2024,1,1,1,2,4.8,9.6643,15745.0
102,2021,1,0,0,2,4.47,9.0392,8426.75
102,2022,1,0,0,2,4.37,8.9699,7862.6
102,2023,1,1,1,2,4.31,9.3365,11344.36
102,2024,1,1,1,2,4.64,9.1867,9766.07
103,2021,1,0,0,2,3.6,9.1132,9073.94
103,2022,1,0,0,2,4.67,9.3413,11399.37
103,2023,1,1,1,2,3.86,9.3609,11624.35
103,2024,1,1,1,2,3.69,9.5558,14126.21
104,2021,0,0,0,1,4.29,9.525,13698.36
104,2022,0,0,0,1,3.74,9.1078,9025.72
104,2023,0,1,0,1,4.85,9.4563,12788.02
104,2024,0,1,0,1,5.37,9.4377,12552.22
105,2021,0,0,0,1,3.41,9.2441,10343.11
105,2022,0,0,0,1,3.42,9.2069,9965.79
105,2023,0,1,0,1,4.95,9.408,12185.6
105,2024,0,1,0,1,5.12,9.2913,10842.9
106,2021,0,0,0,1,4.76,9.1644,9550.84
106,2022,0,0,0,1,4.37,9.1961,9858.26
106,2023,0,1,0,1,4.06,9.0416,8446.89
106,2024,0,1,0,1,5.08,9.2431,10333.5
107,2021,0,0,0,3,3.51,9.2541,10447.01
107,2022,0,0,0,3,4.08,9.2355,10254.36
107,2023,0,1,0,3,3.29,9.3031,10971.69
107,2024,0,1,0,3,4.72,9.2927,10858.66
108,2021,0,0,0,1,4.22,9.2402,10303.6
108,2022,0,0,0,1,3.72,9.403,12124.85
108,2023,0,1,0,1,5.22,9.3668,11693.86
108,2024,0,1,0,1,5.45,9.2589,10497.38
109,2021,1,0,0,2,3.6,9.1366,9289.59
109,2022,1,0,0,2,4.65,9.1276,9206.15
109,2023,1,1,1,2,4.07,9.2656,10568.1
109,2024,1,1,1,2,4.39,9.2487,10390.74
110,2021,0,0,0,1,3.88,8.6695,5822.6
110,2022,0,0,0,1,3.42,8.5723,5283.43
110,2023,0,1,0,1,4.04,8.709,6057.05
110,2024,0,1,0,1,5.2,8.6239,5563.02
111,2021,0,0,0,3,2.62,8.8564,7019.0
111,2022,0,0,0,3,5.42,8.5579,5207.68
111,2023,0,1,0,3,3.51,8.7602,6375.07
111,2024,0,1,0,3,4.25,8.6409,5658.56
112,2021,1,0,0,3,3.21,8.9464,7680.2
112,2022,1,0,0,3,3.4,9.0479,8500.7
112,2023,1,1,1,3,3.69,8.9042,7362.96
112,2024,1,1,1,3,4.61,8.8935,7284.3
113,2021,1,0,0,1,3.3,9.0718,8706.1
113,2022,1,0,0,1,4.67,9.1571,9481.89
113,2023,1,1,1,1,4.05,9.3346,11322.68
113,2024,1,1,1,1,4.12,9.4117,12230.58
114,2021,1,0,0,2,3.62,9.095,8910.44
114,2022,1,0,0,2,4.78,8.9268,7531.26
114,2023,1,1,1,2,4.19,8.965,7824.29
114,2024,1,1,1,2,5.3,9.2173,10069.38
115,2021,0,0,0,1,4.1,9.2109,10005.85
115,2022,0,0,0,1,3.24,9.4054,12154.25
115,2023,0,1,0,1,4.86,9.2137,10033.67
115,2024,0,1,0,1,3.63,9.2079,9975.96
116,2021,0,0,0,1,4.84,8.9486,7697.23
116,2022,0,0,0,1,3.68,8.8288,6827.98
116,2023,0,1,0,1,4.87,9.0441,8468.78
116,2024,0,1,0,1,5.1,9.0552,8563.15
117,2021,0,0,0,2,4.7,8.7107,6067.55
117,2022,0,0,0,2,3.38,8.8267,6813.75
117,2023,0,1,0,2,5.14,8.7453,6281.2
117,2024,0,1,0,2,2.95,8.6055,5461.72
118,2021,0,0,0,2,3.79,9.3994,12081.48
118,2022,0,0,0,2,4.15,9.4924,13258.27
118,2023,0,1,0,2,3.96,9.4198,12329.86
118,2024,0,1,0,2,3.51,9.6098,14910.04
119,2021,0,0,0,1,3.46,9.7378,16945.82
119,2022,0,0,0,1,3.64,9.6111,14929.0
119,2023,0,1,0,1,4.13,9.8353,18681.45
119,2024,0,1,0,1,5.39,9.7888,17832.79
120,2021,1,0,0,2,2.7,9.479,13082.61
120,2022,1,0,0,2,3.31,9.5894,14609.63
120,2023,1,1,1,2,4.15,9.7346,16891.53
120,2024,1,1,1,2,4.73,9.4727,13000.57
121,2021,1,0,0,2,4.65,9.2525,10430.14
121,2022,1,0,0,2,4.56,9.0452,8478.15
121,2023,1,1,1,2,4.06,9.4942,13282.3
121,2024,1,1,1,2,4.35,9.4245,12388.23
122,2021,0,0,0,2,3.81,9.0116,8197.71
122,2022,0,0,0,2,4.19,9.0923,8886.43
122,2023,0,1,0,2,4.54,9.0809,8785.76
122,2024,0,1,0,2,5.38,9.1475,9391.16
123,2021,1,0,0,2,4.09,9.4945,13287.1
123,2022,1,0,0,2,4.43,9.5806,14481.64
123,2023,1,1,1,2,5.59,9.7108,16494.56
123,2024,1,1,1,2,4.4,10.0295,22686.43
124,2021,1,0,0,3,3.96,9.5138,13545.38
124,2022,1,0,0,3,3.38,9.4392,12571.21
124,2023,1,1,1,3,3.63,9.6928,16201.11
124,2024,1,1,1,3,4.4,9.694,16219.35
125,2021,0,0,0,1,4.34,9.1796,9697.26
125,2022,0,0,0,1,3.86,8.9312,7564.41
125,2023,0,1,0,1,3.65,9.336,11339.42
125,2024,0,1,0,1,3.81,9.1488,9403.22
126,2021,0,0,0,1,3.41,8.7836,6526.54
126,2022,0,0,0,1,4.42,8.7025,6017.73
126,2023,0,1,0,1,3.78,8.7128,6080.29
126,2024,0,1,0,1,4.19,8.8088,6693.2
127,2021,1,0,0,1,3.64,9.3087,11033.46
127,2022,1,0,0,1,4.51,9.1989,9886.31
127,2023,1,1,1,1,4.51,9.3838,11894.38
127,2024,1,1,1,1,5.36,9.456,12784.97
128,2021,1,0,0,1,3.7,9.0725,8712.08
128,2022,1,0,0,1,3.73,8.8763,7160.28
128,2023,1,1,1,1,4.02,9.1713,9617.05
128,2024,1,1,1,1,5.24,9.028,8333.02
129,2021,1,0,0,2,3.07,8.9593,7780.17
129,2022,1,0,0,2,3.18,8.9705,7867.51
129,2023,1,1,1,2,3.53,8.9952,8064.13
129,2024,1,1,1,2,4.7,9.1018,8971.28
130,2021,0,0,0,1,3.15,8.9473,7687.24
130,2022,0,0,0,1,3.72,9.0358,8398.6
130,2023,0,1,0,1,2.75,9.2123,10019.97
130,2024,0,1,0,1,3.97,9.0107,8190.37
131,2021,1,0,0,2,4.28,8.9589,7777.18
131,2022,1,0,0,2,3.93,9.1212,9147.47
131,2023,1,1,1,2,3.02,9.1774,9676.34
131,2024,1,1,1,2,4.79,9.3,10937.49
132,2021,1,0,0,1,3.54,8.5598,5217.61
132,2022,1,0,0,1,4.41,8.4709,4773.81
132,2023,1,1,1,1,4.75,8.4665,4752.91
132,2024,1,1,1,1,4.59,8.7487,6302.51
133,2021,1,0,0,2,3.06,9.1465,9381.57
133,2022,1,0,0,2,3.88,9.1892,9790.98
133,2023,1,1,1,2,3.59,9.3309,11281.71
133,2024,1,1,1,2,3.61,9.1868,9767.82
134,2021,1,0,0,3,4.01,9.3044,10986.55
134,2022,1,0,0,3,3.72,9.2189,10086.12
134,2023,1,1,1,3,4.81,9.5414,13924.54
134,2024,1,1,1,3,4.39,9.3545,11550.29
135,2021,1,0,0,2,3.59,8.9599,7784.97
135,2022,1,0,0,2,3.54,8.9615,7797.11
135,2023,1,1,1,2,4.37,9.153,9442.95
135,2024,1,1,1,2,3.99,9.2214,10110.84
136,2021,0,0,0,2,3.82,8.8091,6695.17
136,2022,0,0,0,2,3.06,8.9111,7413.57
136,2023,0,1,0,2,4.32,8.7404,6250.28
136,2024,0,1,0,2,3.84,8.784,6529.12
137,2021,1,0,0,2,4.2,9.3241,11204.96
137,2022,1,0,0,2,4.59,9.386,11920.86
137,2023,1,1,1,2,4.94,9.4761,13044.8
137,2024,1,1,1,2,4.69,9.5669,14284.08
138,2021,0,0,0,1,3.37,8.8898,7257.74
138,2022,0,0,0,1,3.18,9.1864,9763.17
138,2023,0,1,0,1,4.14,9.0664,8659.62
138,2024,0,1,0,1,4.22,8.9747,7900.43
139,2021,1,0,0,2,3.9,9.3511,11511.35
139,2022,1,0,0,2,3.87,9.3397,11381.27
139,2023,1,1,1,2,4.48,9.4598,12832.78
139,2024,1,1,1,2,3.74,9.2815,10737.34
140,2021,0,0,0,1,4.85,8.9295,7551.21
140,2022,0,0,0,1,4.0,9.1424,9343.26
140,2023,0,1,0,1,5.28,9.1211,9146.19
140,2024,0,1,0,1,4.42,9.0803,8780.27
141,2021,0,0,0,2,4.72,8.9106,7410.27
141,2022,0,0,0,2,4.43,9.1426,9344.9
141,2023,0,1,0,2,4.74,9.0965,8924.06
141,2024,0,1,0,2,4.93,8.9842,7976.43
142,2021,1,0,0,2,4.66,8.8278,6821.49
142,2022,1,0,0,2,3.69,8.8479,6959.57
142,2023,1,1,1,2,5.59,9.0645,8643.08
142,2024,1,1,1,2,4.95,9.0656,8652.08
143,2021,1,0,0,3,2.78,9.2727,10643.75
143,2022,1,0,0,3,4.33,9.4922,13256.1
143,2023,1,1,1,3,4.54,9.5574,14148.86
143,2024,1,1,1,3,3.45,9.3698,11729.2
144,2021,1,0,0,1,4.06,8.6729,5842.62
144,2022,1,0,0,1,3.9,8.8183,6756.8
144,2023,1,1,1,1,4.14,8.9535,7734.63
144,2024,1,1,1,1,4.6,9.1263,9194.39
145,2021,0,0,0,1,3.53,9.0429,8458.66
145,2022,0,0,0,1,3.91,8.8899,7258.09
145,2023,0,1,0,1,4.6,8.9306,7559.54
145,2024,0,1,0,1,3.16,8.7757,6475.26
146,2021,0,0,0,2,2.13,9.461,12848.29
146,2022,0,0,0,2,4.44,9.0435,8463.7
146,2023,0,1,0,2,4.0,9.3728,11763.7
146,2024,0,1,0,2,3.64,9.38,11849.04
147,2021,0,0,0,1,3.26,9.2529,10434.52
147,2022,0,0,0,1,3.91,9.4612,12851.35
147,2023,0,1,0,1,3.99,9.4581,12811.58
147,2024,0,1,0,1,4.29,9.4044,12142.29
148,2021,0,0,0,3,3.4,9.2909,10838.58
148,2022,0,0,0,3,3.44,9.3497,11495.29
148,2023,0,1,0,3,4.49,9.3048,10991.16
148,2024,0,1,0,3,4.8,9.3582,11593.29
149,2021,1,0,0,2,3.85,8.5864,5358.24
149,2022,1,0,0,2,3.88,8.9399,7630.35
149,2023,1,1,1,2,3.78,9.0789,8768.33
149,2024,1,1,1,2,3.63,9.164,9546.75
150,2021,1,0,0,2,4.32,9.0504,8521.52
150,2022,1,0,0,2,3.68,9.0627,8627.6
150,2023,1,1,1,2,5.52,9.3938,12013.29
150,2024,1,1,1,2,5.15,9.2531,10436.49
151,2021,1,0,0,2,4.0,9.4754,13035.15
151,2022,1,0,0,2,4.35,9.365,11672.3
151,2023,1,1,1,2,4.39,9.5218,13654.2
151,2024,1,1,1,2,5.3,9.6546,15593.82
152,2021,1,0,0,2,2.38,9.1842,9742.14
152,2022,1,0,0,2,4.43,9.1424,9343.52
152,2023,1,1,1,2,3.86,9.4161,12284.7
152,2024,1,1,1,2,4.66,9.3881,11944.87
153,2021,1,0,0,1,3.66,9.0168,8240.56
153,2022,1,0,0,1,5.22,9.1416,9335.38
153,2023,1,1,1,1,4.11,9.4191,12321.88
153,2024,1,1,1,1,2.87,9.5954,14696.44
154,2021,0,0,0,2,4.74,9.4373,12548.01
154,2022,0,0,0,2,3.84,9.3588,11600.4
154,2023,0,1,0,2,3.95,9.3391,11374.67
154,2024,0,1,0,2,4.04,9.6164,15009.37
155,2021,1,0,0,3,3.61,9.5393,13895.22
155,2022,1,0,0,3,4.07,9.6177,15027.8
155,2023,1,1,1,3,3.49,9.8582,19114.76
155,2024,1,1,1,3,4.27,9.594,14676.34
156,2021,0,0,0,2,3.96,8.9937,8052.11
156,2022,0,0,0,2,4.98,9.1588,9497.95
156,2023,0,1,0,2,4.37,8.885,7222.98
156,2024,0,1,0,2,3.9,9.0571,8579.27
157,2021,1,0,0,3,4.08,9.6121,14944.56
157,2022,1,0,0,3,3.79,9.7855,17774.56
157,2023,1,1,1,3,4.69,9.4774,13060.77
157,2024,1,1,1,3,3.65,9.9886,21777.48
158,2021,1,0,0,1,4.17,9.0601,8604.6
158,2022,1,0,0,1,4.65,8.9479,7691.9
158,2023,1,1,1,1,5.12,9.475,13030.06
158,2024,1,1,1,1,4.39,9.5556,14123.55
159,2021,0,0,0,2,3.29,9.0251,8309.32
159,2022,0,0,0,2,3.25,9.0956,8915.8
159,2023,0,1,0,2,5.08,8.9238,7508.41
159,2024,0,1,0,2,4.77,9.1602,9511.15
160,2021,0,0,0,3,4.45,9.3129,11079.92
160,2022,0,0,0,3,4.6,9.0924,8887.5
160,2023,0,1,0,3,3.92,9.1874,9773.52
160,2024,0,1,0,3,4.34,9.0501,8519.38
161,2021,1,0,0,1,4.82,9.6529,15566.33
161,2022,1,0,0,1,4.62,9.7166,16590.68
161,2023,1,1,1,1,4.29,9.9976,21974.37
161,2024,1,1,1,1,3.44,9.9624,21213.34
162,2021,1,0,0,2,3.87,9.4051,12149.82
162,2022,1,0,0,2,4.54,9.1225,9159.48
162,2023,1,1,1,2,3.55,9.3745,11783.61
162,2024,1,1,1,2,4.79,9.5304,13771.91
163,2021,0,0,0,1,3.55,9.3226,11188.55
163,2022,0,0,0,1,4.24,9.1584,9494.21
163,2023,0,1,0,1,4.27,9.4065,12166.89
163,2024,0,1,0,1,4.5,9.3148,11100.81
164,2021,0,0,0,1,4.28,9.2616,10526.13
164,2022,0,0,0,1,4.62,9.2968,10902.92
164,2023,0,1,0,1,4.25,9.3598,11612.01
164,2024,0,1,0,1,4.96,9.2565,10472.74
165,2021,0,0,0,1,3.69,9.1101,9045.78
165,2022,0,0,0,1,3.93,9.1793,9693.92
165,2023,0,1,0,1,4.62,9.2458,10361.33
165,2024,0,1,0,1,4.88,9.287,10796.61
166,2021,0,0,0,1,4.15,8.8927,7278.87
166,2022,0,0,0,1,3.42,8.9276,7536.98
166,2023,0,1,0,1,3.13,9.01,8184.35
166,2024,0,1,0,1,4.93,9.0705,8694.61
167,2021,1,0,0,2,3.85,9.0936,8898.25
167,2022,1,0,0,2,4.01,9.0188,8257.06
167,2023,1,1,1,2,3.72,9.2271,10168.98
167,2024,1,1,1,2,3.63,9.1821,9722.0
168,2021,0,0,0,2,3.09,9.4056,12156.86
168,2022,0,0,0,2,4.74,9.3598,11611.64
168,2023,0,1,0,2,3.94,9.5601,14187.49
168,2024,0,1,0,2,5.58,9.5149,13560.58
169,2021,0,0,0,2,4.16,9.4402,12584.0
169,2022,0,0,0,2,3.1,9.7227,16691.67
169,2023,0,1,0,2,4.37,9.736,16915.62
169,2024,0,1,0,2,4.88,9.7214,16671.12
170,2021,1,0,0,1,4.72,9.3905,11974.07
170,2022,1,0,0,1,3.32,9.497,13319.84
170,2023,1,1,1,1,4.01,9.3716,11750.01
170,2024,1,1,1,1,4.32,9.4578,12807.92
171,2021,1,0,0,3,3.35,9.9534,21022.62
171,2022,1,0,0,3,4.74,10.0401,22927.38
171,2023,1,1,1,3,4.55,10.0619,23433.06
171,2024,1,1,1,3,4.13,10.1241,24937.9
172,2021,0,0,0,2,4.49,9.3307,11279.52
172,2022,0,0,0,2,3.01,9.6164,15009.36
172,2023,0,1,0,2,3.51,9.6,14764.05
172,2024,0,1,0,2,3.9,9.3786,11832.87
173,2021,1,0,0,1,4.86,9.1078,9025.51
173,2022,1,0,0,1,3.63,9.2094,9990.84
173,2023,1,1,1,1,3.4,9.1147,9087.84
173,2024,1,1,1,1,2.47,9.188,9778.82
174,2021,1,0,0,2,3.99,9.1984,9881.62
174,2022,1,0,0,2,3.17,9.2053,9949.45
174,2023,1,1,1,2,5.28,9.4162,12285.92
174,2024,1,1,1,2,4.02,9.4757,13039.38
175,2021,0,0,0,2,3.09,9.4477,12679.21
175,2022,0,0,0,2,3.61,9.5878,14585.2
175,2023,0,1,0,2,4.57,9.1716,9620.22
175,2024,0,1,0,2,6.11,9.4122,12236.25
176,2021,0,0,0,1,3.96,8.9606,7789.98
176,2022,0,0,0,1,4.38,9.1863,9762.68
176,2023,0,1,0,1,4.64,9.1493,9408.24
176,2024,0,1,0,1,4.95,9.0572,8579.71
177,2021,1,0,0,1,4.26,9.2907,10836.25
177,2022,1,0,0,1,3.48,9.3425,11412.77
177,2023,1,1,1,1,4.05,9.6637,15735.25
177,2024,1,1,1,1,4.67,9.4225,12363.38
178,2021,1,0,0,1,4.25,9.4519,12732.15
178,2022,1,0,0,1,4.58,9.5721,14359.02
178,2023,1,1,1,1,4.36,9.625,15138.01
178,2024,1,1,1,1,3.5,9.4263,12410.37
179,2021,1,0,0,2,5.51,8.8294,6832.05
179,2022,1,0,0,2,4.56,8.8286,6826.64
179,2023,1,1,1,2,3.4,9.1127,9069.68
179,2024,1,1,1,2,5.22,9.1398,9318.61
180,2021,0,0,0,2,3.93,9.6814,16017.47
180,2022,0,0,0,2,4.28,9.541,13918.36
180,2023,0,1,0,2,4.05,9.5337,13817.75
180,2024,0,1,0,2,5.16,9.8324,18626.73
181,2021,0,0,0,2,4.36,9.4456,12651.89
181,2022,0,0,0,2,2.94,9.321,11169.76
181,2023,0,1,0,2,4.86,9.7302,16817.94
181,2024,0,1,0,2,5.01,9.4275,12424.82
182,2021,1,0,0,2,4.25,8.8676,7097.87
182,2022,1,0,0,2,4.05,8.9907,8027.74
182,2023,1,1,1,2,4.8,9.1625,9533.19
182,2024,1,1,1,2,5.97,9.324,11203.4
183,2021,1,0,0,1,4.59,9.4553,12775.95
183,2022,1,0,0,1,4.17,9.3154,11107.71
183,2023,1,1,1,1,3.48,9.4488,12692.93
183,2024,1,1,1,1,3.55,9.3541,11545.79
184,2021,1,0,0,2,3.95,9.0092,8178.17
184,2022,1,0,0,2,3.67,9.2061,9957.6
184,2023,1,1,1,2,3.61,9.4154,12275.54
184,2024,1,1,1,2,3.56,9.4644,12892.13
185,2021,1,0,0,1,4.06,9.5942,14679.99
185,2022,1,0,0,1,3.31,9.7971,17982.01
185,2023,1,1,1,1,3.22,9.6252,15141.13
185,2024,1,1,1,1,5.46,9.5278,13736.96
186,2021,0,0,0,2,3.01,9.5952,14694.67
186,2022,0,0,0,2,3.72,9.4681,12939.92
186,2023,0,1,0,2,5.25,9.4919,13252.4
186,2024,0,1,0,2,3.84,9.4728,13000.8
187,2021,0,0,0,2,2.89,9.0563,8572.44
187,2022,0,0,0,2,3.17,9.346,11452.9
187,2023,0,1,0,2,3.29,9.4235,12375.37
187,2024,0,1,0,2,4.0,9.3178,11134.68
188,2021,0,0,0,1,3.86,8.8144,6730.67
188,2022,0,0,0,1,4.27,8.6987,5995.18
188,2023,0,1,0,1,3.66,8.6769,5865.79
188,2024,0,1,0,1,3.28,8.8417,6916.87
189,2021,0,0,0,2,3.72,8.8656,7083.83
189,2022,0,0,0,2,4.08,8.7906,6571.92
189,2023,0,1,0,2,4.14,8.7879,6554.17
189,2024,0,1,0,2,5.33,8.7656,6410.17
190,2021,1,0,0,2,3.97,8.8582,7032.06
190,2022,1,0,0,2,5.05,8.9579,7768.75
190,2023,1,1,1,2,3.54,9.1338,9263.24
190,2024,1,1,1,2,4.48,9.0889,8856.0
191,2021,0,0,0,2,4.24,9.6272,15172.29
191,2022,0,0,0,2,4.23,9.4667,12922.61
191,2023,0,1,0,2,5.34,9.7686,17477.06
191,2024,0,1,0,2,5.06,9.7184,16619.81
192,2021,1,0,0,3,4.16,9.1275,9204.82
192,2022,1,0,0,3,4.97,9.0534,8547.21
192,2023,1,1,1,3,4.61,9.0765,8747.65
192,2024,1,1,1,3,4.93,9.2374,10274.43
193,2021,1,0,0,1,4.5,9.0616,8617.98
193,2022,1,0,0,1,4.25,8.9224,7497.87
193,2023,1,1,1,1,5.44,9.4814,13112.99
193,2024,1,1,1,1,4.36,9.3419,11406.45
194,2021,1,0,0,2,3.29,9.6015,14786.72
194,2022,1,0,0,2,2.11,9.3506,11505.4
194,2023,1,1,1,2,4.09,9.8587,19123.51
194,2024,1,1,1,2,4.41,9.8128,18266.67
195,2021,0,0,0,2,3.94,9.0184,8253.35
195,2022,0,0,0,2,3.52,9.1521,9434.55
195,2023,0,1,0,2,3.84,9.171,9613.97
195,2024,0,1,0,2,4.66,9.257,10477.96
196,2021,0,0,0,1,3.62,8.8853,7224.77
196,2022,0,0,0,1,4.34,8.7323,6199.74
196,2023,0,1,0,1,4.32,9.2302,10200.79
196,2024,0,1,0,1,3.72,8.9888,8013.01
197,2021,0,0,0,2,4.19,9.435,12519.53
197,2022,0,0,0,2,3.6,9.7224,16687.47
197,2023,0,1,0,2,3.03,9.5541,14102.94
197,2024,0,1,0,2,4.37,9.5726,14365.34
198,2021,0,0,0,2,4.23,8.9938,8052.74
198,2022,0,0,0,2,4.44,9.1725,9628.97
198,2023,0,1,0,2,4.08,9.4228,12367.03
198,2024,0,1,0,2,3.56,9.4835,13140.89
199,2021,0,0,0,2,3.71,8.9426,7651.1
199,2022,0,0,0,2,3.37,9.2519,10423.87
199,2023,0,1,0,2,4.08,9.2838,10762.3
199,2024,0,1,0,2,5.02,9.1661,9567.12
200,2021,1,0,0,1,4.23,8.8595,7041.06
200,2022,1,0,0,1,3.41,8.7902,6569.45
200,2023,1,1,1,1,5.0,9.1269,9199.31
200,2024,1,1,1,1,5.22,9.1937,9835.08
201,2021,0,0,0,1,3.39,8.8596,7041.82
201,2022,0,0,0,1,4.76,9.2543,10449.15
201,2023,0,1,0,1,4.29,9.0147,8222.97
201,2024,0,1,0,1,4.96,9.1285,9213.83
202,2021,0,0,0,3,4.1,9.5557,14125.16
202,2022,0,0,0,3,3.75,9.5498,14041.27
202,2023,0,1,0,3,4.68,9.7948,17939.56
202,2024,0,1,0,3,4.58,9.7827,17724.28
203,2021,0,0,0,2,3.83,9.1948,9845.33
203,2022,0,0,0,2,3.65,9.1043,8993.54
203,2023,0,1,0,2,4.79,9.2541,10446.86
203,2024,0,1,0,2,3.44,9.4244,12386.94
204,2021,1,0,0,1,3.62,9.4652,12903.1
204,2022,1,0,0,1,4.63,9.3909,11978.88
204,2023,1,1,1,1,3.93,9.5065,13446.59
204,2024,1,1,1,1,5.6,9.535,13835.22
205,2021,1,0,0,1,3.94,8.9254,7520.42
205,2022,1,0,0,1,4.23,8.7946,6598.71
205,2023,1,1,1,1,4.11,9.092,8884.3
205,2024,1,1,1,1,5.32,9.2006,9902.95
206,2021,1,0,0,3,3.29,9.4033,12128.07
206,2022,1,0,0,3,4.12,9.4464,12662.18
206,2023,1,1,1,3,3.06,9.7617,17355.46
206,2024,1,1,1,3,3.98,9.7539,17221.56
207,2021,1,0,0,1,3.87,9.2118,10015.0
207,2022,1,0,0,1,3.6,9.4634,12879.76
207,2023,1,1,1,1,4.03,9.5956,14700.26
207,2024,1,1,1,1,5.13,9.9347,20633.43
208,2021,1,0,0,2,3.99,9.2502,10406.89
208,2022,1,0,0,2,4.58,9.6015,14786.25
208,2023,1,1,1,2,4.56,9.5484,14021.68
208,2024,1,1,1,2,4.5,9.5109,13505.82
209,2021,0,0,0,1,3.13,9.6443,15434.26
209,2022,0,0,0,1,3.36,9.6017,14789.89
209,2023,0,1,0,1,3.43,9.5871,14576.14
209,2024,0,1,0,1,4.21,9.5264,13717.21
210,2021,0,0,0,3,4.12,9.5046,13420.77
210,2022,0,0,0,3,5.0,9.6498,15518.73
210,2023,0,1,0,3,3.75,9.6697,15831.05
210,2024,0,1,0,3,4.23,9.5065,13447.45
211,2021,0,0,0,2,3.44,9.4011,12101.24
211,2022,0,0,0,2,3.83,9.3821,11873.58
211,2023,0,1,0,2,4.45,9.4849,13159.32
211,2024,0,1,0,2,4.82,9.6648,15753.78
212,2021,1,0,0,2,2.84,10.0444,23026.49
212,2022,1,0,0,2,4.31,10.2058,27060.57
212,2023,1,1,1,2,4.15,10.358,31508.2
212,2024,1,1,1,2,4.38,9.988,21763.37
213,2021,0,0,0,2,4.05,9.2163,10059.52
213,2022,0,0,0,2,4.38,9.2479,10382.83
213,2023,0,1,0,2,4.33,9.2286,10183.86
213,2024,0,1,0,2,4.1,9.4644,12892.53
214,2021,0,0,0,1,3.32,9.3799,11848.01
214,2022,0,0,0,1,3.82,9.4991,13348.18
214,2023,0,1,0,1,4.71,9.1248,9179.91
214,2024,0,1,0,1,4.87,9.3519,11520.35
215,2021,0,0,0,2,4.05,8.9334,7581.36
215,2022,0,0,0,2,4.14,9.2496,10399.93
215,2023,0,1,0,2,3.59,9.2954,10888.17
215,2024,0,1,0,2,4.18,9.3996,12083.27
216,2021,1,0,0,1,4.29,9.2349,10248.78
216,2022,1,0,0,1,3.78,9.4927,13262.22
216,2023,1,1,1,1,4.47,9.6714,15856.9
216,2024,1,1,1,1,4.21,9.6531,15569.98
217,2021,1,0,0,3,3.38,9.5907,14627.61
217,2022,1,0,0,3,4.54,9.5607,14195.1
217,2023,1,1,1,3,3.45,9.6999,16315.95
217,2024,1,1,1,3,4.21,9.5968,14717.84
218,2021,0,0,0,3,2.83,9.3298,11268.5
218,2022,0,0,0,3,3.51,9.3272,11239.77
218,2023,0,1,0,3,3.89,9.5005,13366.77
218,2024,0,1,0,3,4.23,9.2094,9990.23
219,2021,0,0,0,2,3.73,9.0938,8899.66
219,2022,0,0,0,2,5.25,9.2228,10125.08
219,2023,0,1,0,2,4.05,9.1932,9829.75
219,2024,0,1,0,2,3.07,9.1284,9213.42
220,2021,1,0,0,3,3.18,9.1276,9205.87
220,2022,1,0,0,3,3.86,9.202,9917.29
220,2023,1,1,1,3,4.65,9.5165,13582.2
220,2024,1,1,1,3,4.61,9.4528,12743.33
221,2021,0,0,0,2,3.62,9.1438,9356.62
221,2022,0,0,0,2,4.59,9.3152,11106.04
221,2023,0,1,0,2,3.56,9.3723,11757.86
221,2024,0,1,0,2,4.03,9.3614,11630.5
222,2021,0,0,0,2,4.37,9.1218,9152.6
222,2022,0,0,0,2,4.17,9.1584,9494.12
222,2023,0,1,0,2,3.87,9.2285,10183.61
222,2024,0,1,0,2,3.33,9.1672,9577.9
223,2021,1,0,0,3,3.16,8.9363,7602.69
223,2022,1,0,0,3,4.24,9.2003,9899.82
223,2023,1,1,1,3,4.32,9.2042,9938.88
223,2024,1,1,1,3,4.88,8.9575,7766.0
224,2021,1,0,0,1,2.65,9.1486,9401.57
224,2022,1,0,0,1,5.22,8.8406,6909.12
224,2023,1,1,1,1,3.58,9.3549,11554.81
224,2024,1,1,1,1,4.06,9.1377,9299.74
225,2021,1,0,0,3,3.88,9.2992,10929.58
225,2022,1,0,0,3,2.97,9.0438,8465.54
225,2023,1,1,1,3,3.54,9.4581,12811.02
225,2024,1,1,1,3,4.52,9.3484,11479.94
226,2021,0,0,0,2,2.71,9.4465,12663.56
226,2022,0,0,0,2,3.87,9.3765,11807.98
226,2023,0,1,0,2,4.86,9.4433,12623.55
226,2024,0,1,0,2,3.46,9.5138,13545.42
227,2021,0,0,0,3,3.09,10.2066,27080.85
227,2022,0,0,0,3,4.4,10.3701,31891.68
227,2023,0,1,0,3,4.23,10.2706,28871.48
227,2024,0,1,0,3,4.26,10.5636,38700.1
228,2021,1,0,0,1,3.52,9.0838,8811.62
228,2022,1,0,0,1,4.52,9.6383,15340.69
228,2023,1,1,1,1,4.71,9.5447,13970.83
228,2024,1,1,1,1,5.22,9.7507,17166.26
229,2021,1,0,0,1,3.83,8.5431,5131.23
229,2022,1,0,0,1,4.37,8.5742,5293.4
229,2023,1,1,1,1,4.81,8.7082,6052.11
229,2024,1,1,1,1,4.06,8.8442,6933.89
230,2021,1,0,0,2,3.7,8.8285,6826.25
230,2022,1,0,0,2,3.86,8.758,6361.36
230,2023,1,1,1,2,5.8,8.9277,7537.82
230,2024,1,1,1,2,4.61,9.0211,8276.24
231,2021,1,0,0,2,4.12,9.4245,12387.75
231,2022,1,0,0,2,4.86,9.26,10508.68
231,2023,1,1,1,2,3.13,9.8594,19136.59
231,2024,1,1,1,2,3.55,9.7598,17323.76
232,2021,0,0,0,3,4.26,9.1126,9069.02
232,2022,0,0,0,3,4.13,8.9896,8019.24
232,2023,0,1,0,3,4.86,9.0036,8132.57
232,2024,0,1,0,3,3.47,9.1076,9023.17
233,2021,0,0,0,2,4.03,9.7398,16980.52
233,2022,0,0,0,2,3.41,9.9553,21064.36
233,2023,0,1,0,2,5.13,10.0241,22563.95
233,2024,0,1,0,2,3.79,9.8677,19297.27
234,2021,0,0,0,3,2.81,8.9031,7354.66
234,2022,0,0,0,3,3.9,8.7287,6177.64
234,2023,0,1,0,3,4.35,8.8328,6855.39
234,2024,0,1,0,3,4.71,8.7125,6078.24
235,2021,0,0,0,1,4.14,9.4503,12711.45
235,2022,0,0,0,1,3.82,9.5225,13663.45
235,2023,0,1,0,1,4.34,9.4482,12684.69
235,2024,0,1,0,1,5.05,9.513,13534.77
236,2021,0,0,0,2,4.08,9.266,10571.9
236,2022,0,0,0,2,4.34,9.3079,11024.26
236,2023,0,1,0,2,3.85,9.1213,9147.9
236,2024,0,1,0,2,4.02,9.2842,10766.55
237,2021,1,0,0,3,3.69,9.6361,15306.89
237,2022,1,0,0,3,5.08,9.8955,19840.2
237,2023,1,1,1,3,4.45,9.8486,18931.53
237,2024,1,1,1,3,3.3,9.9213,20359.84
238,2021,0,0,0,2,3.38,9.4678,12936.52
238,2022,0,0,0,2,5.17,9.1541,9452.92
238,2023,0,1,0,2,5.68,9.3632,11651.4
238,2024,0,1,0,2,4.73,9.2337,10236.22
239,2021,0,0,0,1,4.5,8.8863,7232.55
239,2022,0,0,0,1,4.36,8.8756,7155.19
239,2023,0,1,0,1,3.97,9.0057,8149.44
239,2024,0,1,0,1,5.29,8.7849,6535.11
240,2021,0,0,0,2,3.49,8.6706,5829.13
240,2022,0,0,0,2,3.11,9.0714,8703.06
240,2023,0,1,0,2,4.71,8.7826,6520.01
240,2024,0,1,0,2,4.06,8.9724,7882.45
241,2021,0,0,0,1,3.53,9.6471,15476.08
241,2022,0,0,0,1,3.66,9.8544,19041.84
241,2023,0,1,0,1,4.8,9.9411,20766.16
241,2024,0,1,0,1,4.34,9.9727,21433.81
242,2021,1,0,0,2,3.14,9.3118,11068.22
242,2022,1,0,0,2,4.21,9.1935,9832.56
242,2023,1,1,1,2,3.5,9.6161,15004.29
242,2024,1,1,1,2,4.28,9.6334,15266.04
243,2021,0,0,0,2,3.37,9.7108,16495.52
243,2022,0,0,0,2,3.65,9.7403,16988.43
243,2023,0,1,0,2,4.1,9.6694,15825.81
243,2024,0,1,0,2,4.31,9.7943,17932.06
244,2021,0,0,0,3,3.89,9.2203,10100.08
244,2022,0,0,0,3,3.62,9.3121,11071.57
244,2023,0,1,0,3,3.71,9.2604,10513.81
244,2024,0,1,0,3,4.17,9.3894,11961.36
245,2021,0,0,0,1,3.64,8.6323,5610.12
245,2022,0,0,0,1,4.48,8.7354,6219.16
245,2023,0,1,0,1,5.33,8.7062,6040.22
245,2024,0,1,0,1,4.9,8.7345,6213.45
246,2021,0,0,0,3,2.86,8.455,4698.31
246,2022,0,0,0,3,3.13,8.1415,3433.91
246,2023,0,1,0,3,3.83,8.0648,3180.68
246,2024,0,1,0,3,4.02,8.4783,4809.49
247,2021,1,0,0,2,3.48,9.1622,9529.92
247,2022,1,0,0,2,3.11,9.6815,16018.26
247,2023,1,1,1,2,4.62,9.8344,18664.35
247,2024,1,1,1,2,5.16,9.6127,14953.78
248,2021,0,0,0,2,4.12,8.1237,3373.52
248,2022,0,0,0,2,4.08,8.0124,3018.08
248,2023,0,1,0,2,3.68,8.4733,4785.41
248,2024,0,1,0,2,3.88,8.3795,4356.78
249,2021,0,0,0,3,4.45,9.3398,11381.61
249,2022,0,0,0,3,3.6,9.0275,8328.66
249,2023,0,1,0,3,4.37,9.2913,10843.36
249,2024,0,1,0,3,4.73,9.3004,10941.89
250,2021,0,0,0,2,4.44,9.4685,12945.39
250,2022,0,0,0,2,4.36,9.5273,13729.69
250,2023,0,1,0,2,4.69,9.4014,12105.22
250,2024,0,1,0,2,4.89,9.4496,12703.36
