state,year,vmtrural,vmturban,fips,vmt,fatalityrate,sb_useage,speed65,speed70,drinkage21,ba08,income,age,primary,secondary
AK,1983,2117,1241,2,3358,.044669446,,0,0,1,0,17973,28.234966,0,0
AK,1984,2294,1295,2,3589,.037336305,,0,0,1,0,18093,28.343542,0,0
AK,1985,2059,1781,2,3840,.033072915,,0,0,1,0,18925,28.372816,0,0
AK,1986,2175,1833,2,4008,.025199601,,0,0,1,0,18466,28.396652,0,0
AK,1987,2123,1777,2,3900,.01948718,,0,0,1,0,18021,28.453251,0,0
AK,1988,2091,1750,2,3841,.02525384,,0,0,1,0,18447,28.851419,0,0
AK,1989,2205,1682,2,3887,.021610497,,0,0,1,0,19970,29.148954,0,0
AK,1990,2276,1703,2,3979,.024629304,.44999999,0,0,1,0,21073,29.586285,0,0
AK,1991,2281,1740,2,4021,.025118129,.66000003,0,0,1,0,21496,29.827711,0,1
AK,1992,2005,1836,2,3841,.028117677,.66000003,1,0,1,0,22073,30.210697,0,1
AK,1993,2016,1902,2,3918,.030117407,.69,1,0,1,0,22711,30.464386,0,1
AK,1994,2176,1974,2,4150,.020481927,.69,1,0,1,0,23417,30.756571,0,1
AK,1995,2093,2030,2,4123,.021101139,.69,1,0,1,0,23971,31.178596,0,1
AK,1996,2053,2062,2,4115,.019684082,.69,1,0,1,0,24310,31.445354,0,1
AK,1997,2309,2078,2,4387,.017551858,.69,1,0,1,0,24969,31.601475,0,1
AL,1983,16415,14617,1,31032,.029969065,,0,0,0,0,9505,34.200645,0,0
AL,1984,17216,15745,1,32961,.028275842,.13,0,0,0,0,10417,34.421631,0,0
AL,1985,17453,17638,1,35091,.025134649,.17,0,0,1,0,11133,34.60257,0,0
AL,1986,18554,15449,1,34003,.031791311,.28999999,0,0,1,0,11736,34.760674,0,0
AL,1987,20133,17293,1,37426,.029685246,.20999999,1,0,1,0,12394,34.955658,0,0
AL,1988,20937,18747,1,39684,.025803851,.28999999,1,0,1,0,13288,35.136955,0,0
AL,1989,21789,18976,1,40765,.025242243,.38,1,0,1,0,14266,35.327858,0,0
AL,1990,22586,19761,1,42347,.026471769,.44,1,0,1,0,15213,35.622925,0,0
AL,1991,22577,20347,1,42924,.025999442,.47,1,0,1,0,15895,35.688736,0,0
AL,1992,22803,22959,1,45762,.02252961,.57999998,1,0,1,0,16817,35.832619,0,1
AL,1993,23619,23718,1,47337,.022054629,.55000001,1,0,1,0,17398,35.948254,0,1
AL,1994,24541,24415,1,48956,.022121906,.55000001,1,0,1,0,18163,36.09201,0,1
AL,1995,25698,24930,1,50628,.022003634,.51999998,1,1,1,1,19041,36.205746,0,1
AL,1996,25865,25568,1,51433,.022281414,.54000002,1,1,1,1,19838,36.385132,0,1
AL,1997,27047,26411,1,53458,.022297878,.51999998,1,1,1,1,20672,36.500721,0,1
AR,1983,10997,5687,5,16684,.033385281,,0,0,1,0,9267,35.422138,0,0
AR,1984,10936,5685,5,16621,.031586546,,0,0,1,0,10263,35.563965,0,0
AR,1985,11100,6012,5,17112,.031206172,,0,0,1,0,10919,35.691914,0,0
AR,1986,11352,6203,5,17555,.034349188,.198,0,0,1,0,11409,35.867268,0,0
AR,1987,11829,6477,5,18306,.034906588,,1,0,1,0,11842,36.008133,0,0
AR,1988,12236,6983,5,19219,.031739425,.301,1,0,1,0,12637,36.143867,0,0
AR,1989,12988,7426,5,20414,.031693935,,1,0,1,0,13353,36.292084,0,0
AR,1990,13414,7597,5,21011,.028746847,.34,1,0,1,0,14025,36.425682,0,0
AR,1991,14079,7855,5,21934,.027719522,.51999998,1,0,1,0,14766,36.466316,0,1
AR,1992,15048,8033,5,23081,.0254755,.55000001,1,0,1,0,15807,36.505699,0,1
AR,1993,15636,8359,5,23995,.024296729,.55000001,1,0,1,0,16380,36.592575,0,1
AR,1994,16123,8825,5,24948,.024410775,.50999999,1,0,1,0,17090,36.622391,0,1
AR,1995,17651,9002,5,26653,.023674633,.50999999,1,0,1,0,17934,36.62849,0,1
AR,1996,18507,9333,5,27840,.022090517,.47999999,1,0,1,0,18808,36.665237,0,1
AR,1997,18545,9599,5,28144,.023450824,.47999999,1,0,1,0,19595,36.817577,0,1
AZ,1983,10118,9493,4,19611,.034419458,,0,0,0,0,11277,34.11422,0,0
AZ,1984,10548,10065,4,20613,.042157862,,0,0,1,0,12375,34.24707,0,0
AZ,1985,11184,10396,4,21580,.041380908,,0,0,1,0,13280,34.33136,0,0
AZ,1986,11810,10855,4,22665,.044429738,,0,0,1,0,13980,34.475342,0,0
AZ,1987,13367,18362,4,31729,.029594377,,1,0,1,0,14631,34.543026,0,0
AZ,1988,13648,20599,4,34247,.027564459,,1,0,1,0,15246,34.656132,0,0
AZ,1989,14659,20157,4,34816,.025247013,,1,0,1,0,15919,34.704109,0,0
AZ,1990,14771,20685,4,35456,.024509251,.55000001,1,0,1,0,16608,34.885624,0,0
AZ,1991,13602,21327,4,34929,.023361677,.64999998,1,0,1,0,16971,35.004906,0,1
AZ,1992,13788,21259,4,35047,.023083288,.73000002,1,0,1,0,17583,35.192467,0,1
AZ,1993,13055,26095,4,39150,.020459769,.73000002,1,0,1,0,18270,35.28326,0,1
AZ,1994,13795,24979,4,38774,.023314591,.60000002,1,0,1,0,19127,35.495934,0,1
AZ,1995,14050,25603,4,39653,.026101429,.60000002,1,1,1,0,20078,35.494862,0,1
AZ,1996,14921,27202,4,42123,.023597559,.56,1,1,1,0,21071,35.552433,0,1
AZ,1997,15416,28075,4,43491,.021866594,.63,1,1,1,0,21998,35.700436,0,1
CA,1983,42394,140258,6,182652,.025036681,,0,0,1,0,14258,33.737457,0,0
CA,1984,44561,151976,6,196537,.025542265,,0,0,1,0,15593,33.784428,0,0
CA,1985,46183,161417,6,207600,.023892101,.25799999,0,0,1,0,16523,33.801826,0,0
CA,1986,47349,167564,6,214913,.024442449,.45430002,0,0,1,0,17255,33.811142,0,1
CA,1987,47932,178369,6,226301,.02432159,.48099998,1,0,1,0,18175,33.822163,0,1
CA,1988,51076,190499,6,241575,.02232019,.50849998,1,0,1,0,19263,33.803806,0,1
CA,1989,52039,199443,6,251482,.021520426,.53299999,1,0,1,0,20226,33.759209,0,1
CA,1990,54923,204003,6,258926,.02005206,.57099998,1,0,1,1,21363,33.836723,0,1
CA,1991,55094,202882,6,257976,.018172232,.59349996,1,0,1,1,21491,33.798492,0,1
CA,1992,52197,210351,6,262548,.015966604,.66600001,1,0,1,1,22191,33.899582,0,1
CA,1993,51762,214646,6,266408,.015630161,.81300002,1,0,1,1,22430,33.982059,0,1
CA,1994,52723,219220,6,271943,.015562085,.82699996,1,0,1,1,22953,34.054005,0,1
CA,1995,53338,223033,6,276371,.015168017,.81699997,1,1,1,1,23983,34.177372,0,1
CA,1996,52976,225067,6,278043,.014346702,.84500003,1,1,1,1,25142,34.294331,0,1
CA,1997,55071,230541,6,285612,.012912623,.852,1,1,1,1,26314,34.48209,0,1
CO,1983,10643,13466,8,24109,.026794974,,0,0,0,0,13460,32.609226,0,0
CO,1984,11510,13078,8,24588,.024727508,,0,0,0,0,14597,32.79044,0,0
CO,1985,10099,16047,8,26146,.022144878,,0,0,0,0,15224,32.945457,0,0
CO,1986,10239,16143,8,26382,.022856493,,0,0,0,0,15571,33.115364,0,0
CO,1987,10497,16471,8,26968,.021914862,,1,0,1,0,16147,33.291237,0,1
CO,1988,10957,16708,8,27665,.017964937,,1,0,1,0,16985,33.521919,0,1
CO,1989,11865,15712,8,27577,.019110128,,1,0,1,0,18110,33.773643,0,1
CO,1990,11709,15469,8,27178,.02001619,.5,1,0,1,0,19290,34.018829,0,1
CO,1991,11459,16285,8,27744,.0195718,.50999999,1,0,1,0,20099,34.176773,0,1
CO,1992,10818,18109,8,28927,.018045425,.5,1,0,1,0,21005,34.346352,0,1
CO,1993,13062,19656,8,32718,.017085396,.52999997,1,0,1,0,22117,34.55241,0,1
CO,1994,13561,20144,8,33705,.017386144,.54000002,1,0,1,0,23019,34.784157,0,1
CO,1995,14023,21035,8,35058,.018398084,.56,1,0,1,0,24304,34.989418,0,1
CO,1996,14822,21319,8,36141,.017072024,.56,1,0,1,0,25627,35.191387,0,1
CO,1997,15239,22507,8,37746,.016240131,.58999997,1,0,1,0,27015,35.319588,0,1
CT,1983,4923,15707,9,20630,.021231217,,0,0,0,0,15620,36.034252,0,0
CT,1984,4989,16087,9,21076,.0222528,,0,0,0,0,17360,36.191238,0,0
CT,1985,5363,16789,9,22152,.020223908,,0,0,1,0,18531,36.30098,0,0
CT,1986,5771,18282,9,24053,.018916558,,0,0,1,0,19815,36.355385,1,0
CT,1987,6447,20328,9,26775,.016769374,,0,0,1,0,21588,36.451347,1,0
CT,1988,6548,19514,9,26062,.018571099,,0,0,1,0,23699,36.501705,1,0
CT,1989,6596,19587,9,26183,.015506244,,0,0,1,0,25407,36.574379,1,0
CT,1990,6597,19706,9,26303,.014637114,.58999997,0,0,1,0,26453,36.770096,1,0
CT,1991,6715,19913,9,26628,.01164188,.61000001,1,0,1,0,26721,36.820641,1,0
CT,1992,6068,20391,9,26459,.011187119,.70999998,0,0,1,0,28345,36.9771,1,0
CT,1993,6575,20426,9,27001,.012666197,.70999998,0,0,1,0,29232,37.06562,1,0
CT,1994,6350,20788,9,27138,.011423097,.72000003,0,0,1,0,30310,37.160591,1,0
CT,1995,6701,21344,9,28045,.011303263,.72000003,0,0,1,0,32073,37.279957,1,0
CT,1996,6899,21236,9,28135,.011018304,.62,0,0,1,0,33979,37.427567,1,0
CT,1997,7043,21509,9,28552,.011873074,.63999999,0,0,1,0,35863,37.547279,1,0
DC,1983,1.0000000e-06,3099,11,3099,.021297192,,0,0,0,0,15267,35.723854,0,0
DC,1984,1.0000000e-06,3214,11,3214,.019912882,,0,0,0,0,16620,35.835728,0,0
DC,1985,1.0000000e-06,3223,11,3223,.018616196,,0,0,0,0,17531,35.887428,0,0
DC,1986,1.0000000e-06,3287,11,3287,.013386066,,0,0,1,0,18335,35.891407,0,1
DC,1987,1.0000000e-06,3368,11,3368,.015736341,,1,0,1,0,19566,35.976639,0,1
DC,1988,1.0000000e-06,3405,11,3405,.017914832,,1,0,1,0,21782,36.041538,0,1
DC,1989,1.0000000e-06,3414,11,3414,.02108963,,1,0,1,0,23438,36.116497,0,1
DC,1990,1.0000000e-06,3407,11,3407,.014088641,.49000001,1,0,1,0,25646,36.913654,0,1
DC,1991,1.0000000e-06,3430,11,3430,.018367346,.49000001,1,0,1,0,27028,36.86105,0,1
DC,1992,1.0000000e-06,3562,11,3562,.014037058,.58999997,1,0,1,0,28597,37.041351,0,1
DC,1993,1.0000000e-06,3485,11,3485,.016355811,.62,1,0,1,0,29912,37.230858,0,1
DC,1994,1.0000000e-06,3448,11,3448,.0200116,.62,1,0,1,0,31212,37.421543,0,1
DC,1995,1.0000000e-06,3465,11,3465,.016738817,.63,1,0,1,0,32398,37.650448,0,1
DC,1996,1.0000000e-06,3316,11,3316,.018697226,.57999998,1,0,1,0,34213,38.067749,0,1
DC,1997,1.0000000e-06,3326,11,3326,.018039687,.66000003,1,0,1,0,35704,38.375671,0,1
DE,1983,2153,2733,10,4886,.022513304,,0,0,1,0,13159,34.221546,0,0
DE,1984,2311,2827,10,5138,.025301674,,0,0,1,0,14291,34.422466,0,0
DE,1985,2432,2933,10,5365,.019384902,,0,0,1,0,15451,34.565941,0,0
DE,1986,2600,3162,10,5762,.023602916,,0,0,1,0,16257,34.70903,0,0
DE,1987,2777,3309,10,6086,.023989484,,1,0,1,0,17423,34.91209,0,0
DE,1988,2904,3500,10,6404,.024984384,,1,0,1,0,18878,35.061348,0,0
DE,1989,2900,3546,10,6446,.017995656,,1,0,1,0,20563,35.174129,0,0
DE,1990,2924,3624,10,6548,.021075137,.44999999,1,0,1,0,21590,35.423889,0,0
DE,1991,2880,3841,10,6721,.015176313,.54000002,1,0,1,0,22241,35.491249,0,0
DE,1992,2685,4207,10,6892,.020313406,.69999999,1,0,1,0,23004,35.651562,0,1
DE,1993,2688,4207,10,6895,.015953589,.63,1,0,1,0,23542,35.844376,0,1
DE,1994,2672,4353,10,7025,.01594306,.58999997,1,0,1,0,24465,35.968498,0,1
DE,1995,2954,4561,10,7515,.016101131,.63,1,0,1,0,25603,36.240269,0,1
DE,1996,2921,4745,10,7666,.01513175,.62,1,0,1,0,27125,36.460094,0,1
DE,1997,3129,4878,10,8007,.017859373,.58999997,1,0,1,0,28493,36.598919,0,1
FL,1983,27214,54562,12,81776,.032845821,,0,0,0,0,12469,38.515419,0,0
FL,1984,27989,57486,12,85475,.032921907,,0,0,0,0,13476,38.636612,0,0
FL,1985,28638,59418,12,88056,.032161351,.22299999,0,0,1,0,14367,38.709858,0,0
FL,1986,26431,60842,12,87273,.032438442,.34450001,0,0,1,0,15102,38.735184,0,0
FL,1987,29955,63864,12,93819,.030260395,.55150002,1,0,1,0,16001,38.802761,0,1
FL,1988,29489,75830,12,105319,.029225497,.47099999,1,0,1,0,17092,38.823399,0,1
FL,1989,31385,77492,12,108877,.027407074,.55000001,1,0,1,0,18405,38.874424,0,1
FL,1990,31968,78029,12,109997,.026282536,.52999997,1,0,1,0,19127,38.696613,0,1
FL,1991,32904,80579,12,113483,.021703692,.52950001,1,0,1,0,19451,38.766312,0,1
FL,1992,32947,81364,12,114311,.021231553,.55799997,1,0,1,0,19910,38.835045,0,1
FL,1993,34314,86153,12,120467,.021881511,.616,1,0,1,0,21080,38.86478,0,1
FL,1994,31727,90262,12,121989,.022026576,.602,1,0,1,1,21761,38.926968,0,1
FL,1995,32403,95398,12,127801,.021948185,.58999997,1,1,1,1,22676,38.998173,0,1
FL,1996,33500,96504,12,130004,.021176271,.62700003,1,1,1,1,23834,39.102768,0,1
FL,1997,34507,99500,12,134007,.020782497,.60000002,1,1,1,1,24799,39.169582,0,1
GA,1983,24369,24468,13,48837,.026537256,,0,0,0,0,10742,32.933285,0,0
GA,1984,24830,25656,13,50486,.027928535,,0,0,0,0,12028,33.103386,0,0
GA,1985,25495,28218,13,53713,.025338372,,0,0,0,0,12928,33.202236,0,0
GA,1986,25944,30889,13,56833,.02692098,,0,0,1,0,13768,33.302769,0,0
GA,1987,27649,32644,13,60293,.026520493,.198,0,0,1,0,14562,33.433662,0,0
GA,1988,29327,32935,13,62262,.026565161,.278,1,0,1,0,15591,33.507473,0,1
GA,1989,33769,41936,13,75705,.021557361,.38799998,1,0,1,0,16466,33.585865,0,1
GA,1990,33681,39065,13,72746,.021471972,.417,1,0,1,0,17385,33.859531,0,1
GA,1991,34448,38557,13,73005,.019026093,.45599997,1,0,1,0,17930,33.961891,0,1
GA,1992,32172,45732,13,77904,.016879749,.461,1,0,1,0,18888,34.094875,0,1
GA,1993,32038,46388,13,78426,.017774718,.57200003,1,0,1,0,19668,34.179443,0,1
GA,1994,33905,48917,13,82822,.017205574,.52900004,1,0,1,0,20632,34.303947,0,1
GA,1995,35562,49822,13,85384,.017427152,.50700003,1,1,1,0,21696,34.415077,0,1
GA,1996,36887,52245,13,89132,.017647984,.611,1,1,1,0,22900,34.525684,0,1
GA,1997,39199,54118,13,93317,.016899386,.68000001,1,1,1,1,23882,34.635078,0,1
HI,1983,1700,4173,15,5873,.024008173,,0,0,0,0,13028,32.71693,0,0
HI,1984,1973,4532,15,6505,.02121445,,0,0,0,0,13740,32.938465,0,0
HI,1985,2270,4492,15,6762,.018633541,.33000001,0,0,0,0,14494,33.160858,0,0
HI,1986,2154,4817,15,6971,.017214173,.72600001,0,0,1,0,15325,33.480858,1,0
HI,1987,2202,5016,15,7218,.019257411,.66100001,0,0,1,0,16262,33.816185,1,0
HI,1988,2330,5089,15,7419,.019948781,.66500002,0,0,1,0,17815,34.105312,1,0
HI,1989,2445,5305,15,7750,.019225806,.78300005,0,0,1,0,19395,34.371857,1,0
HI,1990,2810,5256,15,8066,.021943962,.80500001,0,0,1,0,21529,34.878975,1,0
HI,1991,2874,5269,15,8143,.016578656,.85300004,0,0,1,0,22171,34.979675,1,0
HI,1992,2148,5918,15,8066,.015993057,.83099997,0,0,1,0,22906,35.177174,1,0
HI,1993,2159,5915,15,8074,.016596483,.84199995,0,0,1,0,23638,35.348145,1,0
HI,1994,2060,5875,15,7935,.015374921,.82499999,0,0,1,0,24090,35.526581,1,0
HI,1995,2098,5847,15,7945,.016362492,.79900002,0,0,1,0,24848,35.765392,1,0
HI,1996,2158,5872,15,8030,.018430885,.80000001,0,0,1,0,25086,36.071239,1,0
HI,1997,2132,5815,15,7947,.016484208,.80000001,0,0,1,1,25598,36.396507,1,0
IA,1983,12631,7030,19,19661,.026143126,,0,0,0,0,11218,35.413769,0,0
IA,1984,13181,7316,19,20497,.020490803,,0,0,0,0,12460,35.605,0,0
IA,1985,12889,7302,19,20191,.023475805,.18000001,0,0,0,0,13042,35.814846,0,0
IA,1986,12982,7431,19,20413,.02160388,.43000001,0,0,1,0,13688,36.084934,1,0
IA,1987,13216,7592,19,20808,.023596693,.56,1,0,1,0,14511,36.371532,1,0
IA,1988,14000,7907,19,21907,.025425663,.55000001,1,0,1,0,14882,36.568565,1,0
IA,1989,14505,8066,19,22571,.022772584,.58999997,1,0,1,0,16058,36.668819,1,0
IA,1990,14827,8166,19,22993,.020223547,.61000001,1,0,1,0,16885,36.669601,1,0
IA,1991,15026,7994,19,23020,.021198958,.68000001,1,0,1,0,17304,36.691963,1,0
IA,1992,15364,8562,19,23926,.018264649,.70999998,1,0,1,0,18368,36.85265,1,0
IA,1993,16033,9085,19,25118,.018273748,.73000002,1,0,1,0,18461,36.939445,1,0
IA,1994,16469,9268,19,25737,.018572483,.73000002,1,0,1,0,19964,37.053326,1,0
IA,1995,16548,9439,19,25987,.02027937,.75999999,1,0,1,0,20412,37.204323,1,0
IA,1996,17101,9779,19,26880,.017299106,.75,1,0,1,0,22032,37.299576,1,0
IA,1997,17894,10090,19,27984,.016723841,.75,1,0,1,0,23120,37.375866,1,0
ID,1983,5577,2710,16,8287,.031736456,,0,0,0,0,10122,32.172714,0,0
ID,1984,5576,2192,16,7768,.03115345,,0,0,0,0,10780,32.363319,0,0
ID,1985,5416,2294,16,7710,.033073928,.235,0,0,0,0,11331,32.600777,0,0
ID,1986,5444,2337,16,7781,.033157691,.27000001,0,0,0,0,11663,32.862232,0,1
ID,1987,5672,2447,16,8119,.03202365,.31999999,1,0,1,0,12265,33.190964,0,1
ID,1988,5602,2525,16,8127,.031622984,.34,1,0,1,0,13108,33.488564,0,1
ID,1989,5739,2683,16,8422,.02825932,.33000001,1,0,1,0,14283,33.700935,0,1
ID,1990,6831,3018,16,9849,.024774089,.34999999,1,0,1,0,15346,33.763046,0,1
ID,1991,7111,3207,16,10318,.025586354,.46000001,1,0,1,0,15664,33.917278,0,1
ID,1992,7207,3557,16,10764,.022575252,.52999997,1,0,1,0,16607,33.994133,0,1
ID,1993,7692,3789,16,11481,.020033099,.58999997,1,0,1,0,17699,34.041115,0,1
ID,1994,7797,3855,16,11652,.021455545,.54000002,1,0,1,0,18186,34.06496,0,1
ID,1995,8241,4055,16,12296,.021307742,.5,1,1,1,0,18961,34.206535,0,1
ID,1996,8676,4285,16,12961,.019905871,.5,1,1,1,0,19741,34.354084,0,1
ID,1997,8405,4475,16,12880,.020108696,.49000001,1,1,1,1,20392,34.504063,0,1
IL,1983,21500,45870,17,67370,.022651032,,0,0,1,0,13180,34.360767,0,0
IL,1984,22206,47704,17,69910,.022128452,,0,0,1,0,14547,34.469303,0,0
IL,1985,22282,48562,17,70844,.021653211,.15899999,0,0,1,0,15322,34.600918,0,0
IL,1986,23294,50850,17,74144,.021525679,.36200002,0,0,1,0,16106,34.712357,0,1
IL,1987,23769,51987,17,75756,.021833254,.373,1,0,1,0,17066,34.876457,0,1
IL,1988,24638,53845,17,78483,.023406344,.39500001,1,0,1,0,18212,35.033119,0,1
IL,1989,25478,55819,17,81297,.021501409,.40000001,1,0,1,0,19427,35.150803,0,1
IL,1990,26139,57195,17,83334,.019067848,.47099999,1,0,1,0,20494,35.420414,0,1
IL,1991,26929,58501,17,85430,.016949549,.50400001,1,0,1,0,20966,35.419544,0,1
IL,1992,28254,59388,17,87642,.015791515,.63999999,1,0,1,0,22209,35.515553,0,1
IL,1993,25904,63789,17,89693,.015519606,.67000002,1,0,1,0,22895,35.593609,0,1
IL,1994,26941,65375,17,92316,.016833484,.68300003,1,0,1,0,23956,35.626728,0,1
IL,1995,27715,66474,17,94189,.016838484,.68699998,1,0,1,0,25135,35.671322,0,1
IL,1996,28215,68515,17,96730,.015269306,.63999999,1,0,1,0,26393,35.72411,0,1
IL,1997,29575,69744,17,99319,.014065788,.64199996,1,0,1,1,27688,35.783222,0,1
IN,1983,20224,19613,18,39837,.025503928,,0,0,1,0,11001,34.079983,0,0
IN,1984,21020,20054,18,41074,.02252033,,0,0,1,0,12199,34.293316,0,0
IN,1985,20958,19824,18,40782,.023883086,,0,0,1,0,12844,34.491764,0,0
IN,1986,20984,19796,18,40780,.025453653,.19600001,0,0,1,0,13513,34.695549,0,0
IN,1987,21989,22133,18,44122,.023910973,.36700001,1,0,1,0,14324,34.896015,0,1
IN,1988,28512,22612,18,51124,.021496752,.44099998,1,0,1,0,15231,35.06287,0,1
IN,1989,32090,24102,18,56192,.01728004,.461,1,0,1,0,16296,35.157269,0,1
IN,1990,29391,24306,18,53697,.019535542,.47299999,1,0,1,0,17167,35.441704,0,1
IN,1991,29498,24768,18,54266,.018833155,.51999998,1,0,1,0,17624,35.497704,0,1
IN,1992,29252,27820,18,57072,.015787076,.56,1,0,1,0,18763,35.653187,0,1
IN,1993,30628,29833,18,60461,.014902168,.56,1,0,1,0,19649,35.768398,0,1
IN,1994,31759,30349,18,62108,.015634056,.56,1,0,1,0,20734,35.834755,0,1
IN,1995,33087,31465,18,64552,.014871731,.63999999,1,0,1,0,21427,35.936184,0,1
IN,1996,34140,32080,18,66220,.014859559,.62,1,0,1,0,22234,36.062847,0,1
IN,1997,34506,34114,18,68620,.013625765,.63,1,0,1,0,23202,36.109341,0,1
KS,1983,10207,7946,20,18153,.022640886,,0,0,0,0,12273,34.970451,0,0
KS,1984,10618,8099,20,18717,.027247956,,0,0,0,0,13421,35.081535,0,0
KS,1985,10823,8452,20,19275,.025214007,.098999999,0,0,1,0,14121,35.149773,0,0
KS,1986,11099,8727,20,19826,.025219409,.236,0,0,1,0,14703,35.29528,0,1
KS,1987,11496,9065,20,20561,.023880161,.42299998,1,0,1,0,15327,35.361591,0,1
KS,1988,11996,9165,20,21161,.022825008,.48199999,1,0,1,0,16040,35.446934,0,1
KS,1989,12364,9549,20,21913,.019531785,.51999998,1,0,1,0,16802,35.478081,0,1
KS,1990,12565,10284,20,22849,.019431923,.57800001,1,0,1,0,17940,35.59708,0,1
KS,1991,12793,10393,20,23186,.017639956,.63499999,1,0,1,0,18492,35.600468,0,1
KS,1992,12890,11273,20,24163,.016016223,.70300001,1,0,1,0,19447,35.713921,0,1
KS,1993,12847,11268,20,24115,.017748289,.69999999,1,0,1,1,20048,35.796101,0,1
KS,1994,13359,11319,20,24678,.017910689,.69999999,1,0,1,1,20638,35.869053,0,1
KS,1995,13613,11540,20,25153,.017572457,.54000002,1,1,1,1,21481,36.015465,0,1
KS,1996,14039,11903,20,25942,.018888289,.54000002,1,1,1,1,22707,36.13588,0,1
KS,1997,13954,12570,20,26524,.018172221,.56,1,1,1,1,23972,36.162933,0,1
KY,1983,15636,11083,21,26719,.029117856,.059999999,0,0,1,0,9696,34.016823,0,0
KY,1984,16451,11500,21,27951,.026975779,.07,0,0,1,0,10838,34.195854,0,0
KY,1985,16699,11821,21,28520,.024964936,.090000004,0,0,1,0,11278,34.398811,0,0
KY,1986,17044,12208,21,29252,.027519485,.13,0,0,1,0,11715,34.626438,0,0
KY,1987,17604,12716,21,30320,.027836412,.20999999,1,0,1,0,12441,34.877712,0,0
KY,1988,18571,13043,21,31614,.026507244,,1,0,1,0,13187,35.1283,0,0
KY,1989,18826,13339,21,32165,.024001244,.25999999,1,0,1,0,14204,35.336838,0,0
KY,1990,19871,13768,21,33639,.025238562,.31999999,1,0,1,0,15085,35.59314,0,0
KY,1991,20911,14302,21,35213,.023457246,.38999999,1,0,1,0,15719,35.668163,0,0
KY,1992,21393,16669,21,38062,.021412432,.41,1,0,1,0,16677,35.791832,0,0
KY,1993,22015,17583,21,39598,.02199606,.41999999,1,0,1,0,17207,35.916763,0,0
KY,1994,22053,17769,21,39822,.019536939,.57999998,1,0,1,0,17872,35.99733,0,1
KY,1995,22906,18189,21,41095,.020659447,.54000002,1,0,1,0,18601,36.156448,0,1
KY,1996,23674,18912,21,42586,.019771757,.55000001,1,0,1,0,19475,36.319813,0,1
KY,1997,25136,19626,21,44762,.019145705,.54000002,1,0,1,0,20570,36.368168,0,1
LA,1983,16498,11075,22,27573,.033837449,,0,0,0,0,10724,32.139961,0,0
LA,1984,17727,13861,22,31588,.030422945,,0,0,0,0,11421,32.271053,0,0
LA,1985,18419,14946,22,33365,.027903492,,0,0,0,0,11876,32.40501,0,0
LA,1986,16289,13572,22,29861,.031211279,.12,0,0,0,0,11802,32.645462,0,0
LA,1987,16856,13743,22,30599,.026994346,.34999999,1,0,1,0,12010,32.884274,0,1
LA,1988,17186,17496,22,34682,.026670896,.36000001,1,0,1,0,12829,33.091408,0,1
LA,1989,18180,19734,22,37914,.023157673,.41,1,0,1,0,13620,33.343727,0,1
LA,1990,18053,19614,22,37667,.025459951,.43000001,1,0,1,0,14773,33.88932,0,1
LA,1991,18584,16126,22,34710,.024834342,.41999999,1,0,1,0,15593,33.914463,0,1
LA,1992,17846,16007,22,33853,.026171979,.5,1,0,1,0,16381,34.046806,0,1
LA,1993,18763,17588,22,36351,.024153393,.47999999,1,0,1,0,17133,34.211136,0,1
LA,1994,20055,17375,22,37430,.022522042,.5,1,0,1,0,18086,34.33136,0,1
LA,1995,20942,17705,22,38647,.023132455,.58999997,1,0,1,0,18826,34.498936,0,1
LA,1996,20710,17385,22,38095,.023677647,.63,1,0,1,0,19609,34.71262,0,1
LA,1997,21408,17432,22,38840,.023970135,.67000002,1,0,1,0,20458,34.904129,0,1
MA,1983,6657,30884,25,37541,.01734104,,0,0,0,0,14009,35.906113,0,0
MA,1984,6883,31657,25,38540,.017280748,,0,0,0,0,15703,36.015579,0,0
MA,1985,7291,32405,25,39696,.018692059,.2,0,0,1,0,16842,36.086281,0,0
MA,1986,7524,33221,25,40745,.018456252,.34999999,0,0,1,0,18100,36.136421,0,0
MA,1987,7929,34376,25,42305,.01628649,.25999999,0,0,1,0,19600,36.203148,0,0
MA,1988,7832,35502,25,43334,.016730512,,0,0,1,0,21417,36.251724,0,0
MA,1989,8534,37680,25,46214,.015060372,.28999999,0,0,1,0,22634,36.26585,0,0
MA,1990,8509,37621,25,46130,.01311511,.30000001,0,0,1,0,23210,36.462029,0,0
MA,1991,8697,37840,25,46537,.011861529,.36000001,1,0,1,0,23590,36.542503,0,0
MA,1992,8791,38557,25,47348,.010243305,.34,1,0,1,0,24538,36.732395,0,0
MA,1993,7616,39068,25,46684,.010174792,.34,1,0,1,0,25333,36.840694,0,0
MA,1994,7673,39317,25,46990,.0093636941,.51999998,1,0,1,0,26433,36.953663,0,1
MA,1995,7866,40187,25,48053,.0092397975,.52999997,1,0,1,0,28097,37.099487,0,1
MA,1996,8295,41661,25,49956,.0083273277,.54000002,1,0,1,0,29591,37.255405,0,1
MA,1997,8310,42158,25,50468,.0087382104,.52999997,1,0,1,0,31239,37.382561,0,1
MD,1983,12160,18458,24,30618,.021425305,,0,0,1,0,13852,34.261845,0,0
MD,1984,10465,21237,24,31702,.020282632,,0,0,1,0,15279,34.404266,0,0
MD,1985,10892,22445,24,33337,.021867594,.18000001,0,0,1,0,16454,34.544689,0,0
MD,1986,11576,23632,24,35208,.022267666,.55000001,0,0,1,0,17461,34.638355,0,1
MD,1987,12293,24200,24,36493,.022305647,.56,1,0,1,0,18665,34.727478,0,1
MD,1988,12765,24733,24,37498,.020827778,.56999999,1,0,1,0,20079,34.759357,0,1
MD,1989,13311,25611,24,38922,.018652691,.62,1,0,1,0,21469,34.821724,0,1
MD,1990,13791,26745,24,40536,.017441288,.64999998,1,0,1,0,22482,35.064301,0,1
MD,1991,14042,27307,24,41349,.01678396,.67000002,1,0,1,0,22877,35.12738,0,1
MD,1992,12802,29094,24,41896,.015729425,.67000002,1,0,1,0,23548,35.29245,0,1
MD,1993,12925,30386,24,43311,.015377156,.69999999,1,0,1,0,24283,35.409798,0,1
MD,1994,13139,31026,24,44165,.014740179,.69999999,1,0,1,0,25329,35.553398,0,1
MD,1995,13371,31511,24,44882,.014950315,.69999999,1,0,1,0,26141,35.676388,0,1
MD,1996,13711,32476,24,46187,.013163878,.69999999,1,0,1,0,27298,35.892086,0,1
MD,1997,13990,32619,24,46609,.013109056,.70999998,1,0,1,0,28674,35.997524,0,1
ME,1983,5700,2224,23,7924,.028268551,,0,0,0,0,10431,35.138546,0,0
ME,1984,6576,2769,23,9345,.024826109,,0,0,0,0,11500,35.317627,0,0
ME,1985,6726,2551,23,9277,.022205455,,0,0,1,0,12301,35.455265,0,0
ME,1986,7304,2718,23,10022,.021353023,,0,0,1,0,13272,35.588226,0,0
ME,1987,7845,2921,23,10766,.021549322,,1,0,1,0,14392,35.735584,0,0
ME,1988,8338,3063,23,11401,.022454171,,1,0,1,1,15537,35.839989,0,0
ME,1989,8593,3146,23,11739,.01652611,,1,0,1,1,16618,35.931435,0,0
ME,1990,8730,3141,23,11871,.017942887,.34999999,1,0,1,1,17159,36.070671,0,0
ME,1991,8723,3126,23,11849,.017301038,.36000001,1,0,1,1,17300,36.179688,0,0
ME,1992,8964,3187,23,12151,.01761172,.36000001,1,0,1,1,18008,36.430031,0,0
ME,1993,8991,3191,23,12182,.015186341,.36000001,1,0,1,1,18463,36.620628,0,0
ME,1994,9154,3315,23,12469,.015077392,.36000001,1,0,1,1,19190,36.82917,0,0
ME,1995,9258,3331,23,12589,.014854237,.5,1,0,1,1,19995,37.072159,0,0
ME,1996,9440,3379,23,12819,.013183556,.5,1,0,1,1,20948,37.319294,0,1
ME,1997,9800,3445,23,13245,.014496036,.61000001,1,0,1,1,21937,37.590435,0,1
MI,1983,23379,37476,26,60855,.02159231,,0,0,1,0,12143,33.73695,0,0
MI,1984,24480,38990,26,63470,.024121633,.19499999,0,0,1,0,13460,33.975891,0,0
MI,1985,26717,40685,26,67402,.022922168,.25999999,0,0,1,0,14540,34.167847,0,0
MI,1986,27529,44452,26,71981,.02229755,.463,0,0,1,0,15338,34.339111,0,1
MI,1987,31038,44668,26,75706,.021160806,.46450001,1,0,1,0,15899,34.514961,0,1
MI,1988,30767,47132,26,77899,.021925827,.47999999,1,0,1,0,16950,34.657261,0,1
MI,1989,31453,48437,26,79890,.020515708,.46700001,1,0,1,0,17987,34.770603,0,1
MI,1990,32538,48553,26,81091,.019373296,.51700002,1,0,1,0,18699,34.965332,0,1
MI,1991,33118,48817,26,81935,.017343016,.63999999,1,0,1,0,19022,35.048489,0,1
MI,1992,31234,52985,26,84219,.015435947,.55400002,1,0,1,0,19861,35.248104,0,1
MI,1993,30794,54892,26,85686,.016502112,.63999999,1,0,1,0,20939,35.388504,0,1
MI,1994,31149,54034,26,85183,.016681733,.63599998,1,0,1,0,22338,35.558338,0,1
MI,1995,31143,54560,26,85703,.017852351,.65599996,1,0,1,0,23407,35.70993,0,1
MI,1996,34402,55813,26,90215,.01668237,.67199999,1,0,1,0,23996,35.875004,0,1
MI,1997,35183,56572,26,91755,.01575936,.68099999,1,0,1,0,24956,35.999134,0,1
MN,1983,16183,14880,27,31063,.017866915,,0,0,0,0,12310,34.21225,0,0
MN,1984,16281,15545,27,31826,.018286936,,0,0,0,0,13975,34.375187,0,0
MN,1985,16146,16542,27,32688,.018600099,.2,0,0,0,0,14756,34.493107,0,0
MN,1986,16078,17728,27,33806,.016890492,.33000001,0,0,1,0,15526,34.626942,0,1
MN,1987,16531,18636,27,35167,.015070947,.31999999,1,0,1,0,16479,34.765743,0,1
MN,1988,17124,19323,27,36447,.016791506,.47,1,0,1,0,17115,34.834343,0,1
MN,1989,17965,19428,27,37393,.016152756,.44,1,0,1,0,18404,34.892876,0,1
MN,1990,18730,20216,27,38946,.014532943,.47,1,0,1,0,19348,35.001297,0,1
MN,1991,18528,20726,27,39254,.013527283,.52999997,1,0,1,0,19845,35.072998,0,1
MN,1992,19970,21192,27,41162,.01411496,.50999999,1,0,1,0,21126,35.172638,0,1
MN,1993,20309,21905,27,42214,.012744587,.55000001,1,0,1,0,21488,35.284321,0,1
MN,1994,20696,22621,27,43317,.014913313,.56999999,1,0,1,0,22802,35.402653,0,1
MN,1995,21016,23056,27,44072,.013546016,.64999998,1,0,1,0,23736,35.54665,0,1
MN,1996,21150,23315,27,44465,.012954009,.63999999,1,0,1,0,25235,35.689209,0,1
MN,1997,23782,24568,27,48350,.012409514,.64999998,1,0,1,0,26243,35.776623,0,1
MO,1983,17697,18846,29,36543,.024929535,,0,0,1,0,11647,35.471172,0,0
MO,1984,18746,19789,29,38535,.02509407,,0,0,1,0,12860,35.545345,0,0
MO,1985,18767,20517,29,39284,.023699217,,0,0,1,0,13737,35.627445,0,0
MO,1986,20097,21474,29,41571,.027158355,,0,0,1,0,14383,35.728436,0,1
MO,1987,20922,22457,29,43379,.024089998,,1,0,1,0,15084,35.85146,0,1
MO,1988,21885,23688,29,45573,.024202928,,1,0,1,0,15909,35.950199,0,1
MO,1989,23279,24808,29,48087,.021877015,,1,0,1,0,16961,36.059513,0,1
MO,1990,25189,25694,29,50883,.021559263,.54000002,1,0,1,0,17639,36.202015,0,1
MO,1991,24976,16006,29,40982,.024669368,.54000002,1,0,1,0,18305,36.217606,0,1
MO,1992,24968,28286,29,53254,.018496264,.69999999,1,0,1,0,19120,36.301754,0,1
MO,1993,25348,29473,29,54821,.017274402,.69999999,1,0,1,0,19632,36.355167,0,1
MO,1994,25658,31630,29,57288,.019009216,.68000001,1,0,1,0,20576,36.436172,0,1
MO,1995,26504,32843,29,59347,.018686706,.70999998,1,1,1,0,21540,36.499695,0,1
MO,1996,27547,33615,29,61162,.018753475,.62,1,1,1,0,22586,36.539932,0,1
MO,1997,28247,34733,29,62980,.018926643,.62,1,1,1,0,23629,36.594803,0,1
MS,1983,11421,6381,28,17802,.040164027,,0,0,0,0,8372,32.998116,0,0
MS,1984,11856,6586,28,18442,.036818132,,0,0,0,0,9122,33.11409,0,0
MS,1985,12326,6804,28,19130,.034605332,,0,0,0,0,9545,33.221821,0,0
MS,1986,12754,6472,28,19226,.040101945,,0,0,1,0,9898,33.393188,0,0
MS,1987,13522,6651,28,20173,.037475836,,1,0,1,0,10484,33.642082,0,0
MS,1988,14837,7206,28,22043,.03275416,,1,0,1,0,11236,33.888241,0,0
MS,1989,15429,7466,28,22895,.031753659,,1,0,1,0,11996,34.10622,0,0
MS,1990,16702,7696,28,24398,.030740224,.23,1,0,1,0,12706,34.456688,0,1
MS,1991,16962,7935,28,24897,.028678155,.31999999,1,0,1,0,13376,34.476292,0,1
MS,1992,17521,8718,28,26239,.029193185,.23999999,1,0,1,0,14163,34.517605,0,1
MS,1993,18032,8832,28,26864,.030263551,.25,1,0,1,0,14900,34.591602,0,1
MS,1994,19274,9274,28,28548,.02770772,.433,1,0,1,0,15886,34.665394,0,1
MS,1995,19993,9566,28,29559,.029364999,.46000001,1,1,1,0,16574,34.805084,0,1
MS,1996,20657,9905,28,30562,.026536221,.45990002,1,1,1,0,17398,34.962296,0,1
MS,1997,21366,10153,28,31519,.027316857,.48229998,1,1,1,0,18098,35.07288,0,1
MT,1983,5115,2066,30,7181,.039827321,,0,0,0,0,10654,33.700462,0,0
MT,1984,5296,2090,30,7386,.032223124,.168,0,0,0,0,11252,33.849194,0,0
MT,1985,5413,2159,30,7572,.029450608,.21700001,0,0,0,0,11486,34.01178,0,0
MT,1986,5747,1990,30,7737,.028693292,.29499999,0,0,0,0,12120,34.326694,0,0
MT,1987,5949,2125,30,8074,.028981917,.39650002,1,0,1,0,12619,34.659878,0,0
MT,1988,6095,2043,30,8138,.024330303,.59450001,1,0,1,0,12954,35.004417,0,1
MT,1989,6256,1994,30,8250,.021939393,.61799997,1,0,1,0,14193,35.285732,0,1
MT,1990,6360,1972,30,8332,.025444072,.62599999,1,0,1,0,15038,35.46714,0,1
MT,1991,6221,2093,30,8314,.024055809,.64449996,1,0,1,0,15947,35.60186,0,1
MT,1992,6502,2023,30,8525,.022521995,.6803,1,0,1,0,16541,35.677822,0,1
MT,1993,6560,2147,30,8707,.022395773,.69199997,1,0,1,0,17571,35.780735,0,1
MT,1994,6867,2249,30,9116,.022158841,.69580001,1,0,1,0,17590,35.962189,0,1
MT,1995,7175,2224,30,9399,.022874774,.7008,1,0,1,0,18286,36.248688,0,1
MT,1996,7106,2340,30,9446,.021172984,.708,1,0,1,0,18872,36.537804,0,1
MT,1997,7294,2098,30,9392,.028215503,.72550005,1,0,1,0,19660,36.829769,0,1
NC,1983,25520,19518,37,45038,.027399085,,0,0,0,0,10172,34.215305,0,0
NC,1984,27016,21166,37,48182,.030094227,,0,0,0,0,11363,34.448936,0,0
NC,1985,27698,22225,37,49923,.029685715,.25999999,0,0,0,0,12136,34.6348,0,0
NC,1986,29012,23854,37,52866,.03115424,.41999999,0,0,1,0,12900,34.818726,1,0
NC,1987,29636,24964,37,54600,.029010989,.77999997,1,0,1,0,13717,35.019802,1,0
NC,1988,31809,26134,37,57943,.027147369,.63,1,0,1,0,14810,35.180542,1,0
NC,1989,32874,28003,37,60877,.024163477,.61000001,1,0,1,0,15827,35.328709,1,0
NC,1990,33778,28929,37,62707,.022086848,.57999998,1,0,1,0,16649,35.519169,1,0
NC,1991,34857,30026,37,64883,.021099517,.61000001,1,0,1,0,17115,35.637451,1,0
NC,1992,33766,33772,37,67538,.018730197,.62,1,0,1,0,18230,35.761711,1,0
NC,1993,34531,34962,37,69493,.019987624,.63,1,0,1,1,19137,35.872543,1,0
NC,1994,35747,36181,37,71928,.019894894,.79000002,1,0,1,1,19920,35.974251,1,0
NC,1995,37712,38341,37,76053,.019039353,.80000001,1,0,1,1,20996,36.099453,1,0
NC,1996,39282,39653,37,78935,.018926965,.80000001,1,0,1,1,22053,36.209057,1,0
NC,1997,40654,41239,37,81893,.018108996,.85000002,1,0,1,1,23168,36.275143,1,0
ND,1983,4055,1308,38,5363,.021629686,,0,0,1,0,11100,33.74757,0,0
ND,1984,4045,1332,38,5377,.018597731,,0,0,1,0,11871,33.845474,0,0
ND,1985,4053,1334,38,5387,.016706888,,0,0,1,0,12314,34.033051,0,0
ND,1986,4179,1453,38,5632,.017755682,,0,0,1,0,12625,34.291622,0,0
ND,1987,4175,1506,38,5681,.017778561,,1,0,1,0,13037,34.553616,0,0
ND,1988,4224,1541,38,5765,.018039895,,1,0,1,0,12142,34.890324,0,0
ND,1989,4285,1564,38,5849,.013848521,,1,0,1,0,13669,35.177601,0,1
ND,1990,4348,1562,38,5910,.01895093,.28,1,0,1,0,15264,35.629726,0,0
ND,1991,4401,1550,38,5951,.015795665,.30000001,1,0,1,0,15479,35.696392,0,0
ND,1992,4497,1575,38,6072,.014492754,.30000001,1,0,1,0,16866,35.869793,0,0
ND,1993,4581,1577,38,6158,.014452744,.30000001,1,0,1,0,17040,36.002312,0,0
ND,1994,4705,1633,38,6338,.013884506,.31999999,1,0,1,0,18156,36.14896,0,0
ND,1995,4861,1684,38,6545,.011306341,.41999999,1,0,1,0,18149,36.34026,0,1
ND,1996,5021,1720,38,6741,.012609405,.43000001,1,0,1,0,20197,36.557667,0,1
ND,1997,5346,1777,38,7123,.01474098,.49000001,1,0,1,0,20103,36.718712,0,1
NE,1983,7459,4075,31,11534,.022108549,.11,0,0,0,0,11401,34.857758,0,0
NE,1984,7684,4284,31,11968,.023813503,.15000001,0,0,0,0,12658,34.960732,0,0
NE,1985,7737,4317,31,12054,.019661523,.44999999,0,0,1,0,13392,35.074837,0,0
NE,1986,7958,4672,31,12630,.022961203,.38,0,0,1,0,13875,35.234009,0,0
NE,1987,8279,4812,31,13091,.022687342,.28999999,1,0,1,0,14634,35.41465,0,0
NE,1988,8483,4924,31,13407,.019467443,.31,1,0,1,0,15511,35.548363,0,0
NE,1989,8713,5068,31,13781,.021478849,.31999999,1,0,1,0,16371,35.620918,0,0
NE,1990,8779,5179,31,13958,.018770598,.33000001,1,0,1,0,17536,35.682274,0,0
NE,1991,8932,5163,31,14095,.019510465,.31999999,1,0,1,0,18012,35.695354,0,0
NE,1992,8960,5661,31,14621,.018398194,.33000001,1,0,1,0,19157,35.825653,0,0
NE,1993,9058,5719,31,14777,.017188875,.54000002,1,0,1,0,19714,35.901432,0,1
NE,1994,9454,6012,31,15466,.017522307,.63,1,0,1,0,20365,35.975464,0,1
NE,1995,9676,6131,31,15807,.016068831,.63999999,1,1,1,0,21029,36.086983,0,1
NE,1996,9888,6350,31,16238,.018044094,.64999998,1,1,1,0,22847,36.173981,0,1
NE,1997,10636,6441,31,17077,.017684605,.63,1,1,1,0,23618,36.224483,0,1
NH,1983,4358,2823,33,7181,.026597967,,0,0,0,0,13011,34.503143,0,0
NH,1984,4420,2874,33,7294,.026323006,,0,0,0,0,14518,34.634346,0,0
NH,1985,4591,2947,33,7538,.025338287,,0,0,1,0,15842,34.741558,0,0
NH,1986,4859,3054,33,7913,.021736383,.26299998,0,0,1,0,17033,34.747337,0,0
NH,1987,5622,3545,33,9167,.019526564,.27340001,1,0,1,0,18362,34.797314,0,0
NH,1988,5860,3647,33,9507,.017460817,.3716,1,0,1,0,19733,34.746155,0,0
NH,1989,6101,3718,33,9819,.019044708,.50470001,1,0,1,0,20559,34.734829,0,0
NH,1990,6148,3696,33,9844,.016050385,.51740003,1,0,1,0,20728,34.967243,0,0
NH,1991,6263,3672,33,9935,.014494212,.48599997,1,0,1,0,21390,35.072479,0,0
NH,1992,6355,3712,33,10067,.012118804,.49700001,1,0,1,0,22234,35.24675,0,0
NH,1993,6016,4326,33,10342,.011699865,.50569999,1,0,1,0,22710,35.410427,0,0
NH,1994,6107,4394,33,10501,.011332254,.537,1,0,1,1,24119,35.568363,0,0
NH,1995,6193,4450,33,10643,.011087099,.57029998,1,0,1,1,25313,35.772369,0,0
NH,1996,6391,4596,33,10987,.012196232,.56029999,1,0,1,1,26418,35.97538,0,0
NH,1997,6563,4639,33,11202,.011158722,.57700002,1,0,1,1,27766,36.130787,0,0
NJ,1983,9813,42404,34,52217,.017848594,,0,0,1,0,15080,35.970646,0,0
NJ,1984,9667,42645,34,52312,.017625019,.18000001,0,0,1,0,16680,36.094891,0,0
NJ,1985,10153,42955,34,53108,.018151691,.40000001,0,0,1,0,17807,36.212738,0,1
NJ,1986,10591,44759,34,55350,.018771455,.35299999,0,0,1,0,18900,36.286243,0,1
NJ,1987,10597,46474,34,57071,.017925041,.35099998,0,0,1,0,20391,36.376068,0,1
NJ,1988,10836,47889,34,58725,.017896978,.414,0,0,1,0,22302,36.433064,0,1
NJ,1989,11073,48825,34,59898,.014875288,.44099998,0,0,1,0,23751,36.48288,0,1
NJ,1990,10517,48406,34,58923,.015036573,.50400001,0,0,1,0,24883,36.635307,0,1
NJ,1991,11747,47542,34,59289,.013206497,.52599996,0,0,1,0,25328,36.665134,0,1
NJ,1992,11850,47560,34,59410,.012842956,.71300006,0,0,1,0,26749,36.750866,0,1
NJ,1993,10130,49596,34,59726,.013210327,.64199996,0,0,1,0,27457,36.794029,0,1
NJ,1994,10942,49524,34,60466,.012585585,.61000001,0,0,1,0,28333,36.820698,0,1
NJ,1995,11495,49517,34,61012,.012686029,.60699999,0,0,1,0,29568,36.88559,0,1
NJ,1996,12100,50234,34,62334,.013058684,.60299999,0,0,1,0,30892,36.995052,0,1
NJ,1997,12439,50869,34,63308,.012241739,.62,0,0,1,0,32356,37.107769,0,1
NM,1983,7087,4591,35,11678,.045470115,,0,0,1,0,10072,31.993057,0,0
NM,1984,7512,4920,35,12432,.039977476,,0,0,1,0,10861,32.151806,0,0
NM,1985,7521,5748,35,13269,.040319543,,0,0,1,0,11592,32.350853,0,0
NM,1986,7873,5298,35,13171,.037886266,,0,0,1,0,11820,32.559319,1,0
NM,1987,8234,6882,35,15116,.037576079,,1,0,1,0,12257,32.775105,1,0
NM,1988,9312,5971,35,15283,.03186547,,1,0,1,0,12865,32.950233,1,0
NM,1989,9503,6336,35,15839,.033966791,,1,0,1,0,13619,33.181469,1,0
NM,1990,9725,6423,35,16148,.030901659,.58999997,1,0,1,0,14480,33.487133,1,0
NM,1991,10242,6531,35,16773,.027961604,.67000002,1,0,1,0,15069,33.598145,1,0
NM,1992,11648,6804,35,18452,.024929548,.66000003,1,0,1,0,15762,33.740288,1,0
NM,1993,11898,7047,35,18945,.022750067,.75,1,0,1,0,16559,33.795376,1,0
NM,1994,12700,7780,35,20480,.021826172,.79000002,1,0,1,1,17150,33.952942,1,0
NM,1995,13190,7957,35,21147,.022934696,.86000001,1,1,1,1,18029,34.13266,1,0
NM,1996,13346,8164,35,21510,.022547653,.85000002,1,1,1,1,18634,34.373047,1,0
NM,1997,13632,8305,35,21937,.022063181,.87,1,1,1,1,19298,34.538261,1,0
NV,1983,3151,3721,32,6872,.036816064,,0,0,1,0,13151,33.610512,0,0
NV,1984,3303,4029,32,7332,.033960719,,0,0,1,0,14100,33.935585,0,0
NV,1985,3370,4196,32,7566,.034232091,,0,0,1,0,14920,34.162502,0,0
NV,1986,3563,4423,32,7986,.029176058,.20799999,0,0,1,0,15635,34.387501,0,0
NV,1987,3673,4723,32,8396,.031205336,.34400001,1,0,1,0,16422,34.550438,0,1
NV,1988,3888,5101,32,8989,.031816665,.31400001,1,0,1,0,17688,34.648491,0,1
NV,1989,4198,5210,32,9408,.032738097,,1,0,1,0,19084,34.824787,0,1
NV,1990,4372,5843,32,10215,.033578072,.38,1,0,1,0,20209,34.821331,0,1
NV,1991,4372,6138,32,10510,.028353948,.63800001,1,0,1,0,20596,35.121265,0,1
NV,1992,4479,6418,32,10897,.023309167,.63300002,1,0,1,0,21730,35.391766,0,1
NV,1993,4654,6970,32,11624,.022625603,.699,1,0,1,0,22388,35.468739,0,1
NV,1994,5120,7899,32,13019,.02258238,.70699996,1,0,1,0,23391,35.547371,0,1
NV,1995,5431,8543,32,13974,.02239874,.70999998,1,1,1,0,24541,35.654644,0,1
NV,1996,5310,8848,32,14158,.024579743,.70099998,1,1,1,0,25877,35.711189,0,1
NV,1997,5621,10688,32,16309,.021276595,.70099998,1,1,1,0,26514,35.725418,0,1
NY,1983,25140,58643,36,83783,.024790231,,0,0,0,0,14038,35.738415,0,0
NY,1984,25426,61842,36,87268,.023605445,.16,0,0,0,0,15615,35.812611,0,0
NY,1985,26428,64090,36,90518,.022161338,.51499999,0,0,1,0,16613,35.881088,1,0
NY,1986,27954,66762,36,94716,.02239326,.47999999,0,0,1,0,17709,35.950851,1,0
NY,1987,28953,69049,36,98002,.02386686,.63999999,0,0,1,0,18871,36.037659,1,0
NY,1988,30157,73535,36,103692,.02175674,.58999997,0,0,1,0,20433,36.078079,1,0
NY,1989,31001,75058,36,106059,.021308893,.60000002,0,0,1,0,21820,36.11018,1,0
NY,1990,31423,75479,36,106902,.02073862,.63,0,0,1,0,23106,36.265686,1,0
NY,1991,31685,75976,36,107661,.018651137,.67000002,0,0,1,0,23600,36.239666,1,0
NY,1992,30342,79539,36,109881,.01651787,.69,0,0,1,0,24801,36.302555,1,0
NY,1993,30473,81767,36,112240,.015947968,.72000003,0,0,1,0,25373,36.355713,1,0
NY,1994,31195,81775,36,112970,.014853501,.72000003,0,0,1,0,26242,36.416012,1,0
NY,1995,30951,84140,36,115091,.014588456,.72000003,1,0,1,0,27587,36.525028,1,0
NY,1996,31723,86918,36,118641,.013418633,.74000001,1,0,1,0,29015,36.640915,1,0
NY,1997,32139,88639,36,120778,.013677987,.74000001,1,0,1,0,30250,36.786518,1,0
OH,1983,31989,41225,39,73214,.021607889,.13,0,0,0,0,11850,34.556744,0,0
OH,1984,32838,42057,39,74895,.021977436,.15000001,0,0,0,0,13077,34.716904,0,0
OH,1985,32893,42656,39,75549,.021787185,.19,0,0,0,0,13843,34.893635,0,0
OH,1986,35728,45620,39,81348,.020565964,.49000001,0,0,0,0,14458,35.075211,0,1
OH,1987,33999,45158,39,79157,.022385892,.41,1,0,1,0,15156,35.264732,0,1
OH,1988,35023,46967,39,81990,.021319672,.38999999,1,0,1,0,16187,35.406929,0,1
OH,1989,34452,49966,39,84418,.020990783,.43000001,1,0,1,0,17203,35.524044,0,1
OH,1990,35628,51344,39,86972,.018833648,.465,1,0,1,0,18116,35.781384,0,1
OH,1991,36531,56471,39,93002,.01759102,.52999997,1,0,1,0,18589,35.834557,0,1
OH,1992,37429,57792,39,95221,.015112213,.57999998,1,0,1,0,19482,35.964653,0,1
OH,1993,38200,58792,39,96992,.01523837,.61699998,1,0,1,0,20228,36.096306,0,1
OH,1994,37753,60447,39,98200,.01395112,.62099999,1,0,1,0,21237,36.204144,0,1
OH,1995,38163,62625,39,100788,.01349367,.62700003,1,0,1,0,22217,36.357307,0,1
OH,1996,39424,63666,39,103090,.013493064,.62400001,1,0,1,0,23054,36.498379,0,1
OH,1997,40072,63603,39,103675,.013889559,.65199995,1,0,1,0,24163,36.584743,0,1
OK,1983,15555,14010,40,29565,.028682563,,0,0,1,0,11517,34.35067,0,0
OK,1984,15308,15673,40,30981,.025725445,,0,0,1,0,12378,34.44986,0,0
OK,1985,15600,15581,40,31181,.023860684,,0,0,1,0,12894,34.574364,0,0
OK,1986,15832,15001,40,30833,.022638083,.161,0,0,1,0,12918,34.766605,0,0
OK,1987,16192,15414,40,31606,.018888818,.3515,1,0,1,0,13068,34.958618,0,1
OK,1988,16204,16184,40,32388,.019698653,.31999999,1,0,1,0,13833,35.218925,0,1
OK,1989,16259,16577,40,32836,.019734439,.30500001,1,0,1,0,14691,35.500523,0,1
OK,1990,16495,16586,40,33081,.019376682,.336,1,0,1,0,15613,35.695591,0,1
OK,1991,16922,17318,40,34240,.019042056,.37,1,0,1,0,16100,35.741936,0,1
OK,1992,17367,17752,40,35119,.017454939,.442,1,0,1,0,16832,35.832851,0,1
OK,1993,17613,17916,40,35529,.018885981,.46599999,1,0,1,0,17419,35.917656,0,1
OK,1994,18326,18654,40,36980,.018577609,.44999999,1,0,1,0,17984,36.003174,0,1
OK,1995,18385,20104,40,38489,.01738159,.46400002,1,1,1,0,18544,36.115292,0,1
OK,1996,18759,20668,40,39427,.019580491,.47499999,1,1,1,0,19342,36.253506,0,1
OK,1997,21000,20400,40,41400,.020241546,.47400001,1,1,1,0,20305,36.350487,0,1
OR,1983,11332,9225,41,20557,.026754877,,0,0,1,1,11451,34.810848,0,0
OR,1984,11555,9388,41,20943,.027312228,,0,0,1,1,12409,35.059719,0,0
OR,1985,11733,9725,41,21458,.02605089,,0,0,1,1,13065,35.293362,0,0
OR,1986,12417,10324,41,22741,.02721956,,0,0,1,1,13657,35.54237,0,0
OR,1987,13676,9656,41,23332,.026530087,,1,0,1,1,14282,35.802467,0,0
OR,1988,13838,11366,41,25204,.026860816,.47,1,0,1,1,15313,36.006409,1,0
OR,1989,14192,11628,41,25820,.024244772,.47999999,1,0,1,1,16387,36.114491,0,0
OR,1990,14639,12099,41,26738,.021654574,.5,1,0,1,1,17423,35.991096,0,0
OR,1991,13995,11767,41,25762,.018709727,.69999999,1,0,1,1,17895,36.125912,1,0
OR,1992,15536,12390,41,27926,.016866002,.75,1,0,1,1,18678,36.273731,1,0
OR,1993,14794,13558,41,28352,.018446671,.80000001,1,0,1,1,19518,36.456242,1,0
OR,1994,15693,13760,41,29453,.016772484,.81,1,0,1,1,20508,36.571068,1,0
OR,1995,15641,14393,41,30034,.019111674,.82999998,1,0,1,1,21618,36.699596,1,0
OR,1996,15256,15063,41,30319,.017348858,.82999998,1,0,1,1,22894,36.851955,1,0
OR,1997,16582,15686,41,32268,.016238999,.85000002,1,0,1,1,23920,36.933083,1,0
PA,1983,34048,38254,42,72302,.023802938,,0,0,1,0,12199,36.467258,0,0
PA,1984,34304,39993,42,74297,.023244545,,0,0,1,0,13200,36.643227,0,0
PA,1985,33859,41569,42,75428,.023479344,,0,0,1,0,14104,36.825939,0,0
PA,1986,34809,42827,42,77636,.024395898,,0,0,1,0,14845,36.944305,0,0
PA,1987,35225,43401,42,78626,.025271539,,0,0,1,0,15765,37.092525,0,0
PA,1988,36728,44510,42,81238,.023769664,,0,0,1,0,16927,37.202095,0,1
PA,1989,37839,46016,42,83855,.022383876,.495,0,0,1,0,18264,37.304546,0,1
PA,1990,38871,46837,42,85708,.019204741,.53099996,0,0,1,0,19371,37.402527,0,1
PA,1991,39258,48024,42,87282,.019030269,.60400003,0,0,1,0,19975,37.446056,0,1
PA,1992,37349,51851,42,89200,.017320627,.63,0,0,1,0,20950,37.555504,0,1
PA,1993,38616,52090,42,90706,.016856657,.67500001,0,0,1,0,21635,37.652775,0,1
PA,1994,39326,53021,42,92347,.015604189,.70999998,0,0,1,0,22343,37.752502,0,1
PA,1995,40378,54142,42,94520,.015658062,.70999998,1,0,1,0,23268,37.898289,0,1
PA,1996,41830,54816,42,96646,.015199801,.64999998,1,0,1,0,24533,38.075184,0,1
PA,1997,43394,54621,42,98015,.015885323,.64699996,1,0,1,0,25670,38.193848,0,1
RI,1983,1262,4752,44,6014,.016627869,,0,0,0,0,12293,36.4482,0,0
RI,1984,903,4397,44,5300,.01490566,,0,0,1,0,13540,36.583187,0,0
RI,1985,927,4896,44,5823,.018718874,,0,0,1,0,14403,36.658306,0,0
RI,1986,945,4484,44,5429,.022840302,,0,0,1,0,15331,36.711411,0,0
RI,1987,935,5068,44,6003,.018823922,,0,0,1,0,16412,36.737633,0,0
RI,1988,905,4948,44,5853,.02135657,,0,0,1,0,17900,36.777924,0,0
RI,1989,889,5851,44,6740,.014836796,,0,0,1,0,19184,36.838566,0,0
RI,1990,976,6048,44,7024,.011958998,.28999999,0,0,1,0,19698,36.973492,0,0
RI,1991,976,6176,44,7152,.01230425,.28,0,0,1,0,19982,36.970943,0,0
RI,1992,1146,6530,44,7676,.010291819,.31999999,0,0,1,0,20819,37.097481,0,1
RI,1993,901,6326,44,7227,.01023938,.31999999,0,0,1,0,21735,37.146175,0,1
RI,1994,882,6213,44,7095,.008879493,.57999998,0,0,1,0,22315,37.288841,0,1
RI,1995,898,5998,44,6896,.0100058,.57999998,1,0,1,0,23520,37.453445,0,1
RI,1996,927,6193,44,7120,.0096910112,.57999998,1,0,1,0,24356,37.662132,0,1
RI,1997,1023,6048,44,7071,.010606703,.57999998,1,0,1,0,25667,37.735756,0,1
SC,1983,16122,8855,45,24977,.033791088,,0,0,0,0,9517,32.951904,0,0
SC,1984,16686,9285,45,25971,.03527011,,0,0,0,0,10518,33.173557,0,0
SC,1985,16824,9853,45,26677,.035648685,.12800001,0,0,0,0,11206,33.42841,0,0
SC,1986,17896,10354,45,28250,.037486725,,0,0,1,0,11774,33.602718,0,0
SC,1987,19394,10830,45,30224,.03593171,,1,0,1,0,12522,33.842491,0,0
SC,1988,20369,11390,45,31759,.032463238,,1,0,1,0,13468,34.042732,0,0
SC,1989,21165,11615,45,32780,.03038438,,1,0,1,0,14180,34.217255,0,0
SC,1990,22253,12123,45,34376,.028479172,.49000001,1,0,1,0,15427,34.601753,0,1
SC,1991,22252,12204,45,34456,.025830043,.495,1,0,1,0,15710,34.725105,0,1
SC,1992,21113,13936,45,35049,.023024907,.54000002,1,0,1,0,16410,34.948067,0,1
SC,1993,22150,13975,45,36125,.023418685,.58700001,1,0,1,0,17091,35.173851,0,1
SC,1994,22969,14276,45,37245,.022741308,.63999999,1,0,1,0,17914,35.380486,0,1
SC,1995,24039,14685,45,38724,.022750748,.63999999,1,0,1,0,18789,35.641636,0,1
SC,1996,24749,15007,45,39756,.023392696,.61000001,1,0,1,0,19651,35.862251,0,1
SC,1997,25781,15552,45,41333,.02184695,.61000001,1,0,1,0,20508,36.067402,0,1
SD,1983,5011,1306,46,6317,.027703024,,0,0,0,0,9782,34.546467,0,0
SD,1984,5098,1303,46,6401,.022340259,,0,0,0,0,11117,34.632256,0,0
SD,1985,4932,1345,46,6277,.02071053,,0,0,0,0,11440,34.742519,0,0
SD,1986,4871,1367,46,6238,.021481244,,0,0,0,0,12012,34.883892,0,0
SD,1987,4831,1378,46,6209,.021581575,,1,0,1,0,12683,35.063835,0,0
SD,1988,5099,1535,46,6634,.022158576,,1,0,1,0,13183,35.217529,0,0
SD,1989,5157,1547,46,6704,.022673031,.25999999,1,0,1,0,14038,35.354969,0,0
SD,1990,5451,1538,46,6989,.021891544,.25999999,1,0,1,0,15488,35.475723,0,0
SD,1991,5223,1488,46,6711,.021308299,.33000001,1,0,1,0,16014,35.491253,0,0
SD,1992,5678,1540,46,7218,.022305347,.41999999,1,0,1,0,17055,35.457016,0,0
SD,1993,5786,1627,46,7413,.018885741,.25999999,1,0,1,0,17600,35.541054,0,0
SD,1994,5918,1713,46,7631,.020180842,.40000001,1,0,1,0,18568,35.673908,0,0
SD,1995,5886,1783,46,7669,.020602426,.40000001,1,1,1,0,18724,35.827152,0,1
SD,1996,6034,1783,46,7817,.022387104,.47,1,1,1,0,20450,36.04702,0,1
SD,1997,6144,1794,46,7938,.018644495,.58999997,1,1,1,0,21076,36.145748,0,1
TN,1983,18859,17402,47,36261,.028598219,,0,0,0,0,10005,34.625389,0,0
TN,1984,17659,18864,47,36523,.029981108,,0,0,1,0,11123,34.820599,0,0
TN,1985,17604,18654,47,36258,.030365713,,0,0,1,0,11872,35.039391,0,0
TN,1986,19312,20209,47,39521,.031122694,,0,0,1,0,12624,35.223713,0,1
TN,1987,20483,21643,47,42126,.029601671,,1,0,1,0,13483,35.417076,0,1
TN,1988,21446,22747,47,44193,.028647071,,1,0,1,0,14482,35.517941,0,1
TN,1989,22151,23488,47,45639,.02383926,,1,0,1,0,15438,35.651806,0,1
TN,1990,22880,23830,47,46710,.025198031,.43000001,1,0,1,0,16309,35.852646,0,1
TN,1991,23158,24109,47,47267,.023547083,.50999999,1,0,1,0,16976,35.932808,0,1
TN,1992,22601,27393,47,49994,.023062767,.57999998,1,0,1,0,18256,36.033104,0,1
TN,1993,23475,28637,47,52112,.022451643,.5837,1,0,1,0,19139,36.103729,0,1
TN,1994,24597,29927,47,54524,.022265425,.60089999,1,0,1,0,20088,36.179855,0,1
TN,1995,25251,30963,47,56214,.022396555,.6419,1,0,1,0,21109,36.299591,0,1
TN,1996,26362,32073,47,58435,.021203047,.63310003,1,0,1,0,21800,36.45208,0,1
TN,1997,27065,33461,47,60526,.020239236,.6067,1,0,1,0,22699,36.596241,0,1
TX,1983,50113,81770,48,131883,.028987816,,0,0,0,0,12206,32.342327,0,0
TX,1984,52836,84901,48,137737,.028401954,,0,0,0,0,13227,32.417225,0,0
TX,1985,53178,90085,48,143263,.025673063,,0,0,1,0,13980,32.48801,0,0
TX,1986,51876,96472,48,148348,.024044814,,0,0,1,0,13972,32.540192,1,0
TX,1987,52515,98671,48,151186,.021562843,,1,0,1,0,14267,32.671715,1,0
TX,1988,53714,102744,48,156458,.02167994,,1,0,1,0,15118,32.810783,1,0
TX,1989,53693,105819,48,159512,.021126937,,1,0,1,0,16110,33.027275,1,0
TX,1990,54660,107572,48,162232,.020033039,.68000001,1,0,1,0,17290,33.235191,1,0
TX,1991,55529,103227,48,158756,.019388244,.68000001,1,0,1,0,17985,33.337994,1,0
TX,1992,57168,106161,48,163329,.018729068,.69,1,0,1,0,18886,33.467121,1,0
TX,1993,54555,113056,48,167611,.018155133,.69,1,0,1,0,19606,33.554787,1,0
TX,1994,56906,121442,48,178348,.017869558,.70999998,1,0,1,0,20312,33.635929,1,0
TX,1995,56268,124828,48,181096,.017576313,.72000003,1,1,1,0,21320,33.757545,1,0
TX,1996,57776,127610,48,185386,.020184912,.74000001,1,1,1,0,22345,33.841267,1,0
TX,1997,64939,133761,48,198700,.017679919,.75,1,1,1,0,23707,33.95248,1,0
UT,1983,4339,6882,49,11221,.025220569,,0,0,1,1,9582,28.554277,0,0
UT,1984,4643,7018,49,11661,.027013121,,0,0,1,1,10429,28.73572,0,0
UT,1985,4714,7323,49,12037,.025172384,,0,0,1,1,11017,28.91511,0,0
UT,1986,4694,7406,49,12100,.025867769,,0,0,1,1,11380,29.123068,0,1
UT,1987,4819,7860,49,12679,.02342456,,1,0,1,1,11862,29.273216,0,1
UT,1988,5071,8192,49,13263,.022393124,,1,0,1,1,12450,29.507109,0,1
UT,1989,5376,8539,49,13915,.021775063,,1,0,1,1,13238,29.745262,0,1
UT,1990,5691,8955,49,14646,.018571625,.38999999,1,0,1,1,14214,30.124149,0,1
UT,1991,5970,9421,49,15391,.017607693,.44999999,1,0,1,1,14855,30.248541,0,1
UT,1992,5942,10365,49,16307,.016495984,.5,1,0,1,1,15561,30.431841,0,1
UT,1993,6231,10825,49,17056,.01776501,.5,1,0,1,1,16359,30.539591,0,1
UT,1994,6621,11457,49,18078,.018973337,.52999997,1,0,1,1,17004,30.742689,0,1
UT,1995,6962,11819,49,18781,.017304722,.56,1,1,1,1,18054,30.891895,0,1
UT,1996,7327,12212,49,19539,.016428681,.60000002,1,1,1,1,19214,30.955338,0,1
UT,1997,7648,12796,49,20444,.017902562,.63,1,1,1,1,20185,30.997065,0,1
VA,1983,21592,20707,51,42299,.021300741,,0,0,0,0,12589,33.882881,0,0
VA,1984,22652,21875,51,44527,.022750242,,0,0,0,0,13926,34.065876,0,0
VA,1985,22922,25006,51,47928,.020363878,.27500001,0,0,0,0,14906,34.218239,0,0
VA,1986,24075,27651,51,51726,.021768549,.347,0,0,1,0,15837,34.311813,0,0
VA,1987,25093,29741,51,54834,.018619834,.32499999,0,0,1,0,16884,34.391476,0,0
VA,1988,26584,30869,51,57453,.018658729,.63099998,1,0,1,0,18064,34.499958,0,1
VA,1989,27501,31836,51,59337,.016920302,.52700001,1,0,1,0,19244,34.594582,0,1
VA,1990,28059,32119,51,60178,.017930141,.54400003,1,0,1,0,20021,34.877533,0,1
VA,1991,28670,32429,51,61099,.015515802,.57599998,1,0,1,0,20498,34.98415,0,1
VA,1992,29770,33677,51,63447,.013223635,.71599996,1,0,1,0,21280,35.158787,0,1
VA,1993,30187,33984,51,64171,.013697776,.73199999,1,0,1,0,22133,35.333344,0,1
VA,1994,29194,38415,51,67609,.013755566,.71800005,1,0,1,1,23031,35.499615,0,1
VA,1995,30397,39414,51,69811,.012891951,.70199996,1,0,1,1,23943,35.669312,0,1
VA,1996,31329,39973,51,71302,.012299796,.69599998,1,0,1,1,24950,35.855747,0,1
VA,1997,31149,39171,51,70320,.013993174,.671,1,0,1,1,26109,35.994148,0,1
VT,1983,3171,980,50,4151,.022645146,,0,0,0,0,10813,34.123001,0,0
VT,1984,3319,1084,50,4403,.025891438,,0,0,0,0,11857,34.246212,0,0
VT,1985,3564,1124,50,4688,.024530716,.18100001,0,0,0,0,12800,34.402943,0,0
VT,1986,3661,1117,50,4778,.022812892,.21799999,0,0,1,0,13675,34.531952,0,0
VT,1987,3886,1153,50,5039,.023615796,,1,0,1,0,14750,34.662262,0,0
VT,1988,4278,1275,50,5553,.023230687,.30200002,1,0,1,0,15948,34.794117,0,0
VT,1989,4204,1561,50,5765,.020121422,.35799998,1,0,1,0,17215,34.915241,0,0
VT,1990,4250,1588,50,5838,.015416238,.39300001,1,0,1,1,17677,35.022465,0,0
VT,1991,4269,1601,50,5870,.018739352,.41499999,1,0,1,1,17899,35.135044,0,0
VT,1992,4315,1704,50,6019,.015949493,.46599999,1,0,1,1,18883,35.371643,0,0
VT,1993,4207,1769,50,5976,.018406961,.53799999,1,0,1,1,19392,35.594769,0,0
VT,1994,4342,1810,50,6152,.012516255,.676,1,0,1,1,20196,35.817539,0,1
VT,1995,4382,1824,50,6206,.017080246,.67199999,1,0,1,1,21246,36.104458,0,1
VT,1996,4541,1836,50,6377,.013799592,.69,1,0,1,1,22179,36.438049,0,1
VT,1997,4601,1865,50,6466,.014846891,.70899999,1,0,1,1,23017,36.76796,0,1
WA,1983,16098,20046,53,36144,.019311642,,0,0,1,0,12925,34.068539,0,0
WA,1984,14121,20127,53,34248,.021782294,,0,0,1,0,13745,34.265835,0,0
WA,1985,13686,20689,53,34375,.021643637,,0,0,1,0,14432,34.389454,0,0
WA,1986,14339,21654,53,35993,.019531576,.36000001,0,0,1,0,15243,34.548882,0,0
WA,1987,14799,23721,53,38520,.020249221,.51499999,1,0,1,0,15939,34.683056,0,1
WA,1988,15293,26520,53,41813,.018606653,.52999997,1,0,1,0,16884,34.781471,0,1
WA,1989,15861,27372,53,43233,.018064905,.55000001,1,0,1,0,18211,34.854946,0,1
WA,1990,16764,27931,53,44695,.018458441,.55000001,1,0,1,0,19605,34.815037,0,1
WA,1991,17295,29154,53,46449,.014682771,.67500001,1,0,1,0,20401,34.92194,0,1
WA,1992,16692,32694,53,49386,.013181874,.67500001,1,0,1,0,21436,35.035851,0,1
WA,1993,14821,31314,53,46135,.014327517,.70999998,1,0,1,0,22024,35.181236,0,1
WA,1994,15418,32010,53,47428,.013494139,.76499999,1,0,1,0,22687,35.326748,0,1
WA,1995,16176,33074,53,49250,.013258883,.80000001,1,1,1,0,23677,35.482029,0,1
WA,1996,15944,33461,53,49405,.014411497,.83999997,1,1,1,0,24958,35.617699,0,1
WA,1997,16476,34568,53,51044,.013204294,.81999999,1,1,1,0,26451,35.707069,0,1
WI,1983,18585,15521,55,34106,.021257257,,0,0,0,0,11796,34.609047,0,0
WI,1984,18350,17017,55,35367,.023242006,,0,0,0,0,12941,34.762981,0,0
WI,1985,19081,17598,55,36679,.020284086,,0,0,0,0,13586,34.906921,0,0
WI,1986,19930,18498,55,38428,.01943895,,0,0,1,0,14285,35.033772,0,0
WI,1987,21223,18973,55,40196,.019827843,.26299998,1,0,1,0,15017,35.185154,0,0
WI,1988,22418,20040,55,42458,.019007018,.55900002,1,0,1,0,15806,35.304642,0,1
WI,1989,22798,20288,55,43086,.018962076,,1,0,1,0,16827,35.392643,0,1
WI,1990,23390,20887,55,44277,.017367933,.51999998,1,0,1,0,17692,35.457741,0,1
WI,1991,24019,21439,55,45458,.017532667,.57999998,1,0,1,0,18237,35.542366,0,1
WI,1992,25017,22611,55,47628,.013689427,.58999997,1,0,1,0,19331,35.684536,0,1
WI,1993,25433,23734,55,49167,.014521935,.63999999,1,0,1,0,20009,35.839478,0,1
WI,1994,26418,23855,55,50273,.014162672,.63999999,1,0,1,0,21012,35.947289,0,1
WI,1995,27128,24268,55,51396,.014495292,.63999999,1,0,1,0,21960,36.114864,0,1
WI,1996,28300,24482,55,52782,.014417794,.61000001,1,0,1,0,22987,36.273739,0,1
WI,1997,29623,24781,55,54404,.013326226,.62,1,0,1,0,24048,36.372471,0,1
WV,1983,8435,3261,54,11696,.036337208,,0,0,0,0,9417,35.21595,0,0
WV,1984,9080,3591,54,12671,.034567121,,0,0,0,0,10158,35.489197,0,0
WV,1985,9109,3555,54,12664,.033164877,,0,0,0,0,10643,35.808716,0,0
WV,1986,9526,3655,54,13181,.033381384,,0,0,1,0,11169,36.0938,0,0
WV,1987,9896,3846,54,13742,.034274489,,1,0,1,0,11632,36.436146,0,0
WV,1988,9996,3888,54,13884,.033131663,,1,0,1,0,12399,36.764511,0,0
WV,1989,10564,4376,54,14940,.031325303,,1,0,1,0,13149,37.091209,0,0
WV,1990,10948,4470,54,15418,.031197302,.43000001,1,0,1,0,14176,37.281475,0,0
WV,1991,11383,4643,54,16026,.025833022,.43000001,1,0,1,0,14815,37.376549,0,0
WV,1992,11832,4646,54,16478,.025488529,.33000001,1,0,1,0,15679,37.53059,0,0
WV,1993,11965,4813,54,16778,.025569199,.55000001,1,0,1,0,16306,37.673012,0,1
WV,1994,12272,4840,54,17112,.020804115,.57999998,1,0,1,0,16948,37.83152,0,1
WV,1995,12508,4913,54,17421,.021640548,.57999998,1,0,1,0,17441,37.971821,0,1
WV,1996,12725,4968,54,17693,.019668795,.57999998,1,0,1,0,18116,38.209225,0,1
WV,1997,13359,4965,54,18324,.020792404,.57999998,1,0,1,0,18724,38.435745,0,1
WY,1983,3811,1248,56,5059,.034196481,,0,0,0,0,12352,31.140636,0,0
WY,1984,3905,1222,56,5127,.030622195,,0,0,0,0,12983,31.433319,0,0
WY,1985,4098,1303,56,5401,.028142937,,0,0,0,0,13669,31.746651,0,0
WY,1986,4051,1322,56,5373,.031267449,,0,0,0,0,13455,32.004555,0,0
WY,1987,4070,1279,56,5349,.024116658,,1,0,0,0,13582,32.394619,0,0
WY,1988,4331,1327,56,5658,.027394839,,1,0,1,0,14317,32.882442,0,0
WY,1989,4392,1358,56,5750,.022086956,,1,0,1,0,15535,33.305035,0,1
WY,1990,4479,1354,56,5833,.021429796,.25999999,1,0,1,0,17174,33.546921,0,1
WY,1991,4640,1358,56,5998,.020340113,.66000003,1,0,1,0,18348,33.712059,0,1
WY,1992,4604,1613,56,6217,.018980216,.66000003,1,0,1,0,18704,33.964668,0,1
WY,1993,5290,1480,56,6770,.017725259,.67000002,1,0,1,0,19535,34.214382,0,1
WY,1994,5134,1555,56,6689,.021527881,.69999999,1,0,1,0,19865,34.45578,0,1
WY,1995,5365,1679,56,7044,.024134016,.70999998,1,1,1,0,20685,34.766613,0,1
WY,1996,5347,2013,56,7360,.019429348,.72000003,1,1,1,0,21524,35.074348,0,1
WY,1997,5547,2029,56,7576,.018083422,.75,1,1,1,0,22596,35.386463,0,1
