id,subscribe,age,income,college,married,female,smartphone_hours
1,0,28.5,450.8,1,1,0,1.7
2,0,39.1,480.6,1,1,1,0.5
3,0,43.3,421.0,0,1,0,0.4
4,0,40.2,503.0,0,0,1,2.7
5,0,43.7,417.9,0,0,1,0.9
6,0,23.1,434.7,1,0,1,0.5
7,0,26.6,700.3,0,1,1,3.8
8,1,41.1,427.3,0,1,1,5.1
9,1,25.1,560.1,1,1,0,2.3
10,0,36.8,391.6,0,0,0,2.9
11,0,49.5,120.0,1,0,0,2.2
12,0,43.0,440.5,0,1,1,2.4
13,1,23.2,598.5,1,1,0,3.3
14,1,43.0,427.7,1,1,0,4.0
15,0,38.1,875.2,1,1,1,0.5
16,0,37.8,285.5,0,1,0,0.0
17,0,58.6,666.9,0,0,1,3.1
18,1,44.2,638.8,0,0,0,2.7
19,0,35.4,502.1,1,1,1,4.7
20,0,43.6,456.8,1,0,1,2.2
21,1,38.1,380.5,0,0,0,4.5
22,0,27.8,373.7,0,0,0,2.9
23,0,40.3,672.9,0,0,0,3.3
24,0,39.6,521.4,1,1,1,2.8
25,0,61.7,652.8,1,0,1,1.1
26,1,29.2,555.5,1,0,1,1.4
27,1,41.3,799.5,1,0,1,4.3
28,1,32.1,591.5,1,0,1,4.7
29,0,54.7,774.1,1,0,0,2.1
30,0,49.2,520.9,0,1,1,3.3
31,0,42.3,899.8,0,1,1,2.8
32,1,30.0,865.9,1,0,1,3.1
33,0,18.0,561.3,1,1,0,1.3
34,0,45.3,536.6,0,1,1,2.1
35,0,41.5,624.1,1,0,0,3.6
36,0,43.5,724.0,1,1,1,2.7
37,1,19.9,365.1,1,1,1,4.4
38,0,38.3,354.0,0,0,1,2.6
39,0,40.1,355.0,1,1,0,5.5
40,0,54.6,720.4,0,0,0,3.7
41,0,23.8,473.4,1,0,0,1.5
42,0,47.0,784.1,0,0,1,1.2
43,0,30.9,606.8,0,1,1,3.2
44,1,46.0,412.6,0,0,0,2.9
45,0,44.8,526.9,0,0,0,0.8
46,0,41.7,502.9,0,0,0,3.0
47,0,31.6,635.4,0,1,0,4.7
48,1,51.6,680.5,1,1,1,5.3
49,1,39.9,707.4,1,0,1,3.7
50,1,43.9,566.5,0,0,0,7.1
51,0,23.4,619.2,1,1,0,4.1
52,0,18.0,410.8,1,0,1,3.4
53,1,49.1,497.9,1,1,1,4.2
54,0,38.9,646.8,1,0,0,1.0
55,0,41.3,394.2,1,0,0,1.8
56,0,43.5,587.0,1,1,0,1.4
57,1,21.2,709.2,1,1,1,2.0
58,1,21.9,612.3,1,0,1,2.7
59,0,51.6,590.1,1,1,1,1.7
60,0,24.1,470.4,0,1,1,2.0
61,0,33.4,120.6,1,0,1,3.0
62,1,32.6,522.3,1,1,1,3.0
63,1,41.4,567.6,1,0,1,5.2
64,0,39.7,641.9,1,0,0,3.1
65,0,53.8,373.7,0,0,0,1.7
66,1,31.1,979.1,0,0,1,6.3
67,0,21.1,802.4,0,0,1,3.7
68,1,39.4,716.5,1,1,0,1.9
69,0,41.3,694.9,1,1,0,2.7
70,1,38.9,916.0,0,0,0,4.8
71,1,47.4,572.9,1,0,0,4.1
72,0,47.9,397.6,1,1,0,1.4
73,1,26.1,333.7,1,0,0,3.2
74,1,41.5,684.4,0,1,0,4.5
75,0,43.4,626.5,1,0,0,2.6
76,1,47.4,567.0,1,0,1,1.4
77,0,63.2,706.2,1,1,1,1.7
78,1,29.9,647.0,1,0,0,2.2
79,1,18.0,669.7,1,1,0,4.1
80,1,24.8,229.2,1,1,1,2.8
81,0,63.3,310.9,1,1,1,1.3
82,0,26.2,500.7,1,0,0,3.3
83,0,38.0,692.0,1,1,1,1.4
84,0,33.0,781.3,0,0,0,1.6
85,0,18.0,372.5,1,1,0,3.3
86,0,49.3,528.9,0,1,0,2.5
87,0,28.5,642.0,1,0,1,4.9
88,0,18.0,400.0,0,0,1,3.6
89,0,55.3,700.1,0,0,1,2.7
90,0,29.7,279.9,0,1,1,1.9
91,0,27.4,442.8,0,0,0,1.3
92,0,44.4,420.8,0,0,0,0.7
93,0,27.8,448.1,1,1,1,1.9
94,1,35.6,588.7,1,0,1,3.0
95,0,47.6,120.0,0,0,0,1.3
96,0,49.5,209.0,0,0,1,2.4
97,0,49.9,626.1,1,1,1,3.2
98,0,20.3,440.7,0,0,0,3.7
99,0,37.2,795.8,1,0,0,6.0
100,1,32.5,614.4,1,1,0,4.6
101,1,42.4,406.2,0,0,1,2.8
102,0,18.0,457.2,1,0,1,2.5
103,0,36.5,244.3,1,0,0,1.1
104,1,25.3,700.1,0,1,0,3.0
105,1,37.1,427.3,0,0,1,5.3
106,0,51.9,482.1,1,0,0,1.9
107,0,45.4,608.2,1,1,1,2.3
108,0,28.3,283.8,1,1,0,3.7
109,0,26.3,355.4,1,1,0,1.4
110,0,28.6,601.8,1,1,1,3.7
111,1,46.9,748.3,0,0,0,2.6
112,0,20.7,643.4,0,1,0,3.5
113,1,39.6,865.4,1,0,0,4.4
114,0,49.5,450.8,0,0,0,2.8
115,1,38.6,473.6,1,0,0,4.2
116,0,29.4,403.3,0,1,0,4.3
117,0,36.4,380.3,1,1,0,4.5
118,0,36.4,632.2,0,1,1,5.3
119,0,52.5,606.2,0,1,0,2.3
120,0,24.8,520.9,1,1,1,1.5
121,0,26.9,279.5,0,0,0,2.4
122,0,36.1,460.6,1,0,1,1.8
123,0,29.6,626.9,1,0,0,4.9
124,1,28.7,391.5,0,1,1,6.1
125,1,24.9,243.0,1,1,1,3.1
126,1,34.2,591.5,0,0,1,2.0
127,0,31.0,214.4,0,0,0,2.7
128,0,22.0,486.0,1,0,1,1.5
129,0,37.9,537.9,0,0,1,2.1
130,0,18.2,412.9,0,0,0,2.7
131,0,66.1,608.6,0,0,0,2.1
132,0,30.3,337.2,0,0,1,2.5
133,1,37.6,464.4,1,0,1,3.8
134,1,33.0,577.8,1,0,1,2.3
135,0,34.3,264.5,1,1,1,1.3
136,0,33.2,548.3,0,0,1,1.4
137,0,39.7,675.3,1,0,0,2.3
138,0,25.3,324.0,1,0,0,1.7
139,1,27.7,529.9,0,1,0,4.1
140,0,43.5,482.4,1,1,1,3.4
141,0,30.6,569.4,1,1,1,1.7
142,0,24.4,405.0,1,0,0,1.2
143,0,19.9,507.5,1,0,1,0.6
144,1,40.5,649.6,1,0,1,1.4
145,0,36.0,512.4,1,1,1,3.5
146,0,57.1,587.1,1,0,0,1.3
147,0,34.6,573.9,0,1,0,3.8
148,1,30.1,552.5,1,0,1,3.2
149,0,48.7,228.1,1,0,1,2.6
150,0,32.9,679.4,1,1,1,2.9
151,1,52.8,674.3,0,1,1,2.1
152,0,18.8,594.5,0,0,0,2.5
153,1,54.8,863.5,1,0,1,0.0
154,1,31.1,585.6,0,0,0,2.7
155,1,36.5,482.5,1,0,0,5.9
156,0,23.4,892.7,1,0,1,2.4
157,0,42.2,714.7,1,0,1,1.0
158,0,36.6,700.6,1,1,1,3.8
159,1,26.1,746.5,0,0,1,3.0
160,1,45.3,781.8,1,0,1,4.4
161,0,28.3,520.2,1,1,0,3.1
162,0,45.6,738.7,0,1,1,4.0
163,0,47.5,371.6,1,0,1,1.7
164,1,38.2,416.7,1,1,0,2.0
165,0,60.6,518.6,0,0,0,1.5
166,1,28.9,745.1,1,0,0,1.6
167,0,60.1,498.0,0,0,0,2.8
168,1,29.1,477.3,0,1,1,4.3
169,0,27.8,522.0,0,0,0,0.9
170,0,59.3,300.4,0,1,1,3.1
171,0,53.9,495.7,0,0,0,2.5
172,0,41.1,518.5,1,1,1,2.5
173,1,44.8,528.1,1,1,0,2.4
174,1,28.8,435.6,1,1,0,2.5
175,0,35.9,284.7,1,0,0,3.0
176,1,36.3,404.4,0,1,1,1.3
177,0,37.0,543.2,0,0,1,3.0
178,0,48.6,366.9,0,0,0,3.0
179,1,43.8,360.5,0,0,0,1.1
180,0,44.5,629.7,0,0,0,2.6
181,0,35.4,519.3,1,1,0,3.6
182,0,23.4,588.9,0,1,0,1.9
183,0,22.1,283.6,0,0,1,2.7
184,0,45.1,411.9,0,0,1,3.5
185,1,46.8,625.7,0,0,1,3.9
186,0,40.8,497.6,1,0,1,5.0
187,0,65.1,345.1,0,1,1,5.5
188,0,25.4,509.2,1,0,0,3.1
189,1,31.5,580.5,0,1,1,0.0
190,1,44.7,657.5,0,1,0,4.2
191,0,30.7,413.7,0,0,0,4.1
192,1,34.9,619.6,1,0,0,2.4
193,1,36.9,540.8,0,0,1,4.5
194,1,37.5,759.8,1,0,0,3.4
195,0,43.0,586.4,1,1,0,0.9
196,1,59.8,279.2,1,1,1,4.4
197,0,40.0,224.6,0,1,0,3.0
198,0,48.8,246.1,0,1,1,0.9
199,0,44.1,649.2,1,1,0,2.4
200,0,45.7,748.0,0,0,1,4.5
201,1,23.4,442.1,1,0,0,4.2
202,1,41.6,615.8,0,1,1,6.3
203,0,43.2,777.0,0,0,1,3.7
204,0,35.4,343.2,1,0,1,3.3
205,0,26.8,328.9,0,1,0,3.3
206,1,55.1,640.7,0,1,1,5.4
207,1,43.4,488.7,1,0,1,4.1
208,0,31.2,615.1,0,1,1,2.2
209,0,58.9,618.0,1,1,1,3.2
210,0,39.4,420.0,1,1,0,1.8
211,0,32.7,549.8,1,0,0,1.2
212,0,18.0,358.9,0,1,0,4.2
213,0,45.9,531.5,1,0,1,5.0
214,0,30.0,262.1,0,1,0,2.3
215,1,45.8,699.5,1,0,1,3.0
216,0,28.7,377.1,0,1,1,0.0
217,0,59.5,487.9,0,1,1,1.5
218,0,48.5,617.7,0,0,0,4.5
219,1,34.1,603.4,1,1,0,5.2
220,1,22.0,297.0,1,1,0,4.7
221,1,41.5,414.9,1,0,0,2.5
222,1,27.1,395.6,0,0,0,2.7
223,0,39.7,304.1,0,0,0,2.3
224,0,31.8,666.7,1,0,0,1.4
225,0,36.6,461.6,0,1,1,5.5
226,0,20.5,256.7,1,1,1,2.1
227,1,32.5,523.4,1,1,0,3.9
228,0,35.1,492.2,0,0,1,1.3
229,0,49.6,720.4,1,1,0,2.1
230,0,34.0,450.6,0,1,1,1.6
231,0,35.5,517.0,0,0,0,2.1
232,1,42.9,401.1,0,0,1,4.4
233,1,36.3,716.2,1,1,0,0.4
234,0,36.6,455.8,0,0,0,3.0
235,0,62.3,681.1,0,0,0,3.8
236,0,40.0,278.0,1,0,1,2.5
237,0,50.9,308.9,0,1,0,0.8
238,0,52.7,473.8,1,0,0,4.0
239,0,45.1,381.0,1,0,1,3.1
240,0,47.2,524.5,0,1,0,0.8
241,0,49.3,436.0,1,0,1,3.3
242,1,23.1,787.0,1,0,1,3.3
243,1,41.3,865.6,1,0,1,5.4
244,0,55.6,571.8,0,0,1,4.3
245,0,33.0,517.5,0,0,0,3.1
246,0,39.1,447.7,0,1,1,4.4
247,0,32.4,638.2,0,0,1,2.2
248,0,27.8,616.3,1,0,1,2.5
249,1,42.1,913.9,0,0,1,3.6
250,0,39.0,479.1,1,1,1,1.2
251,1,46.7,534.8,0,0,1,3.9
252,0,33.1,535.8,0,1,0,4.2
253,0,43.1,471.1,0,1,1,3.5
254,1,34.5,265.4,0,1,0,3.9
255,1,24.7,272.3,1,1,1,2.1
256,0,41.3,626.1,0,0,1,2.4
257,0,25.9,739.7,1,1,1,0.7
258,1,29.0,435.9,1,1,0,2.6
259,1,34.5,686.5,1,0,0,5.6
260,1,24.7,626.1,0,1,1,4.6
261,1,41.6,747.6,1,0,1,4.3
262,1,46.0,493.4,0,1,0,2.8
263,1,44.2,278.7,0,1,0,5.5
264,0,33.9,717.3,1,1,0,2.1
265,0,39.1,481.1,0,1,0,3.2
266,0,42.9,662.9,0,1,1,0.3
267,0,33.9,401.6,1,0,0,1.3
268,0,55.5,120.0,1,0,0,3.6
269,0,49.0,349.6,0,0,1,0.8
270,1,45.4,400.5,0,0,1,4.5
271,0,27.0,354.0,1,0,1,1.6
272,0,52.5,853.2,0,0,0,5.0
273,1,48.8,884.9,1,1,1,4.7
274,0,41.5,768.1,1,0,1,2.2
275,0,53.2,469.2,1,0,1,3.8
276,0,21.9,591.8,0,1,0,2.6
277,0,29.2,481.2,0,0,1,0.2
278,1,31.9,404.5,0,0,1,5.8
279,0,32.6,357.1,1,0,0,2.6
280,0,41.2,522.2,1,0,1,4.6
281,0,40.8,317.2,1,1,1,2.7
282,0,31.7,626.3,1,0,0,4.2
283,0,51.3,271.5,0,1,1,2.1
284,1,45.5,784.1,1,1,0,1.4
285,0,29.1,203.5,1,1,1,3.6
286,1,31.3,473.2,1,1,1,5.5
287,0,55.7,120.0,0,1,1,3.7
288,1,18.0,618.9,1,0,1,2.6
289,0,40.9,702.5,1,0,1,0.7
290,1,58.8,617.4,1,0,1,3.9
291,1,45.8,653.6,1,0,1,2.3
292,0,39.7,251.8,1,0,0,4.3
293,1,57.6,471.9,1,0,0,3.4
294,0,22.7,239.4,0,0,1,2.0
295,0,21.0,583.3,0,1,1,1.9
296,0,18.9,581.2,1,0,0,3.1
297,0,28.9,831.5,1,1,1,2.3
298,1,27.6,466.0,0,1,1,2.6
299,0,37.4,360.8,1,1,0,2.5
300,0,50.4,714.8,1,1,1,3.6
301,0,53.8,161.1,1,0,1,3.6
302,0,36.2,479.3,0,1,0,3.3
303,0,28.5,761.3,1,0,1,3.0
304,0,35.9,691.6,1,1,1,0.7
305,1,51.9,492.3,1,1,0,1.9
306,0,37.8,692.1,0,1,1,3.0
307,0,32.2,382.6,1,1,1,1.9
308,1,32.9,562.3,1,0,1,4.2
309,0,60.7,260.1,1,0,0,3.8
310,1,41.6,516.9,0,0,0,4.4
311,1,36.9,523.0,1,0,0,3.3
312,0,32.9,805.6,0,0,1,1.9
313,0,40.0,332.9,1,1,1,1.2
314,0,55.1,409.6,1,0,0,4.0
315,0,31.2,384.7,1,0,1,1.9
316,1,43.4,718.4,0,0,0,4.1
317,1,39.9,722.3,1,1,1,5.2
318,0,41.9,561.9,1,0,0,0.7
319,1,34.3,716.6,1,0,1,4.7
320,1,53.0,633.5,0,0,0,0.5
321,1,27.1,735.6,1,0,1,1.8
322,0,18.9,139.3,1,1,1,4.6
323,1,35.4,655.9,1,0,1,4.1
324,0,18.9,732.0,1,1,1,2.9
325,0,50.5,461.9,1,0,0,2.1
326,1,23.4,660.3,0,1,1,3.0
327,0,53.3,120.0,0,0,1,2.9
328,0,50.7,319.1,1,1,0,5.3
329,1,41.9,468.5,1,1,1,5.1
330,0,36.3,466.9,0,1,0,4.7
331,0,18.0,386.3,0,0,0,1.4
332,0,32.1,453.3,0,1,1,2.9
333,0,54.1,297.0,1,0,1,2.8
334,0,21.2,474.8,0,0,0,0.7
335,0,35.9,253.0,1,1,1,3.1
336,0,40.2,272.9,0,0,1,4.0
337,0,43.4,768.8,0,1,0,2.8
338,0,34.5,822.5,0,1,0,3.3
339,0,56.7,441.2,1,0,1,3.8
340,0,18.0,395.5,0,1,1,0.3
341,0,27.1,540.2,0,0,0,1.6
342,0,37.4,493.3,0,1,0,3.3
343,0,52.1,703.6,1,1,1,2.9
344,0,46.3,392.8,0,1,1,4.2
345,0,19.9,788.7,0,0,0,3.5
346,0,24.1,573.6,1,0,0,3.5
347,0,28.3,389.6,1,0,1,0.3
348,0,50.0,696.7,1,1,1,3.2
349,0,53.7,532.1,1,1,1,2.5
350,0,29.4,466.4,0,1,1,2.8
351,1,29.5,516.9,0,1,1,4.5
352,0,41.0,404.8,1,0,1,4.3
353,0,48.4,623.7,0,1,0,3.9
354,1,50.3,476.8,0,0,0,3.7
355,0,34.4,329.1,1,0,0,4.4
356,0,43.2,298.3,1,1,1,3.9
357,0,32.5,759.8,1,1,0,3.0
358,1,45.6,560.8,0,0,0,3.1
359,0,58.3,719.4,0,1,0,0.3
360,0,36.0,560.3,1,0,0,2.0
361,0,26.9,347.7,1,1,0,3.0
362,0,22.2,534.2,0,0,1,2.9
363,1,28.8,294.3,1,1,1,4.1
364,0,19.3,264.5,0,1,0,4.0
365,0,38.4,467.9,1,1,0,3.5
366,0,19.7,363.9,1,0,0,2.7
367,0,38.2,174.7,0,1,1,4.2
368,0,34.5,366.1,1,0,1,2.8
369,0,34.1,640.4,0,0,0,3.3
370,0,31.3,663.1,1,1,1,2.3
371,1,23.5,724.1,1,1,1,3.0
372,0,18.0,357.1,0,1,1,5.2
373,0,34.7,652.0,1,1,0,2.8
374,1,43.5,508.0,0,1,0,3.3
375,0,35.0,480.8,0,0,0,3.0
376,1,38.3,774.5,1,1,1,2.0
377,0,31.5,611.9,1,1,1,1.8
378,0,28.2,698.2,0,1,1,3.9
379,0,33.3,893.3,1,0,0,2.8
380,0,39.7,595.8,0,0,0,2.1
381,0,30.1,522.2,0,1,0,4.6
382,0,23.5,762.3,0,1,0,3.1
383,0,59.5,817.9,0,0,0,2.1
384,0,44.3,360.0,1,0,1,4.7
385,0,56.9,428.3,0,1,1,4.7
386,0,19.0,168.6,0,1,1,2.4
387,0,32.3,653.7,0,1,1,2.6
388,0,43.4,566.3,0,0,0,3.0
389,0,31.2,618.4,1,1,1,3.7
390,1,42.7,763.5,1,1,0,3.0
391,0,36.6,462.6,0,1,0,3.3
392,1,39.3,988.6,0,0,0,3.7
393,0,32.1,493.7,0,1,0,2.0
394,1,47.9,394.2,1,0,1,3.0
395,0,34.5,620.6,1,0,0,1.3
396,0,49.5,342.1,1,1,0,3.2
397,0,18.8,603.2,1,0,1,0.9
398,1,18.2,466.8,1,0,0,2.9
399,1,18.0,616.8,1,1,0,1.5
400,0,20.0,518.9,1,1,1,3.3
401,0,47.2,436.5,0,0,1,3.8
402,0,45.5,599.9,0,0,1,2.7
403,0,35.2,620.7,0,1,1,1.3
404,1,41.7,362.1,1,1,1,1.9
405,0,29.2,410.0,0,1,1,4.3
406,0,36.8,369.2,0,0,0,3.7
407,0,46.9,725.8,0,1,0,3.5
408,1,22.5,380.9,1,1,0,4.0
409,0,42.7,266.8,1,1,1,3.8
410,0,30.9,308.9,0,0,0,4.6
411,0,53.0,770.5,0,1,1,2.0
412,0,58.6,499.9,1,0,0,2.7
413,0,27.1,894.6,0,1,0,1.3
414,0,29.5,251.0,0,0,1,5.1
415,0,62.3,553.3,0,1,0,5.6
416,1,61.5,837.1,0,0,1,3.4
417,0,32.7,320.5,1,1,0,2.8
418,1,53.8,697.1,0,0,0,1.5
419,0,28.4,190.1,1,1,1,4.0
420,1,40.4,719.3,0,0,0,3.1
421,1,52.9,478.6,0,0,1,2.6
422,0,43.6,684.1,0,1,1,3.3
423,0,18.0,594.5,1,0,1,1.8
424,0,37.9,873.6,1,1,0,3.2
425,0,42.8,587.0,0,1,1,4.1
426,0,30.8,479.9,0,0,1,1.9
427,1,29.3,625.6,1,0,0,4.1
428,0,38.3,478.1,1,1,1,1.8
429,0,36.7,434.7,1,0,0,4.1
430,0,39.7,315.8,1,1,0,2.4
431,0,33.5,401.1,1,0,0,4.7
432,1,25.6,567.8,0,0,1,5.6
433,1,45.0,758.7,0,0,0,3.4
434,0,41.6,479.1,1,0,0,3.4
435,1,20.3,672.9,0,1,0,2.3
436,0,58.4,403.6,1,1,0,4.3
437,1,51.3,530.9,0,1,0,2.4
438,1,39.0,407.9,0,0,0,6.2
439,0,48.7,593.7,1,0,1,2.4
440,0,41.1,454.9,1,0,0,2.8
441,0,33.6,675.7,1,0,1,0.1
442,1,40.3,353.5,1,1,1,5.1
443,1,45.0,535.9,1,1,0,3.0
444,0,40.3,379.5,1,0,0,2.9
445,1,18.0,706.4,0,0,0,3.7
446,0,42.2,654.1,1,1,1,2.7
447,1,33.1,586.5,0,0,0,4.0
448,0,36.8,704.8,0,1,1,4.0
449,0,18.0,287.7,0,0,0,3.1
450,1,23.6,500.2,1,0,1,4.3
451,0,39.4,383.6,0,1,1,4.5
452,0,36.0,541.8,0,1,0,3.6
453,0,70.0,407.9,1,0,1,2.7
454,0,19.9,469.6,0,0,1,0.5
455,0,37.4,607.7,1,0,0,0.1
456,1,53.7,828.2,0,1,1,2.7
457,0,43.4,440.7,0,0,1,3.5
458,0,48.2,524.2,1,0,1,3.3
459,1,49.4,559.4,0,0,1,2.9
460,1,41.8,766.6,0,1,0,3.7
461,0,55.2,378.1,1,0,0,4.5
462,0,18.0,860.1,0,0,0,2.1
463,0,37.2,714.5,0,0,1,3.3
464,0,18.0,541.7,0,0,1,3.6
465,1,70.0,394.4,0,0,0,5.4
466,0,40.5,561.0,1,0,0,2.2
467,1,34.9,598.4,1,0,1,5.0
468,0,45.2,838.4,0,1,1,3.2
469,0,48.3,310.9,1,0,1,1.5
470,1,47.6,337.5,0,1,0,3.7
471,0,41.6,491.1,1,0,1,1.5
472,1,27.6,756.7,0,0,1,2.6
473,0,30.5,511.8,1,1,0,4.3
474,1,41.2,568.3,0,0,1,5.7
475,0,22.7,375.5,0,0,0,5.8
476,0,39.9,664.1,0,0,1,3.7
477,0,34.5,554.9,1,1,0,4.2
478,0,43.2,120.0,1,0,0,4.7
479,0,54.0,372.2,0,1,0,2.9
480,0,31.7,520.6,1,0,0,3.6
481,1,18.3,168.6,0,0,1,5.3
482,1,52.9,809.3,0,1,1,2.9
483,1,24.9,912.4,1,0,1,2.8
484,0,44.5,653.0,0,1,1,4.3
485,0,34.4,534.3,1,0,0,4.7
486,0,38.4,695.7,1,0,0,4.6
487,0,48.4,452.5,1,1,0,3.9
488,0,42.1,690.1,1,1,1,4.5
489,0,44.1,148.9,1,1,1,1.4
490,0,37.8,440.4,0,0,1,1.6
491,0,39.7,267.8,1,0,0,3.1
492,0,28.9,660.7,1,0,0,5.1
493,0,30.0,407.5,1,1,0,4.2
494,0,26.9,381.2,0,0,1,3.3
495,0,18.0,544.4,0,0,1,3.4
496,0,45.8,120.0,0,0,1,1.4
497,0,45.4,443.1,0,1,1,2.9
498,0,41.2,346.6,0,0,1,3.7
499,0,33.8,829.3,1,0,1,4.0
500,0,44.1,509.3,1,1,1,0.1
501,1,24.1,622.0,1,0,0,3.2
502,1,21.4,600.0,1,1,1,5.8
503,0,18.0,322.5,0,1,1,4.1
504,0,58.5,548.7,1,0,0,3.7
505,1,45.6,580.4,1,0,1,4.9
506,0,38.3,487.8,0,1,1,3.5
507,1,26.6,343.8,0,0,0,2.0
508,0,41.2,623.3,1,0,1,2.9
509,0,21.2,502.2,1,1,0,3.0
510,0,24.7,433.5,1,1,0,3.7
511,1,36.6,382.8,1,1,0,2.5
512,0,51.7,449.9,1,0,1,2.9
513,0,59.0,284.2,1,0,0,2.9
514,1,33.0,622.7,1,1,0,2.2
515,0,26.0,491.7,0,1,0,2.3
516,0,38.6,521.3,1,1,0,4.2
517,0,31.1,208.1,0,0,0,2.5
518,0,38.4,511.3,0,0,1,3.4
519,0,18.0,910.5,1,1,0,1.1
520,0,24.1,522.2,1,0,0,2.2
521,0,43.8,391.4,1,0,0,4.6
522,1,18.0,635.5,0,1,0,3.4
523,0,50.4,254.7,0,0,0,2.2
524,0,41.8,120.0,0,0,1,1.8
525,1,31.6,643.8,1,0,0,1.9
526,0,35.3,499.8,1,1,0,1.9
527,0,28.7,534.9,1,0,1,2.8
528,0,43.9,308.5,0,0,1,2.1
529,0,33.6,468.4,0,0,0,0.2
530,0,50.1,517.7,0,1,0,2.8
531,1,33.3,656.8,0,1,0,5.1
532,0,44.0,491.6,0,0,1,1.3
533,0,65.5,512.3,1,1,0,3.0
534,0,27.6,198.2,0,1,0,3.6
535,1,53.4,749.9,0,0,0,6.2
536,0,21.3,657.9,1,0,0,2.4
537,0,35.9,612.7,1,1,0,3.3
538,0,51.9,352.4,1,0,1,0.3
539,0,41.8,417.1,1,0,0,3.3
540,1,29.6,451.1,1,1,1,2.3
541,0,21.9,280.4,1,0,1,4.5
542,0,35.9,722.5,1,0,1,1.5
543,1,18.0,833.5,0,1,0,2.4
544,0,53.8,446.5,0,0,1,1.9
545,0,18.0,203.8,0,0,0,1.7
546,0,47.9,605.9,1,0,0,3.1
547,1,32.3,533.2,1,1,1,2.5
548,1,51.3,565.9,1,0,0,3.7
549,1,49.9,588.6,0,1,1,3.4
550,0,50.5,703.0,0,1,1,4.1
551,1,50.6,719.5,1,1,0,3.2
552,0,27.4,430.5,1,1,1,2.6
553,1,55.4,541.0,0,0,1,5.0
554,0,32.1,517.8,0,0,1,3.8
555,0,40.9,622.7,1,1,1,3.6
556,0,37.6,187.6,0,1,1,0.0
557,0,26.3,449.2,0,0,1,2.9
558,0,25.1,652.3,1,0,0,2.2
559,1,18.8,532.1,0,0,1,4.3
560,1,36.1,506.2,1,0,0,4.9
561,0,56.0,559.3,0,1,1,2.1
562,1,18.0,364.7,1,0,0,2.3
563,1,48.6,399.3,1,0,1,4.4
564,1,20.9,587.0,1,0,0,4.7
565,1,50.6,780.6,0,0,1,0.2
566,1,54.1,256.6,1,1,1,2.5
567,1,25.4,845.1,0,0,0,3.7
568,0,45.4,374.9,1,0,0,1.9
569,1,21.5,619.1,0,1,0,1.9
570,0,43.3,244.2,0,0,1,3.6
571,1,20.8,778.4,1,0,0,3.1
572,0,57.5,264.1,0,0,0,2.6
573,0,23.1,603.2,1,1,1,0.4
574,0,37.7,398.0,0,1,1,2.5
575,0,36.1,746.1,0,0,0,5.5
576,0,60.8,315.6,1,0,1,1.0
577,1,44.6,120.0,0,0,1,1.5
578,0,52.1,317.8,0,0,0,2.4
579,1,40.6,746.0,0,1,0,2.5
580,1,34.6,659.5,1,1,1,3.6
581,0,50.1,713.4,0,1,0,2.3
582,1,47.5,610.2,0,1,0,4.5
583,0,33.3,392.4,1,1,0,2.2
584,0,49.6,709.0,1,0,1,3.9
585,0,33.6,636.2,1,1,1,3.0
586,0,60.8,494.6,0,0,0,3.0
587,0,60.3,608.7,1,1,1,3.6
588,0,46.5,443.9,1,1,1,2.6
589,0,45.7,353.7,0,0,0,1.4
590,0,52.1,692.2,1,0,0,5.4
591,0,34.1,456.6,0,1,0,3.2
592,0,39.1,274.1,1,0,0,4.5
593,1,26.0,205.9,1,0,0,3.7
594,0,41.2,540.8,1,0,1,1.6
595,0,63.2,142.2,1,0,0,3.0
596,0,29.6,608.5,1,0,1,1.9
597,0,39.5,741.1,1,0,0,0.8
598,0,35.7,628.2,1,1,1,3.4
599,0,40.0,629.1,0,0,1,2.3
600,0,39.8,610.3,0,1,0,4.3
601,1,36.2,715.7,1,0,0,1.3
602,0,52.8,120.0,0,1,1,2.9
603,0,39.7,458.4,0,1,0,3.6
604,1,37.3,562.4,0,0,0,3.3
605,0,39.7,314.1,0,0,1,4.4
606,0,18.9,476.1,1,0,0,3.8
607,1,40.9,886.0,0,0,1,4.3
608,1,28.7,624.4,1,1,1,0.7
609,1,44.5,779.0,0,0,1,1.0
610,1,42.7,668.3,1,0,1,3.2
611,1,49.5,424.9,0,0,1,4.4
612,1,38.9,227.1,1,0,1,3.9
613,0,51.4,424.2,0,1,0,0.8
614,0,44.0,383.2,0,1,0,1.4
615,1,21.9,695.6,1,0,0,4.0
616,1,51.8,506.0,0,1,0,3.2
617,1,24.8,330.9,1,1,1,2.6
618,0,48.4,511.4,0,1,1,2.2
619,0,34.9,357.9,1,1,1,3.2
620,0,45.1,340.4,0,1,0,6.1
621,0,59.3,322.2,0,0,0,1.1
622,1,51.5,692.5,1,0,1,3.5
623,1,34.6,400.2,1,0,0,4.7
624,0,42.7,469.1,1,1,1,2.0
625,0,38.4,480.1,1,0,0,2.4
626,1,39.7,609.3,1,1,1,2.4
627,0,25.0,599.3,1,1,0,2.9
628,0,62.0,391.9,0,1,0,0.0
629,1,44.7,582.8,0,0,0,3.2
630,1,42.3,449.1,0,0,1,2.7
631,0,18.0,691.0,1,1,1,0.9
632,1,25.1,412.4,0,1,1,5.0
633,1,31.3,536.1,1,1,0,1.5
634,0,56.6,443.7,0,0,0,4.5
635,0,21.1,631.2,0,0,1,4.2
636,1,40.2,589.9,1,1,0,3.2
637,0,25.7,296.5,0,1,1,2.5
638,0,48.0,414.8,1,0,1,2.9
639,1,28.9,182.0,1,0,1,3.8
640,0,37.1,454.9,1,1,0,1.9
641,1,48.7,815.7,1,1,0,4.8
642,0,31.3,539.8,0,1,1,3.7
643,0,31.8,668.8,0,1,0,1.4
644,1,18.0,558.1,1,1,0,4.3
645,1,42.6,669.1,0,1,0,2.8
646,0,33.6,120.0,0,1,1,3.3
647,0,51.2,476.6,0,0,0,2.4
648,0,40.6,455.7,0,1,1,0.0
649,0,37.1,325.7,1,1,0,3.6
650,1,52.6,734.7,1,1,0,4.7
651,0,18.0,629.6,1,0,1,2.1
652,1,27.1,586.8,0,1,0,3.0
653,0,32.3,597.0,1,1,0,4.5
654,0,24.1,347.5,0,0,1,2.1
655,0,18.3,795.9,1,0,0,1.5
656,0,44.8,704.0,1,1,1,1.4
657,1,38.6,652.0,1,0,1,1.4
658,0,28.8,380.6,0,1,1,3.4
659,1,28.5,676.5,1,0,0,3.4
660,0,31.9,217.8,1,1,0,0.8
661,0,37.2,484.0,0,0,0,2.2
662,0,35.9,433.0,0,1,1,2.1
663,0,51.2,359.7,0,0,0,1.7
664,1,30.2,883.3,1,0,1,3.0
665,0,21.8,320.2,0,0,0,3.3
666,0,37.0,171.9,1,0,1,4.2
667,1,37.5,668.1,1,0,1,4.1
668,0,32.4,538.1,0,0,1,3.9
669,0,54.8,782.7,0,0,0,2.0
670,0,46.0,757.0,0,0,0,2.2
671,1,40.9,860.5,1,1,0,3.1
672,0,45.5,265.2,0,1,1,3.7
673,0,26.3,456.8,0,1,0,3.7
674,1,34.5,596.9,0,1,0,4.5
675,1,27.2,420.8,1,0,0,5.6
676,0,26.3,203.8,1,0,1,3.5
677,0,25.8,628.2,0,1,1,3.7
678,0,38.8,371.6,0,0,0,0.7
679,0,65.2,512.1,1,0,0,2.9
680,0,43.6,647.5,0,0,0,2.2
681,0,53.0,621.2,1,1,0,2.5
682,0,32.7,358.1,0,1,0,4.6
683,1,40.0,474.9,1,0,1,2.5
684,0,40.0,461.9,1,1,0,2.9
685,0,58.5,242.8,1,1,0,1.7
686,1,36.2,522.9,1,0,0,3.4
687,0,50.8,307.2,0,0,0,3.4
688,0,26.1,562.3,0,1,1,5.3
689,0,23.8,498.8,1,1,1,4.4
690,1,19.2,659.7,1,0,0,3.1
691,1,48.6,594.0,1,0,0,4.4
692,1,18.9,509.5,0,0,0,2.3
693,0,39.2,573.3,0,1,1,0.0
694,0,19.5,666.7,0,1,1,3.2
695,0,30.4,202.0,0,1,1,2.5
696,0,50.7,551.4,1,0,0,1.4
697,0,37.8,247.5,0,1,1,2.3
698,0,18.0,573.0,0,1,0,2.5
699,0,41.7,535.8,0,0,0,1.7
700,1,44.1,716.6,0,0,1,0.0
701,0,47.9,531.2,1,0,1,2.7
702,1,18.0,757.8,1,1,0,4.2
703,0,28.4,675.0,1,0,1,3.3
704,0,27.9,839.0,1,1,0,2.3
705,0,29.5,271.9,1,0,0,5.2
706,0,41.7,257.5,0,1,0,4.5
707,0,18.0,610.1,1,0,0,0.0
708,0,18.0,526.2,0,1,1,4.4
709,1,46.6,825.1,0,0,0,4.9
710,0,35.0,652.8,0,0,0,2.4
711,0,47.6,340.7,0,1,1,1.9
712,0,38.1,417.2,1,1,0,4.9
713,0,38.5,676.0,0,1,1,2.6
714,0,41.0,667.7,0,1,0,4.8
715,1,43.5,226.6,1,1,0,4.0
716,0,41.3,253.8,1,0,1,2.1
717,1,35.7,647.0,1,0,0,3.5
718,1,29.8,595.7,1,0,1,4.9
719,1,30.8,689.8,1,1,0,4.4
720,1,32.1,820.5,1,1,0,5.6
721,1,46.0,711.7,1,1,1,2.4
722,1,42.3,446.9,0,0,1,3.5
723,0,45.0,203.1,0,1,1,3.6
724,1,46.0,428.5,1,0,1,2.4
725,1,25.8,725.3,0,0,1,2.9
726,0,46.1,138.5,0,0,0,4.5
727,0,31.7,519.0,0,0,0,1.9
728,0,19.4,515.2,0,1,1,4.4
729,0,41.0,642.5,0,1,0,2.2
730,0,44.0,609.8,0,0,1,2.9
731,0,18.4,600.1,1,1,1,2.9
732,0,37.0,500.4,1,1,1,4.4
733,0,21.4,355.8,0,1,0,4.2
734,1,28.6,661.3,1,1,1,5.4
735,0,36.3,540.9,1,1,1,3.8
736,1,29.1,664.3,1,1,0,4.3
737,0,51.2,829.7,0,0,0,6.3
738,1,43.2,761.8,1,0,0,4.1
739,1,28.0,761.0,0,1,0,2.3
740,0,47.7,569.5,1,1,1,2.1
741,1,39.2,413.1,0,0,1,1.0
742,1,47.0,697.9,1,1,0,0.8
743,0,59.3,748.0,0,0,0,5.6
744,1,18.0,321.2,1,0,1,3.2
745,1,23.2,586.6,0,0,0,2.5
746,1,36.9,717.4,1,1,1,1.7
747,0,60.3,590.1,1,0,1,1.1
748,1,22.5,392.6,0,0,0,5.4
749,0,45.5,424.5,1,1,0,1.8
750,0,36.8,392.9,0,0,1,1.3
751,0,39.1,818.4,0,1,0,1.6
752,1,19.6,667.3,0,0,1,2.7
753,0,47.0,120.0,1,0,1,0.6
754,1,46.7,725.7,1,1,1,3.9
755,1,46.7,571.8,0,0,0,5.0
756,1,31.8,323.9,1,0,0,3.4
757,1,38.9,918.4,0,0,1,5.7
758,1,51.3,417.9,1,1,1,5.7
759,0,40.3,545.0,1,1,1,4.5
760,0,26.8,211.0,0,1,0,4.2
761,0,49.8,443.8,1,0,0,1.1
762,0,40.6,448.6,0,1,1,3.7
763,1,37.0,784.8,1,1,1,4.5
764,0,61.6,801.9,0,1,1,5.2
765,0,47.3,597.8,1,1,1,1.9
766,0,33.0,804.9,1,0,0,3.0
767,0,33.1,120.0,1,1,0,4.0
768,1,40.3,623.5,1,0,0,5.5
769,0,35.5,268.8,0,0,0,3.7
770,0,18.0,357.1,1,0,1,2.5
771,0,66.0,758.1,1,1,1,2.0
772,0,21.6,464.9,1,1,1,3.7
773,0,46.2,337.6,1,1,0,4.6
774,0,23.1,602.5,1,1,1,3.7
775,0,32.1,436.4,1,0,0,1.2
776,1,23.5,684.7,1,0,0,1.1
777,1,18.0,621.3,1,1,1,3.3
778,0,44.3,583.2,1,1,0,1.5
779,1,58.0,541.7,0,0,0,4.2
780,0,54.2,403.8,1,1,1,2.9
781,1,34.3,509.2,0,0,0,3.0
782,0,46.7,608.2,0,1,1,1.9
783,1,39.7,368.9,1,0,1,7.3
784,0,35.0,621.8,1,1,1,3.0
785,0,30.1,259.2,1,1,0,4.1
786,0,26.4,226.7,0,1,0,1.8
787,0,18.0,714.8,1,1,0,1.6
788,0,30.7,655.3,0,0,0,4.0
789,0,40.4,240.5,1,1,1,3.8
790,0,41.1,283.5,0,1,0,2.3
791,1,47.9,520.3,0,1,1,6.0
792,1,31.2,632.0,1,0,0,3.3
793,0,53.9,585.0,0,1,0,2.6
794,0,41.5,397.4,0,1,1,2.9
795,0,34.3,536.6,0,1,0,4.1
796,1,29.0,512.3,0,0,1,1.8
797,0,18.1,805.3,1,1,0,1.8
798,0,47.4,319.4,0,1,0,0.7
799,0,29.4,839.8,0,1,1,1.6
800,0,37.0,393.2,0,0,1,1.4
801,1,18.0,415.9,1,0,1,2.7
802,0,20.8,582.9,0,0,1,1.9
803,0,34.8,472.3,0,0,1,1.2
804,0,34.8,575.0,1,0,0,2.2
805,0,32.3,252.9,1,1,0,3.9
806,0,49.9,400.8,0,1,1,2.8
807,0,18.6,501.9,1,0,0,1.5
808,1,41.3,606.8,1,1,0,2.5
809,0,42.9,347.8,1,1,0,1.3
810,0,56.9,629.7,1,0,0,4.4
811,1,39.7,417.4,1,0,1,4.8
812,0,45.8,748.9,0,1,0,2.2
813,0,24.5,758.6,0,0,1,2.5
814,1,31.9,696.1,0,1,1,3.0
815,0,37.4,464.6,1,0,0,4.2
816,0,45.2,704.2,0,1,0,4.3
817,0,18.0,519.6,1,1,1,3.2
818,1,27.9,704.2,0,1,1,4.4
819,0,58.0,543.3,0,1,1,2.4
820,0,26.4,455.6,1,1,1,4.3
821,0,24.7,571.1,0,0,1,3.2
822,1,30.5,878.1,1,1,0,4.8
823,0,28.7,362.4,0,0,1,1.5
824,1,61.3,615.1,1,0,1,3.4
825,0,23.1,486.1,0,1,1,5.3
826,1,39.6,307.2,1,1,1,4.8
827,0,40.6,655.8,0,0,1,3.6
828,0,31.5,457.4,0,0,0,1.6
829,0,18.0,254.9,1,0,0,1.8
830,1,48.2,469.2,1,0,0,3.9
831,1,49.6,478.3,1,0,1,4.4
832,0,39.4,429.7,1,1,1,1.9
833,0,44.4,684.7,0,1,0,1.3
834,1,28.2,732.3,0,0,0,5.1
835,0,67.1,690.3,0,0,1,2.8
836,0,37.8,671.8,1,0,1,1.6
837,0,33.3,752.5,1,0,1,4.1
838,0,48.5,536.7,0,0,1,3.5
839,1,47.0,647.7,1,1,1,3.5
840,0,50.0,647.0,0,0,0,2.9
841,0,20.2,376.3,0,0,1,1.8
842,0,46.6,542.0,1,0,1,5.7
843,0,43.9,373.6,0,0,1,5.0
844,0,18.0,546.4,1,0,0,2.6
845,0,57.5,546.4,1,0,0,0.3
846,0,52.9,428.0,0,0,1,2.5
847,0,18.0,302.1,0,0,1,5.1
848,0,59.5,439.1,1,0,1,2.7
849,1,24.3,391.7,0,0,0,3.7
850,1,42.7,584.0,1,1,1,5.5
851,0,52.0,549.5,0,0,1,1.3
852,1,62.2,643.9,0,0,1,3.8
853,0,24.8,320.4,0,0,1,4.0
854,1,32.2,434.1,1,0,1,5.4
855,0,24.6,756.4,0,0,1,2.8
856,0,44.9,375.9,1,1,0,3.5
857,1,53.4,1131.2,1,0,0,1.4
858,1,40.5,736.9,0,1,1,2.6
859,0,20.2,598.6,1,1,1,4.1
860,0,43.2,365.6,1,0,0,4.2
861,1,26.0,663.7,1,0,0,1.6
862,0,40.9,598.8,1,1,1,2.9
863,0,23.4,472.3,0,1,0,2.6
864,1,58.6,591.2,0,0,0,3.9
865,0,43.1,395.4,0,0,1,1.3
866,0,52.0,521.1,0,1,0,3.4
867,0,38.7,898.5,0,1,0,3.7
868,1,28.4,520.3,0,1,0,3.0
869,1,36.4,389.3,1,1,0,2.3
870,0,30.7,515.8,0,1,1,1.9
871,0,38.2,125.5,1,1,1,2.0
872,1,29.5,385.7,1,1,0,0.5
873,0,41.3,525.1,0,0,0,0.0
874,0,39.1,480.8,0,0,1,2.8
875,1,26.2,607.4,1,0,0,3.2
876,0,47.5,355.1,1,1,0,4.6
877,0,27.0,419.7,1,1,1,3.1
878,0,39.7,373.4,0,0,0,2.5
879,0,44.0,357.0,1,0,1,3.4
880,1,24.3,397.1,1,0,1,3.3
881,0,41.0,591.5,0,1,0,2.1
882,0,18.0,705.8,0,0,1,0.5
883,1,18.0,934.7,0,0,0,2.8
884,0,59.0,353.2,1,0,1,4.0
885,0,39.1,173.4,1,1,1,3.1
886,1,43.1,714.3,0,0,1,0.7
887,0,29.3,388.4,1,1,0,3.5
888,0,40.6,669.3,0,0,1,4.0
889,1,59.8,760.7,1,1,0,3.1
890,1,55.3,761.9,0,0,1,2.7
891,0,57.9,598.6,0,0,1,2.0
892,0,41.0,521.0,1,0,1,1.6
893,0,47.0,544.2,1,0,1,1.6
894,0,29.2,816.6,1,0,1,3.0
895,1,47.3,479.1,0,1,0,2.8
896,1,34.6,804.4,1,1,0,3.9
897,0,39.3,1013.0,0,0,0,4.4
898,0,68.7,710.4,1,0,1,1.8
899,0,50.1,712.2,0,0,0,4.1
900,0,59.9,551.2,0,1,0,6.8
901,1,32.0,852.1,1,0,0,3.9
902,0,50.1,471.5,0,1,0,0.0
903,0,35.0,823.0,0,0,0,5.6
904,0,18.5,579.3,1,1,0,1.4
905,1,37.6,422.4,1,0,0,3.1
906,1,40.3,780.3,1,0,0,3.4
907,0,34.7,385.0,0,1,0,2.4
908,1,35.8,263.1,1,0,1,4.3
909,0,33.4,275.1,1,1,0,1.8
910,0,32.3,684.2,0,0,1,3.3
911,0,24.0,504.6,1,0,1,2.0
912,0,57.9,754.0,1,0,0,1.9
913,0,30.0,407.9,0,1,0,4.1
914,1,56.1,975.0,0,0,0,2.0
915,0,31.0,735.4,0,1,0,3.2
916,1,25.3,586.6,1,1,0,5.0
917,1,38.7,404.9,1,1,1,4.6
918,1,36.6,659.8,0,0,1,3.7
919,1,39.4,471.6,1,1,0,1.7
920,0,29.9,192.0,1,0,1,2.8
921,0,37.8,318.8,0,1,0,4.0
922,0,30.2,824.2,1,1,0,4.9
923,0,32.3,304.9,1,0,0,0.4
924,0,40.0,598.5,1,0,1,1.0
925,0,18.0,490.8,1,0,1,4.1
926,0,19.2,120.0,0,0,1,1.5
927,0,49.9,249.7,0,1,0,4.0
928,1,42.8,398.0,1,0,1,2.5
929,0,44.3,481.4,1,1,0,2.1
930,0,31.6,738.7,0,0,0,1.8
931,0,50.5,627.2,1,1,1,2.4
932,0,31.9,753.9,0,0,0,3.2
933,0,41.4,678.4,0,1,1,2.7
934,1,52.2,688.5,1,0,0,1.0
935,1,43.3,610.5,1,0,1,4.3
936,0,52.6,429.2,0,1,1,2.4
937,0,22.7,174.7,1,1,1,3.4
938,0,47.2,707.1,1,1,0,1.5
939,0,42.3,392.9,1,1,0,2.0
940,0,34.4,365.8,1,1,1,0.3
941,1,47.3,309.6,0,0,0,4.6
942,0,33.8,793.8,0,0,0,5.4
943,0,48.2,257.4,1,0,1,5.2
944,0,51.7,280.4,0,0,1,3.9
945,1,32.0,568.7,0,1,0,4.5
946,0,32.7,342.5,1,0,1,6.2
947,1,51.5,289.5,0,1,0,2.0
948,0,23.9,375.9,0,0,1,6.1
949,0,35.2,513.7,0,1,1,3.4
950,0,45.7,348.7,0,0,1,3.7
951,0,28.4,491.5,1,1,1,2.6
952,0,42.7,594.1,0,0,0,0.0
953,0,30.8,665.1,0,0,0,3.4
954,1,54.6,491.2,1,1,1,3.3
955,0,36.7,689.5,0,1,1,4.2
956,0,57.1,686.0,0,1,1,4.9
957,1,34.1,407.9,0,0,0,4.2
958,0,49.2,481.4,1,0,0,3.7
959,0,48.2,420.2,1,0,0,0.0
960,0,30.3,424.3,0,1,0,0.7
961,0,18.5,484.2,1,1,1,1.5
962,0,42.5,703.0,0,1,0,2.5
963,0,35.5,721.5,1,0,0,1.0
964,0,58.0,805.4,1,1,1,2.7
965,0,46.0,341.2,1,0,0,3.6
966,0,36.4,496.2,0,0,0,2.3
967,0,31.7,854.9,0,1,0,2.2
968,0,41.6,514.2,1,0,1,4.9
969,1,20.6,655.4,1,0,0,3.3
970,0,37.4,595.7,0,0,1,1.8
971,1,37.0,335.8,1,1,1,1.8
972,0,38.4,347.9,0,1,0,4.6
973,1,66.9,676.9,0,1,1,1.7
974,1,31.1,565.1,0,1,1,5.6
975,1,47.9,694.1,1,0,0,3.9
976,1,37.6,601.4,1,1,1,2.6
977,0,48.5,552.0,0,0,0,1.5
978,1,43.8,455.3,1,1,1,6.1
979,1,22.1,480.3,1,0,0,4.4
980,0,18.0,643.1,1,0,0,3.6
981,0,46.4,827.6,0,0,0,2.5
982,0,42.3,520.3,1,0,0,3.1
983,1,46.8,544.7,1,1,1,0.7
984,0,30.4,363.8,1,1,1,2.6
985,0,44.5,529.7,1,1,0,3.5
986,0,36.4,430.9,1,1,0,2.9
987,1,50.3,496.0,1,0,1,3.9
988,1,18.0,643.8,1,1,1,1.7
989,1,36.8,496.7,0,0,0,3.3
990,0,48.1,493.0,0,1,0,4.9
991,0,42.4,709.8,1,1,1,0.6
992,1,30.9,912.7,1,1,1,4.2
993,0,38.0,580.5,0,1,1,4.4
994,1,20.3,811.7,1,1,0,3.7
995,0,35.5,545.1,0,0,1,4.3
996,0,24.0,753.1,0,1,0,4.0
997,0,32.0,333.3,0,0,0,3.8
998,0,30.9,513.3,1,1,0,2.1
999,0,33.8,544.0,1,0,0,3.0
1000,0,39.3,331.7,0,1,1,0.0
1001,0,27.1,184.9,1,1,0,2.9
1002,1,35.1,562.3,0,0,0,4.5
1003,0,33.8,403.0,0,0,0,3.1
1004,1,23.0,486.4,0,0,1,1.8
1005,0,41.4,460.2,0,1,0,0.1
1006,0,28.0,764.3,0,0,1,1.4
1007,0,37.8,488.2,0,1,1,1.4
1008,0,43.7,461.9,1,0,1,0.1
1009,0,42.3,585.9,0,1,1,3.2
1010,1,27.3,561.4,1,1,1,2.7
1011,0,35.7,610.5,0,0,0,1.8
1012,1,26.8,835.7,0,1,1,0.1
1013,0,41.2,457.7,0,1,0,1.8
1014,0,51.2,514.5,1,0,1,1.1
1015,1,43.5,298.2,1,0,0,1.6
1016,0,41.9,691.3,0,0,1,3.2
1017,0,54.4,454.6,1,1,0,2.9
1018,1,46.9,684.2,0,1,1,4.5
1019,0,43.2,192.4,0,1,0,1.8
1020,0,29.9,596.0,0,0,0,0.2
1021,0,56.0,268.4,0,0,1,3.5
1022,0,26.8,608.5,0,0,0,4.6
1023,0,39.5,374.5,0,1,0,3.4
1024,0,26.7,423.6,0,0,0,4.1
1025,0,57.9,452.1,0,0,1,4.1
1026,0,22.4,334.0,0,0,0,3.7
1027,0,45.5,496.6,0,0,1,1.8
1028,0,39.5,505.1,1,0,0,3.4
1029,1,37.2,448.8,1,0,0,3.1
1030,0,46.5,726.0,1,0,0,1.3
1031,0,32.4,801.3,1,1,1,2.1
1032,0,24.9,439.3,0,0,0,3.5
1033,0,46.4,604.3,1,0,1,2.9
1034,1,27.0,544.8,1,1,1,3.9
1035,1,44.2,543.8,0,0,1,3.5
1036,0,35.6,217.8,0,1,1,3.2
1037,0,38.4,434.6,0,0,1,2.8
1038,1,27.3,481.8,1,1,0,4.5
1039,1,47.7,802.0,1,0,1,3.1
1040,1,18.0,313.5,1,0,0,4.2
1041,0,51.7,693.8,1,1,0,1.9
1042,0,39.8,382.6,0,1,0,4.2
1043,0,39.9,323.9,0,0,0,4.8
1044,0,32.3,436.2,0,0,1,3.6
1045,1,46.0,417.4,0,1,1,2.2
1046,0,34.8,240.3,1,1,1,4.0
1047,1,36.5,341.4,1,0,1,4.2
1048,0,50.9,691.7,0,0,0,0.3
1049,1,34.6,239.4,1,0,0,1.6
1050,1,19.7,755.6,1,0,1,5.9
1051,0,45.5,406.2,1,0,0,0.5
1052,0,41.0,501.9,1,0,1,2.0
1053,0,27.8,555.3,0,0,0,0.4
1054,0,66.5,479.7,0,0,0,3.3
1055,1,21.0,181.0,0,0,1,4.8
1056,0,27.1,464.5,1,0,1,4.2
1057,0,51.6,778.0,1,0,1,1.7
1058,1,44.1,532.6,0,0,0,2.6
1059,0,39.2,644.4,0,1,0,1.5
1060,0,36.8,665.3,1,1,0,3.3
1061,1,32.6,379.3,1,0,1,4.0
1062,0,37.4,454.7,0,1,1,2.0
1063,0,57.5,858.8,1,1,0,1.5
1064,0,62.3,407.6,0,0,1,3.7
1065,1,24.0,484.1,0,1,0,0.9
1066,0,31.3,534.1,1,1,1,4.0
1067,0,24.6,554.8,0,1,0,3.5
1068,0,35.1,216.6,0,1,0,3.0
1069,0,49.6,475.8,1,0,0,4.0
1070,0,34.7,479.3,0,1,0,5.4
1071,1,36.3,405.3,1,0,0,2.4
1072,1,35.6,492.9,0,0,0,5.2
1073,0,31.7,589.6,1,1,0,2.9
1074,0,44.5,554.8,0,0,1,1.2
1075,0,32.0,412.2,1,1,0,3.0
1076,0,48.5,311.6,0,0,1,4.4
1077,0,36.7,509.6,1,0,0,2.7
1078,1,22.9,785.0,1,1,1,2.0
1079,0,43.0,412.5,0,1,0,2.0
1080,1,36.0,564.5,0,1,0,6.5
1081,0,39.0,357.0,0,0,0,2.2
1082,0,40.8,573.4,1,1,0,4.9
1083,1,39.5,757.2,0,0,0,2.5
1084,0,47.9,397.0,1,1,1,1.0
1085,1,43.8,547.7,0,0,0,4.3
1086,0,29.1,489.0,1,1,1,1.8
1087,0,44.3,754.6,0,0,1,2.9
1088,0,55.0,488.6,0,0,0,2.3
1089,0,21.5,341.9,1,0,0,4.4
1090,0,32.0,120.0,1,0,0,1.6
1091,1,21.3,670.1,1,0,1,0.0
1092,1,42.2,668.1,0,0,1,3.2
1093,0,45.7,275.7,1,1,0,3.1
1094,0,45.5,293.1,0,1,1,1.8
1095,0,53.7,653.4,1,0,1,3.6
1096,0,54.5,311.1,1,1,0,5.8
1097,0,34.2,501.3,0,1,0,1.4
1098,1,41.4,321.8,0,0,0,3.8
1099,0,56.7,620.0,0,0,1,2.0
1100,0,27.8,366.2,0,1,1,2.9
1101,0,34.0,708.6,0,1,1,5.0
1102,0,40.8,280.5,1,0,1,2.3
1103,0,46.0,516.6,0,0,1,2.5
1104,1,18.0,811.7,1,1,0,2.9
1105,0,46.0,182.2,1,1,1,2.8
1106,0,34.6,564.5,0,1,0,2.6
1107,0,53.6,822.5,1,1,1,3.0
1108,0,42.7,271.4,0,0,0,2.2
1109,0,54.9,453.4,1,1,0,3.2
1110,0,18.0,292.7,1,1,0,2.7
1111,0,45.7,333.8,1,0,1,1.5
1112,0,63.7,361.0,1,0,0,1.3
1113,1,62.7,412.0,1,0,1,3.7
1114,0,27.6,544.1,0,1,0,2.8
1115,1,34.1,725.3,1,0,1,3.7
1116,0,48.4,952.1,0,0,1,1.3
1117,0,46.2,406.6,0,0,0,2.0
1118,1,51.3,547.9,1,1,0,2.6
1119,1,26.0,582.6,1,0,0,2.6
1120,0,55.0,644.9,1,0,0,0.7
1121,0,48.3,399.9,1,0,0,4.0
1122,0,59.0,457.6,1,0,0,0.0
1123,0,25.8,471.0,0,1,1,5.7
1124,1,39.8,408.1,1,1,1,5.9
1125,0,46.5,260.2,0,1,1,3.3
1126,1,21.4,648.8,1,0,1,2.2
1127,0,30.6,795.2,0,1,0,3.8
1128,1,28.4,500.0,1,0,0,2.8
1129,0,35.6,437.8,0,1,1,2.7
1130,0,39.2,562.7,0,0,0,3.0
1131,0,28.3,528.5,0,0,1,2.8
1132,0,31.8,465.9,0,0,0,0.9
1133,0,46.0,769.8,0,0,1,1.9
1134,0,51.3,120.0,0,1,1,3.1
1135,0,36.1,725.8,0,1,1,2.7
1136,1,31.7,490.2,1,0,1,3.3
1137,0,33.0,178.9,1,0,1,0.8
1138,0,47.5,598.0,0,1,1,3.1
1139,0,33.3,561.3,0,1,1,3.5
1140,1,40.1,667.2,0,1,1,5.7
1141,0,27.4,325.9,0,1,0,4.7
1142,0,32.8,352.7,0,0,0,1.6
1143,1,54.1,714.1,1,0,1,2.1
1144,0,40.6,385.8,0,1,1,2.7
1145,1,26.9,466.2,1,0,1,2.9
1146,0,32.0,671.7,1,0,0,3.0
1147,0,40.9,428.6,0,0,1,3.3
1148,1,45.1,609.9,1,0,1,5.2
1149,1,25.9,672.5,1,1,0,4.9
1150,1,21.7,799.6,0,1,1,3.4
1151,0,50.1,609.9,1,1,0,2.8
1152,1,42.7,768.4,1,0,0,0.1
1153,0,56.8,590.0,0,0,1,2.2
1154,0,50.9,309.7,1,1,0,1.7
1155,0,30.2,586.8,1,1,1,0.9
1156,1,44.3,569.4,0,1,0,2.0
1157,1,25.5,847.4,1,0,1,3.0
1158,0,51.3,937.0,0,1,1,3.7
1159,1,58.2,409.0,0,0,1,3.7
1160,1,23.1,794.0,1,0,1,3.6
1161,0,27.7,504.3,1,1,0,4.1
1162,0,36.5,505.2,1,0,1,0.5
1163,1,34.6,521.2,1,0,1,4.3
1164,1,28.4,509.3,0,0,0,0.8
1165,0,19.5,557.5,0,1,1,1.7
1166,0,49.5,233.3,1,1,1,6.6
1167,1,20.0,581.8,0,0,1,3.7
1168,1,24.4,385.5,1,1,1,0.8
1169,0,18.0,384.3,1,1,1,2.3
1170,0,41.0,354.0,1,0,0,5.5
1171,0,32.4,621.1,0,1,1,1.1
1172,0,33.3,762.8,1,0,0,3.5
1173,0,52.3,339.1,1,1,0,4.3
1174,1,24.9,622.4,1,1,1,6.8
1175,0,27.8,456.3,0,0,0,2.8
1176,0,49.5,439.2,1,0,1,3.7
1177,0,56.6,606.3,0,1,0,2.1
1178,1,30.7,288.5,0,0,1,4.3
1179,0,36.3,357.0,0,0,1,5.7
1180,0,31.4,524.6,1,0,0,3.5
1181,0,54.8,203.2,1,1,1,2.7
1182,0,33.0,581.3,1,1,0,0.0
1183,0,61.6,357.3,0,0,0,2.3
1184,0,48.0,769.0,1,0,0,1.6
1185,0,37.1,706.5,1,0,1,0.9
1186,0,28.2,360.0,0,1,0,6.4
1187,0,40.2,539.1,0,0,0,2.5
1188,1,55.7,495.0,0,0,0,2.7
1189,0,26.5,488.6,0,1,0,1.1
1190,0,46.7,506.3,1,1,0,4.8
1191,0,18.0,532.7,0,1,1,3.3
1192,0,40.8,412.3,1,0,1,3.1
1193,0,43.5,566.9,0,0,0,2.7
1194,0,43.6,336.1,0,0,0,2.0
1195,1,26.4,802.1,0,0,1,2.2
1196,0,18.0,673.7,1,1,1,3.0
1197,1,30.6,279.1,1,0,1,5.2
1198,1,35.7,1113.8,1,0,0,3.8
1199,1,44.0,711.1,1,0,1,3.4
1200,0,42.5,536.3,0,1,1,2.8
1201,0,18.0,686.4,1,0,0,2.4
1202,0,42.8,543.3,0,1,1,2.8
1203,0,49.9,762.0,1,0,1,4.3
1204,1,48.4,699.0,1,0,1,2.5
1205,0,40.0,254.4,0,0,1,2.2
1206,0,37.9,557.9,0,0,1,2.7
1207,0,41.6,521.9,0,1,1,3.5
1208,0,47.7,420.8,0,0,0,3.3
1209,0,32.2,497.7,1,0,0,4.5
1210,0,18.0,577.6,0,0,1,1.7
1211,1,50.9,841.0,0,0,1,6.3
1212,1,26.2,779.2,1,0,1,3.6
1213,1,40.8,774.6,0,1,1,3.9
1214,0,42.5,738.5,0,1,0,2.6
1215,1,27.1,884.1,1,1,1,2.6
1216,1,37.0,728.4,1,1,0,1.8
1217,0,18.6,435.1,1,1,0,2.2
1218,1,48.1,789.1,1,0,0,2.1
1219,0,41.9,410.0,0,0,0,3.7
1220,1,18.0,822.4,1,0,0,2.5
1221,1,35.8,675.1,0,1,1,3.5
1222,0,54.9,487.0,1,1,0,3.8
1223,1,22.9,482.1,0,1,1,1.4
1224,0,53.2,436.9,1,1,1,2.4
1225,0,37.6,498.5,0,0,1,2.6
1226,1,44.2,482.2,1,0,1,5.3
1227,0,45.6,165.6,1,0,1,1.4
1228,0,26.5,341.1,1,0,1,2.6
1229,0,42.2,478.6,1,0,0,2.8
1230,0,37.4,401.0,0,1,1,0.4
1231,0,29.7,464.4,1,0,0,3.0
1232,0,30.3,350.4,1,0,1,2.2
1233,0,32.0,644.9,0,0,1,5.5
1234,0,18.0,694.6,1,0,0,1.1
1235,1,23.1,652.0,0,0,1,4.7
1236,1,26.4,752.6,1,1,1,2.2
1237,0,49.4,646.8,0,1,1,2.0
1238,1,55.8,746.5,0,1,0,4.7
1239,0,48.8,416.1,1,1,1,3.7
1240,0,23.5,729.3,1,0,1,3.9
1241,0,31.8,689.9,0,0,1,1.8
1242,0,40.1,443.7,0,1,1,2.0
1243,0,30.4,413.2,0,1,0,2.9
1244,1,30.7,593.9,0,0,0,2.3
1245,1,18.0,736.3,1,1,0,4.4
1246,1,49.5,762.0,0,0,1,2.4
1247,0,32.4,637.5,1,1,0,2.1
1248,0,55.3,346.8,1,0,1,4.1
1249,0,35.1,531.9,1,1,1,4.1
1250,1,42.2,372.1,0,0,0,3.4
1251,0,42.0,506.1,0,0,1,0.8
1252,1,54.5,586.9,0,0,1,2.4
1253,1,45.0,310.1,1,1,1,4.4
1254,0,18.0,478.5,1,1,0,1.3
1255,1,47.6,409.3,0,0,1,6.0
1256,0,34.3,385.8,1,0,1,3.9
1257,0,39.8,355.9,0,1,1,1.9
1258,0,46.4,229.0,0,0,1,2.9
1259,0,56.3,412.0,0,1,0,2.7
1260,0,45.4,528.7,1,0,1,2.9
1261,0,19.5,268.0,1,1,1,0.6
1262,0,34.1,599.5,0,0,0,3.0
1263,0,18.0,742.0,0,0,1,3.5
1264,0,42.0,653.9,1,0,1,0.7
1265,0,22.8,120.0,0,0,1,2.3
1266,1,46.6,631.2,1,1,1,2.5
1267,0,48.8,313.1,0,0,0,2.2
1268,0,45.0,558.6,1,1,1,4.3
1269,0,18.0,202.8,1,1,1,2.4
1270,0,44.7,319.1,0,1,0,1.0
1271,0,22.9,996.8,1,0,0,2.8
1272,0,35.9,592.2,0,0,1,0.0
1273,0,48.6,123.9,0,1,0,2.5
1274,1,50.0,653.6,1,0,1,3.6
1275,0,20.7,429.7,1,0,0,4.3
1276,0,32.7,411.9,1,1,1,3.5
1277,0,18.0,511.6,1,1,0,2.7
1278,0,50.5,347.9,0,1,0,3.5
1279,0,52.6,485.3,0,1,0,1.6
1280,0,20.3,349.9,1,0,0,0.3
1281,1,40.2,621.9,1,1,1,2.1
1282,1,18.0,750.8,0,0,0,1.8
1283,1,42.3,427.7,1,1,0,2.6
1284,0,43.3,184.1,0,1,0,1.5
1285,0,43.2,284.5,1,0,1,4.6
1286,0,48.7,756.4,0,0,0,3.0
1287,1,38.6,780.2,1,0,1,4.0
1288,0,36.9,122.9,0,1,1,3.9
1289,0,50.6,329.2,0,0,1,5.3
1290,0,41.7,289.3,1,0,0,1.8
1291,0,40.5,647.2,0,0,1,2.2
1292,0,57.6,343.4,1,1,0,4.7
1293,1,51.9,621.4,0,1,1,4.0
1294,0,25.1,660.3,1,0,0,3.1
1295,1,34.1,319.9,1,0,0,4.2
1296,0,66.3,253.5,1,0,0,2.5
1297,0,44.4,362.8,0,1,1,2.7
1298,0,42.5,369.9,1,1,0,2.1
1299,1,40.8,665.6,0,1,1,2.8
1300,1,37.0,682.1,0,0,1,7.9
1301,0,22.4,752.2,1,1,1,2.6
1302,0,57.4,254.6,1,1,1,3.8
1303,0,52.7,765.0,1,0,0,2.3
1304,1,30.4,621.5,1,1,1,1.8
1305,0,38.9,753.8,1,1,0,4.3
1306,0,29.3,367.7,0,1,0,3.2
1307,0,50.0,622.8,1,1,1,3.0
1308,0,47.8,588.0,1,1,1,2.6
1309,0,49.9,586.7,1,1,1,2.8
1310,0,60.9,325.3,0,0,0,4.3
1311,1,25.3,415.4,0,1,0,4.8
1312,1,20.8,431.2,1,0,1,2.5
1313,0,54.0,554.9,1,0,1,4.6
1314,0,38.6,396.9,0,0,0,4.0
1315,0,45.7,481.8,1,0,0,2.5
1316,0,41.5,825.2,0,1,0,3.9
1317,0,36.5,568.7,0,1,0,3.1
1318,0,32.3,464.3,0,1,1,1.2
1319,0,42.5,178.8,1,0,1,1.7
1320,0,63.2,120.0,1,0,0,2.2
1321,0,35.6,484.3,1,0,0,3.9
1322,0,64.2,330.9,1,0,0,4.0
1323,1,55.0,370.0,1,1,1,5.0
1324,0,62.5,225.4,1,1,1,5.3
1325,0,52.0,542.2,1,1,1,2.8
1326,0,25.3,437.7,0,0,1,4.0
1327,0,27.0,308.0,1,1,1,2.1
1328,0,24.9,326.7,0,1,1,4.4
1329,1,44.1,644.1,1,0,0,3.0
1330,0,33.6,324.4,0,1,1,4.7
1331,0,29.0,489.9,0,1,0,5.5
1332,0,23.0,662.9,1,0,1,0.0
1333,1,28.6,600.3,1,0,0,3.4
1334,1,43.8,210.3,1,1,1,4.5
1335,0,29.8,257.7,1,1,1,1.4
1336,0,24.1,337.0,1,0,0,4.5
1337,0,49.0,268.1,1,0,0,4.0
1338,0,39.1,511.2,0,1,0,3.4
1339,0,53.9,718.2,1,0,1,4.9
1340,0,45.5,459.9,0,1,0,0.9
1341,1,54.0,509.6,1,0,1,4.0
1342,0,50.7,399.7,0,0,1,3.1
1343,1,55.1,557.2,0,0,0,2.6
1344,0,51.7,424.5,1,1,0,2.2
1345,1,18.0,391.6,1,1,0,2.6
1346,0,37.2,654.1,0,1,0,1.2
1347,0,35.6,367.2,1,0,1,1.7
1348,0,27.3,171.7,0,1,0,1.9
1349,1,40.1,701.2,1,1,0,4.2
1350,0,50.5,120.0,0,0,1,2.7
1351,1,36.8,578.1,0,0,0,4.3
1352,0,32.0,390.3,1,1,0,4.8
1353,0,39.9,357.0,0,1,0,0.5
1354,1,29.5,710.6,0,1,1,4.6
1355,0,47.4,457.1,1,0,1,1.5
1356,0,43.4,323.3,1,0,0,1.4
1357,1,48.0,640.4,0,1,1,2.2
1358,0,50.5,657.0,0,1,0,2.8
1359,0,25.2,552.0,1,1,1,3.6
1360,0,43.9,383.2,0,0,1,3.6
1361,0,32.8,340.3,0,0,0,4.2
1362,0,29.1,344.5,0,1,0,3.7
1363,0,22.0,493.4,0,0,1,6.6
1364,1,32.3,410.8,0,1,0,3.8
1365,0,40.6,206.9,0,0,1,1.1
1366,1,34.3,373.1,1,0,1,2.0
1367,1,31.3,621.9,0,0,1,4.2
1368,0,24.8,166.2,1,0,1,3.7
1369,0,51.6,542.7,1,0,0,4.7
1370,0,33.4,435.9,0,0,0,5.1
1371,0,54.4,496.3,0,0,1,4.9
1372,0,31.7,669.5,0,1,0,2.8
1373,1,18.0,614.3,1,0,0,4.8
1374,0,43.7,581.9,0,1,0,2.3
1375,1,51.0,682.0,1,1,1,4.7
1376,1,33.3,581.8,0,0,0,3.8
1377,1,18.0,461.7,0,0,0,2.9
1378,0,43.7,555.6,1,1,1,1.8
1379,0,36.0,712.0,1,0,1,1.6
1380,0,46.0,411.4,1,0,1,4.0
1381,1,42.6,632.7,1,0,0,1.6
1382,0,60.0,398.6,1,1,1,1.8
1383,1,47.4,697.7,1,1,0,6.6
1384,0,47.5,844.8,1,1,0,3.8
1385,1,28.3,616.7,1,1,0,4.7
1386,0,35.4,688.8,0,0,0,3.8
1387,1,30.3,638.6,1,1,0,1.6
1388,1,29.8,591.4,1,0,0,4.4
1389,0,26.3,414.0,1,0,0,1.8
1390,1,43.9,633.8,0,0,0,2.7
1391,1,29.2,664.4,1,0,1,4.3
1392,1,43.1,455.5,1,0,0,2.4
1393,1,32.1,793.0,0,0,0,4.0
1394,0,30.0,497.9,0,1,0,1.7
1395,1,24.5,449.6,1,1,1,5.4
1396,0,39.7,336.6,1,1,0,4.4
1397,0,62.1,427.4,1,1,1,3.9
1398,0,42.8,514.8,0,0,0,4.3
1399,0,37.7,446.7,0,1,1,1.9
1400,0,28.4,803.3,0,0,0,1.6
1401,1,50.7,774.0,1,0,1,2.8
1402,1,24.7,905.2,1,1,0,0.9
1403,0,18.0,672.0,1,1,0,3.5
1404,0,46.6,480.0,0,0,0,1.5
1405,1,40.3,715.5,1,0,0,4.4
1406,0,38.6,324.9,1,0,1,3.9
1407,1,18.0,573.4,1,1,1,2.4
1408,0,28.2,398.2,1,0,0,6.6
1409,1,33.6,682.4,1,1,1,3.9
1410,1,42.1,446.9,0,0,0,4.2
1411,0,31.5,635.1,1,1,0,3.7
1412,0,46.6,465.0,0,0,0,3.0
1413,1,47.8,816.7,0,1,0,4.3
1414,0,28.9,552.0,1,1,0,1.1
1415,1,44.4,759.0,1,0,1,1.0
1416,0,41.3,578.4,1,1,0,2.4
1417,0,48.5,750.5,0,0,1,3.1
1418,1,40.4,545.4,1,0,1,4.1
1419,0,57.3,250.2,0,0,1,2.3
1420,1,29.8,453.2,1,0,1,4.0
1421,0,25.5,228.8,0,0,0,4.5
1422,0,46.5,618.7,0,1,0,4.2
1423,0,50.4,520.4,1,0,0,2.4
1424,0,44.5,622.4,1,0,0,1.4
1425,0,29.8,313.7,1,0,0,5.2
1426,0,18.0,278.0,0,0,0,2.0
1427,1,56.3,423.4,1,0,1,3.8
1428,0,47.6,578.8,0,0,1,3.0
1429,1,37.9,634.6,1,1,1,4.2
1430,0,48.3,601.2,0,1,1,2.5
1431,0,38.4,708.4,1,1,1,1.0
1432,0,24.3,483.0,1,1,1,3.1
1433,0,39.6,324.2,0,0,1,3.0
1434,0,36.0,406.2,1,0,1,3.8
1435,0,37.9,478.2,1,0,0,2.1
1436,0,39.5,492.1,1,1,1,3.2
1437,1,45.1,531.4,1,1,1,5.3
1438,1,34.4,461.2,1,0,0,3.5
1439,1,42.7,550.3,0,1,0,3.1
1440,0,33.0,401.2,0,0,1,1.2
1441,1,30.3,866.9,0,1,1,2.8
1442,0,27.7,752.3,0,0,1,1.2
1443,1,40.4,811.5,1,0,0,2.4
1444,0,35.9,440.0,1,1,1,3.8
1445,0,22.9,804.9,0,0,0,4.4
1446,0,44.4,655.2,1,0,0,2.3
1447,0,34.0,468.4,1,0,0,1.8
1448,0,46.4,822.9,0,1,1,1.7
1449,0,34.2,672.6,1,0,0,0.6
1450,0,45.7,512.5,1,0,1,5.6
1451,0,29.8,594.9,1,1,1,2.5
1452,0,33.5,291.5,1,0,0,3.9
1453,1,59.0,768.3,0,0,0,3.2
1454,0,35.1,598.9,0,1,0,3.1
1455,1,40.9,738.2,0,0,1,4.4
1456,0,18.0,663.5,0,0,1,4.7
1457,0,22.5,463.6,0,0,1,1.2
1458,0,41.2,621.9,0,0,1,1.9
1459,0,31.8,311.4,0,0,0,5.6
1460,0,47.2,160.0,0,1,1,6.3
1461,1,18.0,709.5,1,0,1,3.2
1462,1,18.0,261.9,1,0,0,4.0
1463,0,25.4,382.0,1,1,0,2.9
1464,0,18.0,337.5,0,0,0,1.9
1465,0,45.1,282.7,0,1,0,4.1
1466,0,47.1,646.9,0,0,0,4.4
1467,0,34.1,682.2,1,0,1,2.8
1468,0,43.2,482.3,0,1,1,1.1
1469,0,41.8,682.3,1,0,0,2.7
1470,1,53.6,677.4,0,0,1,3.1
1471,0,45.7,225.6,0,1,0,2.7
1472,1,27.6,798.5,0,0,0,4.9
1473,0,28.9,307.4,1,1,0,3.0
1474,0,47.0,558.3,0,0,0,0.4
1475,1,42.3,227.4,0,1,1,3.7
1476,0,18.0,579.9,1,1,0,3.8
1477,0,31.0,471.3,0,0,0,1.8
1478,0,39.2,584.2,0,1,1,2.3
1479,1,41.1,368.7,0,0,0,3.3
1480,1,36.6,712.2,0,1,1,5.3
1481,0,24.0,409.9,1,0,0,3.1
1482,0,31.6,485.9,1,0,1,3.8
1483,0,20.9,497.8,0,1,1,3.8
1484,0,41.3,705.0,0,1,1,3.5
1485,1,36.5,776.6,1,1,0,3.0
1486,1,43.0,247.6,1,0,1,4.1
1487,0,45.2,510.5,1,0,1,0.7
1488,0,35.1,590.5,0,0,0,2.6
1489,0,48.7,120.0,1,1,0,0.6
1490,0,39.3,576.8,0,0,0,2.4
1491,0,33.8,408.3,1,0,0,3.2
1492,0,48.9,686.1,0,0,1,2.1
1493,1,32.3,801.3,1,0,0,1.6
1494,0,32.5,449.2,0,0,0,2.2
1495,0,31.8,450.9,0,0,0,2.8
1496,1,49.5,692.0,1,0,1,4.0
1497,0,44.6,120.0,1,1,1,1.9
1498,0,46.8,567.6,1,0,1,1.2
1499,0,42.6,507.3,1,1,0,3.9
1500,0,41.0,613.7,0,0,1,1.1
