educ,exper,exper2,wage
7,16,256,548.0000017
12,9,81,480.9999999
12,16,256,721.000002
11,10,100,250.0000005
12,16,256,728.9999985
12,8,64,500.0000008
18,9,81,564.9999994
14,9,81,607.9999988
12,10,100,425.0000005
12,11,121,514.9999997
9,13,169,224.9999995
12,8,64,400.0000012
11,7,49,416.9999992
11,13,169,216.9999992
16,9,81,894.0000043
14,4,16,299.9999986
12,16,256,346.0000017
14,9,81,657.9999991
10,10,100,574.9999995
12,14,196,649.0000021
18,8,64,944.0000036
18,10,100,614.0000011
15,11,121,725.9999965
12,10,100,604.0000012
12,14,196,693.0000006
18,10,100,1400.000006
12,8,64,299.9999986
18,8,64,1799.999993
12,7,49,412.9999988
14,9,81,631.9999974
12,7,49,208.0000001
12,7,49,456.9999996
16,2,4,824.0000001
18,10,100,577.000002
11,11,121,255.0000012
16,8,64,961.9999994
10,15,225,944.0000036
18,10,100,1146.000003
6,15,225,324.0000014
11,7,49,234.999999
12,16,256,1000.000001
9,11,121,480.9999999
15,11,121,624.000001
11,17,289,649.9999981
12,6,36,344.0000009
16,2,4,379.999999
12,6,36,353.0000011
13,6,36,658.999997
17,5,25,620.9999988
12,7,49,440.0000014
12,8,64,737.9999966
11,14,196,279.9999991
10,8,64,433.9999982
12,9,81,704.999998
12,9,81,425.0000005
12,6,36,571.0000002
16,8,64,537.9999999
16,10,100,740.0000028
13,13,169,673.0000002
12,16,256,769.0000004
12,6,36,591.9999971
9,9,81,213.0000009
16,12,144,1562.999999
16,6,36,773.9999972
12,8,64,600.0000029
18,0,0,693.0000006
13,12,144,569.9999995
14,8,64,433.0000009
15,7,49,537.9999999
12,7,49,626.9999996
8,17,289,480.9999999
12,8,64,544.9999975
12,7,49,575.9999996
16,3,9,700.0000035
16,6,36,788.0000001
17,4,16,1012
12,6,36,758.0000033
14,9,81,600.9999973
12,6,36,283.0000007
12,6,36,250.0000005
12,8,64,500.0000008
11,14,196,550.000001
12,7,49,1142.999996
18,7,49,810.0000019
12,10,100,312.9999998
18,1,1,731.0000002
16,3,9,625.0000002
14,4,16,588.0000012
14,6,36,375.0000015
16,7,49,816.999996
14,10,100,865.0000027
15,7,49,349.9999984
13,5,25,202.0000005
13,13,169,505.0000004
17,7,49,815.9999959
18,2,4,625.0000002
18,8,64,769.0000004
17,4,16,500.0000008
17,4,16,618.9999983
12,12,144,649.9999981
18,4,16,769.0000004
12,8,64,512.0000025
18,7,49,625.0000002
14,11,121,1111
13,9,81,721.000002
14,12,144,1154.000003
18,10,100,827.0000041
16,12,144,922.9999958
17,5,25,1075.999999
12,15,225,625.0000002
13,8,64,460.0000002
14,4,16,899.999997
18,5,25,682.0000015
12,6,36,410.9999982
13,8,64,625.0000002
18,8,64,1005
11,7,49,724.9999965
15,6,36,750.0000026
14,9,81,528.999999
17,6,36,971.9999957
12,8,64,472.0000021
12,6,36,324.9999992
12,16,256,875.0000032
13,15,225,625.0000002
12,8,64,336.9999999
16,5,25,480.9999999
9,14,196,649.9999981
16,3,9,383.0000003
18,6,36,961.9999994
16,7,49,615.0000013
14,8,64,701.9999972
14,11,121,635.0000007
12,10,100,200.0000007
12,9,81,816.999996
14,6,36,577.000002
17,3,9,465.9999981
16,7,49,923.9999985
16,9,81,792.9999987
14,8,64,635.0000007
12,7,49,569.9999995
16,7,49,704.999998
14,8,64,635.0000007
12,12,144,693.9999996
13,15,225,615.0000013
16,4,16,461.9999995
12,16,256,865.0000027
18,9,81,736.9999984
12,7,49,1400.000006
12,13,169,808.0000012
16,4,16,653.999999
12,7,49,299.9999986
16,8,64,577.000002
16,2,4,265.0000011
18,7,49,594.0000004
17,3,9,324.9999992
16,2,4,384.9999983
18,1,1,1000.000001
18,4,16,465.0000021
16,6,36,440.0000014
16,5,25,625.0000002
17,4,16,284.9999999
14,7,49,649.9999981
13,6,36,808.0000012
12,6,36,500.0000008
16,4,16,830.999996
12,13,169,500.0000008
17,9,81,693.0000006
12,9,81,1100.000001
12,7,49,762.999999
12,9,81,794.9999963
16,3,9,333
18,6,36,409.0000016
16,5,25,865.0000027
12,13,169,887.9999973
12,16,256,673.0000002
12,15,225,700.0000035
18,9,81,250.0000005
11,10,100,625.0000002
13,12,144,416.9999992
13,9,81,575.9999996
12,8,64,613.0000025
12,13,169,700.0000035
12,6,36,449.9999988
16,6,36,500.0000008
12,7,49,514.0000023
16,3,9,250.0000005
12,6,36,315.0000004
12,11,121,375.0000015
15,13,169,456.9999996
12,9,81,275.0000006
12,10,100,950.9999976
16,10,100,1114.999996
16,3,9,289.0000005
16,3,9,500.0000008
18,8,64,725.9999965
18,5,25,1264.999999
17,3,9,613.0000025
12,10,100,544.9999975
13,9,81,277.999999
18,10,100,1442.000003
16,5,25,995.0000028
12,11,121,700.0000035
16,6,36,577.000002
16,9,81,858.0000004
12,10,100,686.0000016
15,10,100,831.9999993
13,14,196,632.9999986
12,14,196,688.9999993
14,10,100,769.0000004
15,6,36,384.9999983
12,6,36,449.9999988
12,9,81,615.0000013
12,16,256,682.0000015
10,16,256,669.9999984
11,16,256,800.0000019
14,14,196,505.0000004
18,6,36,1026.000004
15,4,16,769.0000004
10,16,256,289.9999991
13,9,81,528.999999
16,7,49,1154.000003
10,13,169,548.9999992
12,8,64,474.9999981
12,8,64,449.9999988
17,4,16,875.0000032
15,4,16,200.0000007
13,7,49,299.9999986
16,3,9,461.9999995
12,12,144,384.9999983
15,11,121,1282.000003
16,3,9,588.0000012
12,9,81,600.0000029
16,8,64,500.0000008
12,15,225,440.0000014
18,2,4,467.0000011
17,6,36,929.0000011
16,5,25,555.9999976
13,5,25,437.9999998
12,11,121,600.0000029
12,8,64,574.9999995
12,8,64,388.9999986
12,16,256,794.9999963
18,3,9,470.9999981
17,3,9,202.0000005
17,1,1,200.0000007
17,1,1,349.9999984
14,4,16,375.0000015
16,3,9,480.9999999
18,7,49,961.9999994
15,6,36,423.0000004
15,6,36,500.0000008
9,15,225,449.9999988
8,14,196,475.999998
12,6,36,136.0000006
12,14,196,574.9999995
12,15,225,577.000002
12,13,169,310.0000008
9,15,225,700.0000035
14,12,144,1321.999999
10,18,324,551.0000005
17,7,49,881.0000036
12,7,49,759.9999975
12,14,196,707.9999974
12,8,64,425.0000005
12,8,64,426.9999986
16,2,4,575.9999996
9,17,289,400.0000012
12,13,169,500.0000008
12,10,100,530.9999993
16,6,36,673.0000002
16,5,25,577.000002
16,2,4,324.9999992
11,12,144,500.0000008
12,7,49,769.9999963
12,8,64,500.0000008
16,6,36,391
12,16,256,810.0000019
9,19,361,543
9,19,361,593.0000006
17,2,4,864.000001
10,12,144,700.0000035
12,7,49,510.0000022
13,15,225,615.0000013
14,9,81,761.0000016
10,15,225,492.999998
16,2,4,444.999999
12,7,49,425.0000005
16,2,4,750.0000026
16,2,4,700.0000035
12,6,36,437.9999998
12,11,121,607.9999988
13,5,25,449.9999988
3,17,289,312.9999998
7,20,400,250.0000005
14,13,169,500.0000008
12,8,64,364.9999987
12,8,64,813.0000004
12,7,49,325.9999996
12,11,121,523.9999977
13,9,81,814.9999974
12,10,100,750.0000026
17,1,1,524.9999986
12,14,196,1124.999995
12,10,100,625.0000002
14,5,25,714.9999981
12,13,169,591.0000015
17,4,16,404.0000008
12,10,100,674.9999994
12,7,49,443.9999989
12,6,36,488.000002
9,19,361,695.0000031
12,7,49,700.0000035
12,6,36,324.9999992
9,10,100,555.9999976
12,8,64,324.9999992
13,7,49,667.9999976
18,7,49,2404.00001
16,3,9,758.0000033
16,12,144,985.9999955
12,7,49,577.000002
17,6,36,285.9999998
14,8,64,230.9999999
12,7,49,513.0000025
15,7,49,615.0000013
15,4,16,700.0000035
18,9,81,713.9999983
9,15,225,701.0000021
12,6,36,461.9999995
18,4,16,867.999996
16,7,49,916.9999979
12,9,81,1065.000002
12,11,121,400.0000012
12,9,81,640.0000023
13,5,25,284.9999999
17,4,16,641.000002
13,13,169,388.9999986
12,7,49,1010
12,6,36,816.999996
17,4,16,974.999999
12,11,121,750.0000026
15,3,9,462.9999981
12,10,100,1387
12,7,49,577.000002
12,9,81,401.0000011
10,10,100,320.0000013
12,9,81,514.0000023
11,8,64,208.0000001
17,4,16,1192.000003
14,6,36,625.0000002
17,11,121,480.9999999
13,8,64,713.9999983
11,10,100,625.0000002
12,12,144,552.9999992
12,16,256,579.0000014
18,4,16,841
18,9,81,1923.000008
16,4,16,805.999998
12,11,121,344.0000009
12,14,196,961.9999994
12,14,196,600.0000029
18,10,100,836.9999996
16,2,4,625.0000002
16,6,36,563.000001
16,6,36,1409.999995
12,7,49,479.9999981
12,6,36,600.0000029
9,13,169,299.9999986
9,10,100,505.0000004
14,5,25,416.9999992
12,6,36,299.9999986
18,3,9,865.0000027
16,3,9,299.9999986
12,14,196,721.000002
12,16,256,856.0000033
10,14,196,737.9999966
17,8,64,1057.999997
12,14,196,528.999999
11,17,289,571.9999992
12,14,196,805.0000021
10,14,196,400.0000012
18,5,25,961.9999994
18,3,9,816.999996
13,9,81,740.0000028
18,6,36,721.000002
18,0,0,912.9999995
17,4,16,379.0000019
14,6,36,349.9999984
11,16,256,693.9999996
12,14,196,1013.999996
18,10,100,1136.000001
18,6,36,1708.999995
12,8,64,528.999999
17,9,81,673.0000002
17,5,25,1010
18,4,16,846.0000003
11,10,100,710
16,4,16,819.9999998
12,6,36,446.9999979
15,4,16,500.0000008
16,9,81,1049.000002
18,5,25,1202.000006
12,15,225,690.0000017
16,6,36,648.0000024
13,11,121,875.0000032
17,2,4,548.0000017
7,15,225,600.0000029
15,13,169,2244.000008
12,13,169,1442.000003
12,16,256,320.0000013
18,9,81,1261.999996
12,6,36,600.0000029
11,9,81,299.9999986
16,2,4,537.9999999
12,15,225,743.9999964
12,15,225,846.0000003
16,7,49,813.0000004
12,10,100,1000.000001
16,4,16,561.0000025
18,2,4,284.9999999
16,5,25,437.0000021
13,6,36,324.9999992
16,6,36,579.9999979
16,4,16,588.0000012
18,5,25,801.0000023
14,5,25,312.0000007
12,11,121,250.0000005
15,6,36,500.0000008
12,15,225,750.0000026
13,12,144,343.000001
15,7,49,250.0000005
16,2,4,700.0000035
12,7,49,400.0000012
17,4,16,554.9999979
15,7,49,698.9999984
14,4,16,1923.000008
18,8,64,1215.999997
16,7,49,615.0000013
14,5,25,745.0000012
16,2,4,457.9999981
18,1,1,646.9999971
12,7,49,745.0000012
16,3,9,814.9999974
16,9,81,865.0000027
12,10,100,541.9999992
13,8,64,364.9999987
10,8,64,416.9999992
16,5,25,657.000001
15,5,25,528.999999
17,6,36,851.0000012
12,7,49,662.9999999
16,2,4,528.999999
18,4,16,889.000004
17,5,25,865.0000027
18,2,4,230.9999999
12,14,196,802.0000017
13,8,64,532.9999978
15,4,16,775.0000005
14,4,16,475.999998
16,11,121,865.0000027
16,6,36,1013.999996
18,8,64,641.000002
16,2,4,333
11,17,289,555.9999976
18,2,4,527.999998
12,8,64,635.0000007
11,10,100,500.0000008
16,12,144,1154.000003
18,2,4,855.0000009
12,10,100,479.0000012
18,1,1,816.999996
18,5,25,692.000003
16,11,121,988.9999984
16,9,81,446.9999979
18,10,100,1001.999998
18,10,100,1241.000006
14,12,144,921.0000034
12,10,100,571.0000002
12,13,169,524.9999986
12,10,100,1154.000003
12,6,36,479.9999981
11,7,49,839.000003
14,13,169,1402.000003
13,8,64,400.0000012
12,15,225,710
14,4,16,635.0000007
13,7,49,388.0000001
12,8,64,688.0000014
12,16,256,630.0000004
15,13,169,1044.000002
12,6,36,577.000002
12,7,49,500.0000008
12,16,256,781.0000001
13,7,49,577.000002
13,6,36,524.9999986
17,5,25,384.9999983
12,11,121,625.0000002
16,6,36,625.0000002
13,7,49,474.9999981
14,5,25,658.999997
16,2,4,425.0000005
14,5,25,523.9999977
12,8,64,625.0000002
16,9,81,1010
12,8,64,600.9999973
12,9,81,808.0000012
12,10,100,426.0000016
12,12,144,1060.000003
12,8,64,413.9999984
12,12,144,492.0000017
12,9,81,324.9999992
12,10,100,275.0000006
12,7,49,291.0000008
18,7,49,731.0000002
14,6,36,488.000002
14,4,16,336.9999999
12,9,81,724.9999965
13,6,36,440.0000014
16,5,25,641.000002
12,10,100,375.0000015
12,7,49,480.9999999
14,9,81,925.0000023
12,8,64,514.0000023
12,15,225,1065.000002
12,10,100,637.9999979
12,14,196,738.9999993
12,8,64,492.999998
10,8,64,649.9999981
7,18,324,307.9999991
16,8,64,629.0000021
13,9,81,409.0000016
18,9,81,600.0000029
12,10,100,745.0000012
17,8,64,625.0000002
12,11,121,548.9999992
15,3,9,325.9999996
9,11,121,257.9999987
12,8,64,875.0000032
12,7,49,638.9999972
11,16,256,667.0000027
14,9,81,504.000001
17,2,4,312.9999998
18,3,9,1010
10,17,289,1000.000001
16,6,36,721.000002
12,9,81,785.0000017
12,16,256,546.0000023
12,7,49,827.9999964
12,7,49,158.9999996
10,11,121,700.0000035
13,9,81,721.000002
12,6,36,303.9999996
16,3,9,552.9999992
14,6,36,541.9999992
16,2,4,509.0000018
16,2,4,384.9999983
12,14,196,1442.000003
16,10,100,879.000002
13,5,25,1000.000001
12,10,100,862.9999991
12,9,81,740.0000028
12,16,256,889.000004
15,8,64,457.9999981
12,16,256,449.9999988
12,16,256,700.0000035
14,13,169,743.9999964
16,10,100,889.000004
18,8,64,692.000003
18,9,81,604.0000012
18,6,36,625.0000002
14,13,169,745.9999998
18,9,81,725.9999965
12,12,144,559.9999979
12,8,64,424.000002
12,8,64,400.0000012
14,6,36,250.0000005
13,7,49,645.9999976
12,6,36,597.9999976
12,9,81,1000.000001
12,10,100,527.999998
12,8,64,480.9999999
12,15,225,850.0000004
14,10,100,506.0000004
12,11,121,512.0000025
11,9,81,220.0000008
16,2,4,153.9999996
12,13,169,239.9999992
12,10,100,557
15,6,36,500.0000008
16,4,16,371.9999984
10,9,81,349.9999984
12,8,64,583.9999983
13,7,49,514.9999997
12,11,121,390.0000003
16,3,9,279.9999991
12,15,225,690.0000017
12,8,64,299.9999986
17,4,16,635.0000007
13,7,49,342.000001
16,4,16,505.0000004
13,5,25,355.9999997
12,15,225,261.999999
10,16,256,400.0000012
13,10,100,740.0000028
12,16,256,342.000001
15,8,64,276.0000012
9,9,81,426.9999986
12,7,49,238.9999995
13,5,25,384.9999983
12,11,121,349.9999984
12,11,121,599.0000011
15,10,100,750.0000026
16,11,121,692.000003
12,16,256,147.0000005
12,8,64,279.9999991
18,8,64,769.0000004
13,13,169,1010
14,6,36,516.9999977
16,4,16,400.0000012
12,7,49,375.0000015
12,13,169,596.0000017
7,18,324,349.9999984
11,16,256,416.9999992
16,7,49,338.0000015
18,2,4,480.9999999
12,10,100,500.0000008
12,9,81,305.000001
10,18,324,449.9999988
16,7,49,769.0000004
16,4,16,721.000002
13,10,100,1000.000001
14,10,100,625.0000002
16,4,16,816.999996
12,16,256,377.000001
12,15,225,707.9999974
14,4,16,410.9999982
13,13,169,1339.000006
12,16,256,716.0000022
10,16,256,191.9999996
16,10,100,797.000001
16,12,144,923.9999985
15,5,25,239.9999992
13,6,36,625.0000002
8,10,100,1024.999998
12,10,100,502.9999999
16,6,36,461.9999995
16,3,9,475.999998
15,5,25,500.0000008
12,16,256,1000.000001
13,15,225,662.9999999
15,13,169,707.0000029
16,9,81,927.9999974
12,6,36,299.9999986
15,6,36,364.9999987
12,12,144,645.0000021
18,1,1,461.9999995
18,9,81,1026.000004
12,6,36,524.9999986
18,5,25,375.0000015
18,10,100,1538
18,9,81,922.9999958
13,7,49,568.0000007
14,5,25,600.0000029
15,6,36,721.000002
17,1,1,1115.999997
14,7,49,711.999999
16,7,49,808.0000012
11,10,100,925.0000023
9,10,100,550.000001
12,8,64,270.9999998
7,19,361,832.9999982
12,12,144,1200.000005
14,13,169,581.0000018
17,11,121,686.0000016
18,8,64,1000.000001
13,5,25,536.9999976
12,10,100,690.0000017
12,10,100,500.0000008
13,14,196,750.0000026
17,6,36,912.9999995
15,3,9,600.0000029
16,2,4,577.000002
12,8,64,600.9999973
12,13,169,577.000002
12,14,196,676.999998
18,3,9,473.0000007
14,4,16,349.9999984
15,11,121,620.0000012
16,2,4,378.0000017
16,3,9,242.9999992
12,8,64,750.0000026
18,6,36,441.000002
14,9,81,688.0000014
18,1,1,500.9999995
12,11,121,400.0000012
12,8,64,981.0000004
14,10,100,649.0000021
12,14,196,625.0000002
16,6,36,707.0000029
12,11,121,1043.000005
12,9,81,761.0000016
13,6,36,523.9999977
13,8,64,574.9999995
14,6,36,865.0000027
12,10,100,712.9999997
16,5,25,673.0000002
12,7,49,662.0000027
14,9,81,543
13,6,36,524.9999986
12,10,100,640.0000023
12,8,64,297.0000004
8,19,361,946.999997
12,16,256,500.0000008
13,6,36,620.0000012
12,7,49,277.0000011
10,10,100,239.9999992
10,9,81,239.9999992
12,15,225,461.9999995
12,9,81,404.0000008
12,7,49,449.9999988
12,6,36,250.0000005
11,9,81,727.0000018
12,6,36,667.0000027
12,10,100,961.9999994
14,7,49,750.0000026
14,5,25,667.0000027
17,11,121,692.000003
12,7,49,465.0000021
12,12,144,641.000002
11,12,144,710
13,6,36,425.0000005
12,9,81,832.9999982
12,8,64,307.9999991
16,7,49,625.0000002
16,10,100,1442.000003
16,3,9,673.0000002
17,5,25,1346
17,10,100,400.0000012
9,19,361,517.9999988
14,6,36,456.0000002
17,10,100,409.0000016
18,10,100,558.9999982
12,6,36,230.0000002
17,4,16,1026.000004
12,9,81,1082.000001
14,4,16,1202.000006
17,2,4,328.9999997
18,3,9,480.9999999
18,0,0,673.0000002
17,8,64,1682.999993
16,12,144,1282.000003
12,6,36,577.000002
18,3,9,443.9999989
16,6,36,480.9999999
12,6,36,467.0000011
6,19,361,667.9999976
15,6,36,285.9999998
18,9,81,577.000002
14,9,81,721.000002
12,7,49,461.9999995
15,4,16,750.0000026
12,6,36,200.0000007
12,9,81,649.9999981
18,4,16,480.9999999
11,7,49,600.0000029
16,6,36,769.0000004
17,4,16,775.0000005
16,2,4,641.000002
14,13,169,1055.000004
16,9,81,676.0000027
12,10,100,690.9999974
17,7,49,961.9999994
13,9,81,400.0000012
16,5,25,673.0000002
18,10,100,1442.000003
18,8,64,528.999999
14,7,49,700.0000035
8,20,400,674.9999994
18,1,1,494.0000014
12,6,36,500.0000008
16,2,4,449.9999988
13,6,36,600.9999973
13,9,81,716.9999996
12,11,121,574.9999995
12,7,49,349.9999984
12,6,36,349.9999984
16,7,49,642.9999973
15,3,9,674.9999994
15,7,49,679.0000017
12,9,81,534.0000006
16,9,81,523.9999977
16,6,36,667.0000027
14,6,36,370.0000016
15,5,25,657.9999991
12,16,256,700.0000035
18,3,9,310.9999993
9,18,324,841
14,11,121,660.0000033
16,9,81,692.000003
15,7,49,577.000002
17,3,9,704.999998
16,5,25,291.9999993
13,7,49,750.0000026
16,12,144,1442.000003
16,11,121,1202.000006
15,12,144,1602.999996
14,12,144,769.0000004
16,9,81,513.0000025
12,13,169,805.0000021
17,11,121,961.9999994
12,7,49,674.9999994
13,5,25,398.0000019
14,13,169,855.0000009
11,8,64,693.0000006
11,7,49,641.000002
13,8,64,345.000001
12,9,81,561.0000025
12,6,36,684.0000016
16,7,49,469.0000007
16,4,16,299.9999986
18,1,1,673.0000002
16,2,4,384.9999983
16,11,121,808.0000012
17,1,1,548.0000017
16,4,16,500.0000008
13,10,100,727.0000018
16,6,36,523.9999977
15,3,9,449.9999988
12,10,100,755.0000006
12,6,36,640.0000023
12,6,36,312.9999998
12,11,121,1424.999996
12,10,100,761.0000016
12,8,64,600.0000029
16,10,100,1111
16,11,121,762.999999
12,14,196,649.9999981
14,7,49,1154.999997
12,6,36,600.0000029
12,11,121,554.9999979
11,11,121,543
11,8,64,550.000001
11,14,196,800.0000019
11,9,81,1000.000001
12,13,169,864.000001
13,13,169,613.0000025
16,2,4,518.9999984
13,11,121,707.0000029
13,7,49,818.0000028
10,9,81,299.9999986
16,8,64,701.9999972
16,12,144,1321.999999
12,9,81,379.999999
11,9,81,400.0000012
11,8,64,498.0000015
10,17,289,662.9999999
10,17,289,600.0000029
18,8,64,1034.000005
14,5,25,1079.000005
18,0,0,400.0000012
16,11,121,641.000002
12,14,196,620.0000012
17,7,49,480.9999999
16,11,121,1057.999997
12,8,64,544.9999975
14,6,36,785.9999981
18,1,1,484.9999995
14,14,196,722.0000008
15,7,49,695.0000031
15,13,169,548.9999992
15,11,121,792.9999987
16,11,121,1923.000008
15,12,144,792.9999987
15,7,49,899.999997
14,12,144,653.999999
12,9,81,513.0000025
14,9,81,383.999999
16,5,25,500.0000008
15,4,16,600.9999973
12,9,81,437.9999998
12,7,49,500.0000008
18,9,81,1263.999994
14,6,36,747.0000036
14,7,49,513.0000025
12,15,225,700.0000035
16,7,49,671.9999996
17,7,49,982.9999999
13,10,100,220.0000008
18,9,81,1202.000006
12,12,144,667.0000027
14,8,64,837.9999996
15,4,16,443.9999989
12,7,49,543
14,10,100,505.0000004
12,13,169,797.000001
9,9,81,356.9999994
12,9,81,500.0000008
12,16,256,961.9999994
11,11,121,349.9999984
15,3,9,312.9999998
16,2,4,116.9999994
12,15,225,725.9999965
13,14,196,535.9999994
13,7,49,532.0000004
17,5,25,428.0000019
16,12,144,1093.999997
12,15,225,1925.000006
18,8,64,850.0000004
12,6,36,364.9999987
16,4,16,473.9999992
13,7,49,656.0000007
12,7,49,440.0000014
14,5,25,461.9999995
16,6,36,673.0000002
12,6,36,1149.999998
12,13,169,800.0000019
12,7,49,460.0000002
12,8,64,333.999999
13,7,49,701.9999972
12,7,49,523.9999977
7,20,400,667.0000027
18,2,4,641.000002
12,6,36,800.0000019
12,14,196,577.000002
18,8,64,423.0000004
18,5,25,874.0000038
15,7,49,640.0000023
16,7,49,1101.000004
16,4,16,649.0000021
12,8,64,449.9999988
12,15,225,923.9999985
11,10,100,697.9999981
15,13,169,505.0000004
16,6,36,555.9999976
17,2,4,375.0000015
15,7,49,673.0000002
13,11,121,307.9999991
12,16,256,585.0000016
12,6,36,781.0000001
12,9,81,656.0000007
12,10,100,423.0000004
16,6,36,1282.000003
12,7,49,961.9999994
12,12,144,800.0000019
12,15,225,750.0000026
18,5,25,646.9999971
12,11,121,938.0000009
17,5,25,536.9999976
15,3,9,289.9999991
12,11,121,191.9999996
18,6,36,818.0000028
18,6,36,813.0000004
12,11,121,727.0000018
12,6,36,1124.999995
17,5,25,615.0000013
12,8,64,402.9999992
11,9,81,704.999998
15,6,36,336.9999999
17,5,25,832.9999982
17,3,9,191.9999996
12,8,64,729.999997
10,10,100,541.9999992
12,10,100,822.9999994
12,8,64,437.9999998
14,4,16,735.0000006
16,2,4,426.9999986
12,12,144,340.0000008
13,15,225,480.9999999
16,10,100,816.999996
12,10,100,500.0000008
12,7,49,543
16,4,16,446.9999979
15,4,16,216.9999992
8,12,144,275.0000006
15,3,9,352.0000015
12,11,121,721.000002
12,9,81,1008.000001
17,6,36,653.999999
16,4,16,802.9999968
12,9,81,569.9999995
16,3,9,600.0000029
12,6,36,645.0000021
13,7,49,449.9999988
13,7,49,444.999999
15,8,64,590.0000018
14,5,25,721.000002
12,14,196,693.0000006
13,7,49,528.999999
9,15,225,469.9999978
16,4,16,480.9999999
16,3,9,461.9999995
17,10,100,554.0000018
14,12,144,865.0000027
16,8,64,712.9999997
12,6,36,740.0000028
14,8,64,816.999996
12,16,256,676.999998
16,7,49,797.000001
13,5,25,769.0000004
16,3,9,461.9999995
14,4,16,518.9999984
12,7,49,392.9999993
13,13,169,800.0000019
17,4,16,673.0000002
16,11,121,480.9999999
12,14,196,911.0000025
12,7,49,480.9999999
11,16,256,500.0000008
16,2,4,384.9999983
12,6,36,435.9999985
12,7,49,525.9999986
14,9,81,912.9999995
16,3,9,541.9999992
13,9,81,769.0000004
12,6,36,226.0000002
18,3,9,711.0000001
18,10,100,346.0000017
12,14,196,787.0000012
14,6,36,455.0000005
16,2,4,460.0000002
13,7,49,277.0000011
17,11,121,808.0000012
14,7,49,624.000001
12,8,64,696.9999995
14,6,36,378.0000017
12,6,36,473.0000007
12,6,36,425.0000005
16,2,4,649.0000021
15,4,16,491.0000011
18,2,4,923.9999985
12,6,36,349.9999984
13,6,36,600.0000029
9,16,256,429.0000005
12,8,64,500.0000008
9,9,81,500.0000008
8,20,400,349.9999984
14,7,49,370.0000016
16,2,4,379.999999
14,5,25,250.0000005
18,6,36,506.0000004
12,9,81,618.9999983
16,2,4,381.0000019
12,12,144,361.0000006
12,10,100,588.0000012
12,6,36,349.9999984
12,14,196,484.0000016
11,17,289,834.9999959
10,13,169,535.0000017
17,5,25,384.9999983
11,8,64,449.9999988
16,6,36,491.0000011
12,6,36,913.9999987
18,8,64,830.999996
12,12,144,433.9999982
12,8,64,700.0000035
10,10,100,541.9999992
16,2,4,230.9999999
12,16,256,394.9999981
12,7,49,721.000002
12,7,49,1186.999995
12,7,49,500.9999995
16,2,4,336
12,14,196,564.9999994
17,11,121,963.9999956
12,15,225,1373.999996
12,10,100,800.0000019
12,12,144,609.0000014
16,3,9,669.9999984
11,8,64,444.999999
13,6,36,484.9999995
18,8,64,710
12,14,196,952.9999965
11,8,64,479.9999981
13,8,64,500.0000008
16,4,16,456.9999996
18,0,0,721.000002
12,6,36,732.9999986
12,15,225,329.9999985
12,9,81,410.0000001
12,9,81,485.9999981
18,7,49,961.9999994
16,2,4,359.0000005
12,6,36,329.9999985
12,10,100,625.0000002
12,8,64,494.9999987
12,11,121,653.0000005
12,9,81,722.0000008
12,7,49,704.0000027
9,14,196,514.0000023
12,13,169,625.0000002
18,5,25,621.9999983
15,5,25,426.9999986
12,11,121,653.0000005
12,12,144,642.9999973
12,16,256,574.9999995
13,15,225,312.9999998
18,0,0,664.0000003
13,13,169,554.9999979
18,0,0,299.9999986
15,7,49,641.9999976
14,8,64,667.0000027
18,4,16,1320.000006
12,6,36,504.000001
16,3,9,781.0000001
14,5,25,816.999996
12,10,100,519.9999992
12,9,81,577.000002
11,8,64,375.0000015
12,6,36,500.0000008
16,6,36,625.0000002
16,12,144,684.0000016
14,6,36,469.9999978
13,8,64,628.0000022
13,5,25,524.9999986
12,14,196,554.0000018
16,3,9,641.000002
13,15,225,513.0000025
12,9,81,604.0000012
13,14,196,700.0000035
12,15,225,606.0000024
12,15,225,1021.000002
12,13,169,713.9999983
12,10,100,500.0000008
12,10,100,583.0000021
12,13,169,706.0000018
16,8,64,519.9999992
16,7,49,656.0000007
16,6,36,684.0000016
13,6,36,276.0000012
13,15,225,707.0000029
12,16,256,788.0000001
18,7,49,1318.999996
14,8,64,404.0000008
16,3,9,299.9999986
12,8,64,673.0000002
12,16,256,722.0000008
16,4,16,769.0000004
16,8,64,759.9999975
18,6,36,433.9999982
13,15,225,1192.000003
17,8,64,461.9999995
12,6,36,370.0000016
12,12,144,474.9999981
12,10,100,434.9999995
12,8,64,332.0000004
16,9,81,640.0000023
12,16,256,505.0000004
16,7,49,625.0000002
12,13,169,461.9999995
17,4,16,816.999996
17,1,1,433.0000009
14,5,25,641.000002
15,4,16,224.9999995
15,13,169,721.000002
16,4,16,722.0000008
16,7,49,816.999996
16,5,25,664.0000003
18,4,16,896.9999982
11,17,289,792.9999987
15,10,100,538.9999995
11,10,100,896.9999982
15,9,81,721.000002
13,5,25,925.0000023
12,10,100,508.0000012
16,10,100,929.0000011
17,10,100,704.999998
12,12,144,865.0000027
16,2,4,519.9999992
12,6,36,416.9999992
15,5,25,266.0000003
15,3,9,625.0000002
12,13,169,940.0000045
16,3,9,766.0000002
9,14,196,801.0000023
15,7,49,707.0000029
12,12,144,684.0000016
16,4,16,416.9999992
18,5,25,600.0000029
15,4,16,682.0000015
18,7,49,917.9999994
12,14,196,737.9999966
12,10,100,1166.999997
11,12,144,764.9999971
12,8,64,961.9999994
18,3,9,299.9999986
16,2,4,657.9999991
12,8,64,461.9999995
12,6,36,721.000002
12,7,49,865.0000027
11,7,49,596.0000017
12,14,196,908.9999962
12,11,121,1049.000002
13,15,225,455.0000005
12,9,81,674.9999994
12,6,36,721.000002
7,20,400,600.0000029
12,10,100,925.0000023
12,10,100,750.0000026
12,10,100,563.000001
14,6,36,625.0000002
10,13,169,299.9999986
12,9,81,1380.000003
14,5,25,469.9999978
12,10,100,788.0000001
16,3,9,230.0000002
10,11,121,388.9999986
12,15,225,315.0000004
17,6,36,355.0000002
8,12,144,500.0000008
11,16,256,649.9999981
12,9,81,814.9999974
13,7,49,649.0000021
12,11,121,434.9999995
11,10,100,600.0000029
13,7,49,206.0000002
12,9,81,480.9999999
13,5,25,484.9999995
18,5,25,759.000002
12,8,64,995.0000028
12,11,121,1166.999997
16,3,9,314.0000013
13,6,36,915.0000043
13,7,49,664.0000003
12,11,121,783.0000031
13,13,169,649.9999981
9,12,144,267.0000004
8,19,361,355.0000002
8,19,361,440.0000014
11,13,169,474.9999981
11,15,225,725.9999965
16,6,36,721.000002
12,16,256,563.000001
12,8,64,600.0000029
15,4,16,692.000003
15,7,49,423.0000004
12,6,36,785.9999981
12,13,169,1202.000006
16,12,144,577.000002
18,3,9,635.0000007
12,9,81,410.0000001
16,2,4,370.0000016
16,4,16,788.9999993
17,1,1,449.9999988
12,10,100,1250.999999
16,8,64,808.0000012
16,8,64,307.9999991
12,12,144,816.999996
16,8,64,673.0000002
12,11,121,523.9999977
15,9,81,275.0000006
17,5,25,423.0000004
16,6,36,641.000002
12,10,100,449.9999988
12,8,64,333
12,14,196,912.9999995
11,10,100,127.9999995
16,5,25,395.9999995
13,9,81,474.9999981
13,12,144,449.9999988
16,2,4,299.9999986
18,5,25,461.9999995
12,14,196,630.0000004
12,15,225,484.9999995
12,12,144,548.9999992
12,7,49,371.9999984
12,16,256,641.000002
12,11,121,518.9999984
9,11,121,384.9999983
16,7,49,449.9999988
12,8,64,315.0000004
14,9,81,731.0000002
12,14,196,324.9999992
16,6,36,615.9999978
15,9,81,346.0000017
13,9,81,470.9999981
12,9,81,299.9999986
13,5,25,430.0000006
12,10,100,267.0000004
12,10,100,230.0000002
14,4,16,432.0000008
12,8,64,530.9999993
12,9,81,1100.000001
12,10,100,588.0000012
18,6,36,841
15,3,9,641.000002
14,14,196,961.9999994
13,14,196,921.0000034
15,6,36,349.9999984
16,2,4,384.9999983
16,11,121,618.0000016
13,12,144,469.9999978
12,9,81,410.9999982
12,7,49,400.0000012
11,16,256,700.0000035
15,6,36,310.9999993
14,4,16,242.9999992
12,14,196,248.000001
11,13,169,423.0000004
11,16,256,600.0000029
17,2,4,700.0000035
12,6,36,299.9999986
12,6,36,690.9999974
12,12,144,600.0000029
12,12,144,700.0000035
14,5,25,275.0000006
9,19,361,674.9999994
17,5,25,449.000001
16,8,64,635.0000007
14,9,81,1250
18,5,25,961.9999994
18,1,1,489.9999995
12,6,36,586.0000002
14,13,169,750.0000026
18,2,4,325.9999996
18,5,25,430.0000006
12,8,64,571.0000002
16,6,36,912.9999995
14,10,100,577.000002
11,15,225,433.0000009
12,6,36,505.0000004
18,10,100,721.000002
16,11,121,961.9999994
12,13,169,609.0000014
12,7,49,449.9999988
12,15,225,625.0000002
14,6,36,712.9999997
12,6,36,710
16,10,100,912.9999995
8,10,100,417.9999989
13,10,100,692.000003
12,16,256,259.9999997
13,7,49,649.9999981
14,5,25,610.0000017
12,11,121,725.9999965
13,13,169,766.999999
12,9,81,620.0000012
16,5,25,721.000002
18,2,4,516.0000023
12,7,49,400.0000012
14,7,49,808.0000012
12,6,36,460.0000002
17,9,81,641.9999976
12,10,100,518.9999984
12,6,36,568.0000007
16,2,4,693.0000006
12,13,169,978
12,14,196,779.0000032
14,7,49,443
16,11,121,692.000003
16,4,16,416.9999992
11,13,169,773.0000011
15,5,25,400.0000012
12,9,81,899.999997
16,9,81,700.0000035
16,2,4,484.9999995
16,7,49,894.0000043
18,5,25,750.0000026
13,14,196,1055.000004
12,10,100,932.9999992
12,8,64,568.0000007
16,3,9,987.0000006
16,2,4,769.0000004
12,9,81,648.0000024
16,8,64,449.000001
12,9,81,579.9999979
8,19,361,550.000001
12,11,121,800.0000019
12,6,36,160.0000008
17,5,25,461.9999995
14,5,25,425.0000005
8,18,324,600.0000029
17,3,9,866.0000012
12,10,100,683.0000003
12,9,81,1114.999996
12,8,64,1100.000001
12,6,36,285.9999998
14,8,64,513.0000025
13,7,49,649.9999981
12,13,169,1038.999999
12,8,64,700.0000035
18,7,49,315.0000004
12,15,225,310.0000008
11,10,100,334.9999994
11,8,64,517.9999988
16,6,36,709.0000025
12,7,49,623.0000008
13,9,81,298.000001
14,4,16,625.0000002
16,7,49,769.0000004
16,6,36,459
12,13,169,550.000001
14,9,81,469.9999978
12,15,225,395.9999995
14,5,25,594.0000004
16,6,36,1038.999999
12,16,256,400.0000012
12,8,64,697.9999981
16,4,16,712.9999997
12,6,36,550.000001
14,7,49,333
12,11,121,1057.999997
11,13,169,590.0000018
12,6,36,632.9999986
10,10,100,500.0000008
14,8,64,788.0000001
18,7,49,831.9999993
12,8,64,538.9999995
18,4,16,577.000002
14,10,100,808.0000012
14,10,100,722.0000008
12,8,64,600.0000029
10,12,144,452.0000001
7,14,196,299.9999986
12,8,64,392.9999993
12,8,64,200.0000007
9,18,324,750.0000026
16,4,16,673.0000002
14,10,100,988.9999984
17,4,16,880.0000022
13,7,49,904.9999967
14,14,196,250.0000005
10,12,144,519.9999992
12,9,81,355.9999997
12,6,36,277.999999
12,7,49,400.0000012
10,12,144,273.0000013
11,14,196,500.0000008
11,16,256,603.000002
12,7,49,400.0000012
12,10,100,474.9999981
12,15,225,1100.000001
14,6,36,336.9999999
11,10,100,537.9999999
13,7,49,404.0000008
16,5,25,756.9999974
16,11,121,554.0000018
16,7,49,577.000002
15,5,25,432.0000008
11,12,144,550.000001
16,2,4,797.000001
14,7,49,449.9999988
13,10,100,807.0000014
13,5,25,600.0000029
13,15,225,932.9999992
11,16,256,480.9999999
12,11,121,623.0000008
10,11,121,328.0000005
16,4,16,600.0000029
14,7,49,693.0000006
15,12,144,922.9999958
12,10,100,721.000002
12,7,49,540.0000002
13,8,64,459
13,8,64,484.9999995
12,7,49,349.9999984
16,3,9,200.0000007
10,14,196,519.9999992
12,7,49,250.0000005
11,11,121,504.000001
12,10,100,362.9999985
11,16,256,653.999999
12,14,196,425.0000005
12,13,169,244.9999999
11,8,64,250.0000005
13,13,169,879.000002
12,8,64,686.9999985
11,15,225,402.0000006
12,13,169,428.0000019
13,5,25,324.9999992
17,4,16,724.9999965
12,7,49,780.0000002
14,7,49,263.9999992
12,14,196,449.9999988
14,7,49,346.0000017
13,5,25,349.9999984
13,5,25,400.0000012
12,14,196,979.9999984
12,11,121,384.9999983
17,5,25,344.0000009
16,3,9,563.000001
7,16,256,462.9999981
12,10,100,564.9999994
12,9,81,637.9999979
10,14,196,461.9999995
13,8,64,669.9999984
13,5,25,404.0000008
17,2,4,373.0000001
12,6,36,230.0000002
12,14,196,557.9999987
8,15,225,299.9999986
14,9,81,912.9999995
18,3,9,557.9999987
13,14,196,528.999999
15,5,25,329.9999985
9,11,121,375.0000015
13,5,25,615.0000013
14,7,49,721.000002
16,3,9,528.999999
12,16,256,858.9999983
14,7,49,649.0000021
10,8,64,237.9999991
12,16,256,275.0000006
14,6,36,324.9999992
14,9,81,356.9999994
12,12,144,384.9999983
14,4,16,364.9999987
8,19,361,800.0000019
12,16,256,481.999998
17,6,36,954.9999995
17,3,9,461.9999995
16,6,36,416.9999992
10,9,81,289.9999991
12,6,36,239.9999992
12,13,169,829.000004
12,14,196,361.0000006
16,6,36,597.9999976
13,6,36,750.0000026
16,3,9,384.9999983
16,6,36,620.0000012
13,15,225,641.000002
16,4,16,468.0000019
13,5,25,384.9999983
12,7,49,461.9999995
12,9,81,635.0000007
12,8,64,400.0000012
13,8,64,759.9999975
13,8,64,559.9999979
12,16,256,1000.000001
11,11,121,425.0000005
12,12,144,410.9999982
11,8,64,179.0000007
18,8,64,375.0000015
18,4,16,1298.000004
15,9,81,475.999998
16,5,25,775.0000005
12,9,81,713.9999983
10,12,144,429.0000005
13,5,25,434.9999995
13,7,49,875.0000032
14,13,169,424.000002
12,7,49,375.0000015
12,7,49,489.0000003
15,3,9,461.9999995
12,16,256,340.0000008
12,12,144,581.0000018
12,9,81,514.9999997
12,7,49,1052.999998
12,12,144,474.9999981
18,8,64,1501.999997
15,12,144,961.9999994
15,9,81,230.0000002
18,5,25,750.0000026
15,5,25,224.9999995
13,7,49,331.0000015
11,9,81,396.9999997
10,18,324,750.0000026
12,7,49,449.9999988
13,6,36,865.0000027
8,10,100,535.0000017
16,5,25,846.0000003
16,4,16,759.000002
16,2,4,600.0000029
12,16,256,1029.999999
14,12,144,875.9999992
12,14,196,568.0000007
16,3,9,532.9999978
12,7,49,480.9999999
12,10,100,604.0000012
12,9,81,657.000001
12,13,169,625.0000002
12,11,121,279.9999991
10,12,144,500.0000008
12,8,64,535.0000017
10,10,100,818.0000028
10,18,324,624.000001
10,12,144,604.0000012
12,13,169,505.0000004
12,12,144,750.0000026
12,14,196,721.000002
18,8,64,673.9999994
16,11,121,912.9999995
17,7,49,879.000002
12,8,64,426.9999986
8,10,100,791.9999986
14,9,81,326.9999997
10,14,196,312.9999998
16,12,144,785.9999981
18,7,49,336.9999999
10,14,196,384.9999983
16,5,25,528.999999
10,17,289,429.0000005
12,9,81,984.0000029
12,16,256,816.999996
14,12,144,745.0000012
10,8,64,345.000001
14,14,196,554.0000018
13,5,25,262.9999994
18,8,64,745.0000012
17,6,36,673.0000002
17,9,81,721.000002
13,11,121,437.9999998
12,8,64,544.9999975
14,5,25,250.0000005
14,7,49,624.000001
13,10,100,400.0000012
16,7,49,577.000002
16,3,9,813.0000004
12,16,256,625.0000002
14,6,36,484.9999995
16,6,36,841
16,5,25,865.0000027
16,4,16,324.9999992
14,6,36,476.9999996
16,3,9,250.0000005
12,6,36,500.0000008
13,6,36,514.9999997
18,4,16,255.9999989
13,5,25,718.0000007
18,6,36,796.0000033
12,7,49,750.0000026
12,6,36,419
12,8,64,431
12,7,49,425.0000005
12,13,169,220.0000008
13,10,100,685.0000012
15,13,169,500.0000008
16,4,16,551.0000005
11,8,64,700.0000035
12,14,196,707.0000029
17,5,25,522.9999979
12,6,36,433.0000009
14,5,25,461.9999995
12,6,36,396.9999997
15,5,25,400.0000012
18,4,16,871.9999966
12,8,64,378.0000017
12,9,81,364.0000009
15,10,100,961.9999994
15,9,81,801.0000023
5,21,441,400.0000012
13,10,100,540.0000002
10,14,196,449.9999988
15,6,36,437.9999998
12,8,64,359.9999995
12,9,81,528.999999
12,8,64,721.000002
2,23,529,345.000001
11,10,100,1051.999997
16,6,36,725.9999965
12,15,225,543
16,11,121,1202.000006
16,2,4,400.0000012
9,17,289,375.0000015
11,13,169,281.0000002
12,6,36,127.0000004
12,14,196,1392.999995
12,12,144,649.0000021
16,9,81,419.9999995
16,5,25,455.0000005
12,7,49,661.0000001
12,6,36,379.999999
10,18,324,315.0000004
14,4,16,452.0000001
12,10,100,625.0000002
14,4,16,600.9999973
13,8,64,499.0000021
8,17,289,693.0000006
18,8,64,535.0000017
7,13,169,465.0000021
12,6,36,400.0000012
18,3,9,368.0000007
8,11,121,700.0000035
16,9,81,961.9999994
6,12,144,364.9999987
9,18,324,474.9999981
12,6,36,200.0000007
9,9,81,600.0000029
12,9,81,505.0000004
16,9,81,577.000002
12,6,36,456.9999996
12,16,256,750.0000026
11,15,225,577.000002
15,3,9,289.0000005
12,7,49,223.9999996
10,8,64,362.9999985
10,10,100,228.9999992
9,11,121,234.0000011
14,4,16,465.0000021
16,5,25,2082.999997
15,10,100,426.9999986
12,15,225,678.0000014
13,8,64,312.9999998
18,4,16,600.9999973
10,17,289,500.0000008
12,10,100,375.0000015
12,16,256,550.000001
17,5,25,701.9999972
16,11,121,625.0000002
14,14,196,423.0000004
11,11,121,355.0000002
12,8,64,518.9999984
14,4,16,359.0000005
11,10,100,348.9999992
12,13,169,293.0000003
18,4,16,443
6,22,484,270.0000003
14,8,64,384.9999983
12,9,81,437.9999998
11,13,169,416.9999992
11,14,196,480.9999999
16,8,64,596.0000017
12,10,100,600.0000029
14,7,49,250.0000005
12,13,169,530.9999993
12,8,64,591.0000015
12,15,225,502.9999999
11,8,64,474.9999981
16,9,81,1373.999996
17,1,1,324.9999992
14,5,25,577.000002
12,7,49,701.9999972
16,3,9,443.9999989
13,8,64,559.9999979
13,13,169,961.9999994
12,8,64,310.0000008
17,10,100,1269.000003
16,6,36,500.0000008
16,8,64,583.0000021
17,2,4,111.9999999
14,13,169,673.0000002
17,6,36,1923.000008
14,4,16,400.0000012
12,7,49,460.0000002
12,12,144,244.9999999
16,5,25,315.0000004
14,6,36,641.000002
12,7,49,750.0000026
17,2,4,307.9999991
17,6,36,349.9999984
18,3,9,461.9999995
15,13,169,1154.000003
16,12,144,1748.000007
17,10,100,769.0000004
15,8,64,729.999997
18,6,36,736.0000009
16,3,9,500.0000008
16,2,4,364.9999987
13,5,25,333
12,15,225,721.000002
12,9,81,375.0000015
12,8,64,250.0000005
17,7,49,361.0000006
7,19,361,283.0000007
12,16,256,414.9999999
16,5,25,522.0000011
12,15,225,706.0000018
16,4,16,409.0000016
12,6,36,415.9999999
12,12,144,785.9999981
16,5,25,577.000002
16,2,4,477.9999988
17,4,16,625.0000002
17,1,1,505.0000004
12,14,196,287.0000012
12,6,36,500.0000008
8,13,169,500.0000008
12,9,81,349.9999984
13,5,25,461.9999995
13,11,121,548.0000017
12,10,100,255.0000012
13,5,25,523.9999977
12,15,225,291.9999993
14,8,64,375.0000015
18,8,64,528.999999
16,3,9,908.9999962
9,13,169,353.0000011
14,8,64,1154.999997
8,20,400,250.0000005
13,9,81,781.0000001
13,12,144,415.9999999
13,10,100,364.0000009
13,8,64,375.0000015
15,3,9,375.0000015
16,6,36,358.0000013
7,18,324,299.9999986
14,5,25,527.999998
12,16,256,298.999999
8,18,324,449.9999988
14,5,25,540.0000002
8,15,225,527.999998
12,12,144,769.0000004
12,8,64,197.9999999
12,6,36,400.0000012
12,10,100,753.0000017
12,6,36,444.999999
9,15,225,239.9999992
3,16,256,166.9999996
12,6,36,444.999999
10,10,100,250.0000005
12,8,64,474.9999981
16,6,36,400.0000012
18,0,0,398.0000019
12,7,49,349.9999984
12,15,225,522.9999979
10,15,225,270.0000003
9,15,225,310.0000008
6,19,361,299.9999986
12,10,100,324.9999992
12,6,36,899.999997
13,7,49,750.0000026
8,12,144,284.9999999
12,6,36,277.999999
13,10,100,500.0000008
8,16,256,700.0000035
9,11,121,299.9999986
8,20,400,392.0000001
12,16,256,510.9999999
16,9,81,624.000001
12,9,81,244.0000011
12,9,81,362.9999985
16,5,25,606.0000024
12,7,49,759.9999975
14,11,121,384.9999983
12,14,196,494.9999987
16,5,25,827.9999964
12,7,49,404.0000008
15,6,36,267.0000004
12,16,256,440.0000014
14,8,64,375.0000015
10,8,64,300.9999986
12,16,256,657.9999991
15,3,9,514.0000023
12,8,64,299.9999986
12,8,64,230.0000002
10,15,225,259.9999997
12,6,36,305.000001
8,17,289,430.0000006
8,10,100,259.9999997
16,2,4,577.000002
11,12,144,425.0000005
12,7,49,315.0000004
13,10,100,375.0000015
9,18,324,500.0000008
12,7,49,500.0000008
12,14,196,349.9999984
10,13,169,524.9999986
17,3,9,500.0000008
16,3,9,384.9999983
9,10,100,100.0000004
15,5,25,299.9999986
12,6,36,187.9999995
8,19,361,355.0000002
12,7,49,267.0000004
12,10,100,267.0000004
12,16,256,586.0000002
12,6,36,375.0000015
12,13,169,346.0000017
16,6,36,544.9999975
14,5,25,562.0000001
12,8,64,577.000002
15,5,25,889.9999976
13,7,49,625.0000002
13,7,49,415.9999999
6,19,361,683.0000003
11,13,169,625.0000002
9,12,144,310.0000008
12,10,100,664.0000003
11,15,225,285.9999998
12,8,64,600.0000029
16,7,49,741.9999976
11,10,100,224.9999995
12,16,256,623.0000008
12,6,36,603.000002
12,11,121,550.000001
16,5,25,801.0000023
14,10,100,329.9999985
16,12,144,684.0000016
15,8,64,1000.000001
16,8,64,1091.000005
13,5,25,475.999998
12,6,36,500.0000008
14,5,25,949.9999956
18,6,36,1142
12,14,196,449.9999988
12,7,49,447.9999989
16,5,25,361.0000006
13,5,25,535.0000017
17,2,4,615.9999978
14,4,16,489.9999995
12,8,64,414.9999999
13,5,25,250.0000005
13,9,81,500.0000008
18,4,16,1154.999997
12,14,196,524.9999986
11,7,49,299.9999986
9,11,121,307.9999991
8,15,225,625.0000002
13,5,25,349.9999984
16,8,64,673.0000002
13,9,81,557.9999987
12,10,100,350.9999988
12,10,100,722.9999984
15,6,36,568.9999977
11,8,64,239.9999992
8,18,324,449.9999988
11,16,256,338.0000015
10,13,169,288
17,1,1,412.9999988
12,11,121,848.0000036
16,10,100,874.0000038
11,12,144,295.0000011
8,12,144,299.9999986
16,4,16,289.0000005
9,14,196,298.000001
5,21,441,361.0000006
12,12,144,1097
16,11,121,465.0000021
14,7,49,265.0000011
16,8,64,839.000003
16,9,81,577.000002
10,11,121,224.9999995
12,7,49,234.999999
12,8,64,250.0000005
12,10,100,196.0000002
12,14,196,474.9999981
11,9,81,500.0000008
8,15,225,333.999999
10,11,121,454.0000009
16,3,9,945.0000024
13,5,25,291.0000008
16,5,25,519.9999992
15,7,49,473.9999992
8,18,324,295.9999987
12,15,225,419.9999995
12,8,64,518.9999984
12,14,196,315.9999989
12,10,100,375.0000015
13,6,36,550.000001
8,19,361,944.0000036
16,5,25,474.9999981
16,5,25,392.9999993
11,7,49,750.0000026
13,9,81,492.0000017
12,10,100,500.0000008
11,7,49,267.9999999
12,15,225,474.9999981
12,13,169,364.9999987
11,9,81,281.0000002
14,4,16,250.0000005
12,15,225,262.9999994
18,5,25,1012
17,5,25,832.9999982
16,2,4,312.9999998
14,12,144,961.9999994
9,14,196,346.0000017
11,8,64,299.9999986
11,15,225,375.0000015
14,4,16,500.0000008
12,7,49,346.0000017
9,19,361,318.9999991
11,9,81,400.0000012
13,8,64,548.0000017
7,12,144,230.0000002
12,8,64,417.9999989
13,10,100,527.0000008
10,17,289,865.0000027
13,15,225,518.9999984
11,12,144,334.9999994
13,14,196,865.0000027
8,13,169,519.9999992
17,4,16,855.0000009
12,6,36,315.9999989
18,9,81,830.999996
16,9,81,875.0000032
14,13,169,1373.999996
16,12,144,451.0000002
18,10,100,684.0000016
13,9,81,434.9999995
13,13,169,912.9999995
13,14,196,855.0000009
10,18,324,600.0000029
12,10,100,255.9999989
12,11,121,375.0000015
16,5,25,441.000002
13,6,36,405.0000012
12,14,196,410.0000001
15,6,36,299.9999986
16,4,16,693.0000006
18,6,36,1012
15,5,25,452.0000001
12,10,100,388.0000001
18,3,9,492.0000017
5,20,400,312.9999998
14,6,36,577.000002
12,6,36,375.0000015
12,15,225,655.0000029
16,4,16,709.0000025
14,6,36,510.9999999
12,16,256,625.0000002
14,5,25,460.0000002
14,13,169,625.0000002
12,10,100,574.9999995
12,7,49,500.0000008
13,8,64,413.9999984
13,7,49,470.9999981
12,11,121,519.9999992
13,8,64,750.0000026
12,7,49,489.9999995
18,7,49,425.0000005
12,14,196,535.0000017
13,7,49,745.0000012
12,6,36,400.0000012
12,10,100,320.0000013
17,6,36,606.0000024
11,7,49,563.000001
12,9,81,324.9999992
13,10,100,821.0000004
12,14,196,810.0000019
12,8,64,374.000001
12,14,196,299.9999986
12,11,121,618.9999983
18,8,64,641.000002
12,13,169,585.0000016
12,12,144,587.0000001
12,6,36,532.9999978
12,12,144,324.9999992
13,7,49,655.0000029
13,6,36,616.9999976
12,6,36,602.0000028
16,4,16,550.000001
16,3,9,686.0000016
10,14,196,625.0000002
11,14,196,440.0000014
6,21,441,152.9999998
10,11,121,595.0000027
11,10,100,461.9999995
11,9,81,299.9999986
10,15,225,500.0000008
10,13,169,404.0000008
10,16,256,275.0000006
8,18,324,400.0000012
18,4,16,600.0000029
13,8,64,577.000002
12,9,81,375.0000015
12,8,64,303.9999996
12,10,100,281.9999997
14,8,64,275.0000006
12,7,49,635.0000007
18,1,1,711.0000001
13,9,81,958.9999953
16,7,49,641.000002
13,5,25,443.9999989
9,19,361,234.999999
15,4,16,474.9999981
12,8,64,252.0000006
14,7,49,635.0000007
13,7,49,390.0000003
9,18,324,412.9999988
11,12,144,400.0000012
8,11,121,288
12,7,49,359.9999995
12,14,196,673.0000002
10,18,324,392.9999993
16,4,16,577.000002
11,9,81,187.9999995
5,16,256,284.9999999
9,19,361,375.0000015
17,7,49,769.9999963
17,3,9,557.9999987
18,4,16,1762.999996
12,16,256,695.0000031
10,8,64,489.0000003
12,6,36,509.0000018
12,15,225,818.0000028
7,17,289,275.0000006
12,12,144,600.0000029
13,6,36,577.000002
14,4,16,230.0000002
11,9,81,506.9999982
12,8,64,606.0000024
12,6,36,813.0000004
10,9,81,284.9999999
16,9,81,1068.000001
14,12,144,1634.999995
16,8,64,860.0000006
14,6,36,756.0000029
15,4,16,750.0000026
12,14,196,437.9999998
12,15,225,1105.999998
17,7,49,291.0000008
12,8,64,332.0000004
13,7,49,416.9999992
13,11,121,625.0000002
12,9,81,461.9999995
8,20,400,250.0000005
18,6,36,519.9999992
14,8,64,149.9999994
14,5,25,400.0000012
18,5,25,384.9999983
15,13,169,577.000002
18,10,100,537.9999999
17,5,25,801.0000023
17,1,1,500.0000008
13,10,100,894.0000043
14,7,49,625.0000002
14,8,64,322.999999
12,14,196,577.000002
12,7,49,426.9999986
10,15,225,240.9999992
17,5,25,758.0000033
16,10,100,1979.000009
12,14,196,695.0000031
16,4,16,491.0000011
16,2,4,564.9999994
10,14,196,340.0000008
13,8,64,298.000001
13,6,36,307.9999991
13,5,25,1097
11,7,49,412.9999988
12,15,225,606.0000024
12,7,49,500.0000008
15,4,16,588.9999978
13,9,81,625.0000002
10,9,81,390.0000003
14,11,121,443
13,7,49,707.0000029
16,5,25,777.9999967
12,10,100,510.0000022
17,2,4,441.9999991
13,7,49,400.0000012
18,4,16,1275.000003
12,8,64,405.0000012
12,10,100,673.0000002
10,11,121,279.9999991
10,8,64,349.9999984
18,6,36,2003.000009
16,4,16,769.0000004
16,7,49,866.0000012
15,11,121,880.0000022
12,8,64,550.000001
14,8,64,610.0000017
13,6,36,577.000002
12,7,49,147.9999994
16,7,49,824.0000001
14,6,36,700.0000035
18,3,9,750.0000026
17,11,121,700.0000035
18,8,64,692.000003
11,10,100,307.9999991
17,8,64,865.0000027
14,4,16,693.0000006
11,7,49,800.0000019
14,12,144,673.0000002
14,5,25,514.9999997
16,9,81,711.999999
13,6,36,845.0000022
14,5,25,885.0000044
14,7,49,693.0000006
12,16,256,851.0000012
12,11,121,737.9999966
14,5,25,480.9999999
16,8,64,794.9999963
13,13,169,579.0000014
12,16,256,869.0000041
16,5,25,577.000002
17,10,100,1385.000002
14,11,121,1602.999996
12,12,144,674.9999994
18,8,64,461.9999995
12,11,121,662.9999999
12,6,36,845.0000022
12,15,225,657.000001
15,6,36,1200.000005
13,14,196,769.9999963
12,9,81,250.0000005
12,6,36,343.000001
12,16,256,2114.999997
18,3,9,1029.000004
12,7,49,712.9999997
10,12,144,595.0000027
15,11,121,832.9999982
15,7,49,400.0000012
14,11,121,721.000002
12,13,169,166.9999996
14,7,49,467.0000011
18,3,9,642.9999973
13,15,225,600.0000029
12,6,36,400.0000012
13,5,25,1000.000001
14,8,64,665.9999996
16,2,4,552.9999992
14,8,64,785.0000017
15,7,49,667.0000027
10,9,81,299.9999986
16,8,64,696.9999995
14,13,169,437.9999998
13,6,36,685.0000012
14,6,36,413.9999984
12,7,49,750.9999987
13,7,49,230.9999999
16,7,49,505.0000004
16,8,64,600.0000029
18,9,81,1309.000005
18,8,64,1057.999997
15,11,121,626.9999996
16,11,121,1049.999997
18,8,64,982.9999999
18,10,100,1282.000003
12,8,64,818.0000028
17,1,1,500.0000008
12,14,196,719.9999986
12,11,121,537.9999999
17,11,121,938.0000009
11,8,64,299.9999986
11,15,225,781.0000001
8,20,400,649.9999981
18,5,25,996.0000024
17,5,25,582.0000013
16,4,16,230.9999999
16,3,9,538.9999995
15,13,169,628.0000022
12,10,100,673.9999994
16,5,25,230.9999999
18,5,25,716.0000022
13,5,25,285.9999998
15,5,25,500.0000008
16,5,25,312.0000007
11,8,64,200.0000007
16,11,121,1105.999998
12,11,121,583.0000021
16,8,64,404.0000008
13,6,36,618.0000016
16,5,25,277.0000011
17,2,4,961.9999994
15,9,81,692.000003
12,10,100,563.000001
8,19,361,1335.999995
14,11,121,673.0000002
16,10,100,856.0000033
16,10,100,259.9999997
15,7,49,574.9999995
13,5,25,625.9999993
12,14,196,1443.000002
14,8,64,336
12,9,81,577.000002
13,5,25,479.9999981
15,7,49,250.0000005
11,7,49,479.0000012
15,13,169,1037.999996
18,9,81,1090.000005
18,2,4,461.9999995
12,14,196,625.0000002
16,3,9,816.999996
14,8,64,361.0000006
12,9,81,320.0000013
16,10,100,347
12,12,144,860.9999962
10,10,100,281.9999997
12,6,36,698.9999984
12,6,36,615.0000013
11,8,64,433.0000009
16,3,9,534.0000006
16,4,16,625.0000002
18,2,4,577.000002
12,6,36,843.0000017
16,4,16,404.0000008
15,11,121,552.9999992
18,7,49,1013.999996
16,7,49,324.9999992
15,9,81,770.9999973
14,4,16,700.0000035
17,1,1,548.0000017
16,4,16,625.0000002
16,6,36,911.0000025
12,15,225,745.0000012
12,6,36,673.9999994
16,6,36,816.999996
15,4,16,769.9999963
15,6,36,727.0000018
12,6,36,665.9999996
14,7,49,688.0000014
14,6,36,559.9999979
16,6,36,500.0000008
14,8,64,669.9999984
12,16,256,961.9999994
16,6,36,725.9999965
16,11,121,961.9999994
17,10,100,615.0000013
13,13,169,1154.000003
13,10,100,674.9999994
12,8,64,421.9999983
12,7,49,1063.000002
18,9,81,1175.000004
15,6,36,852.0000027
12,6,36,610.0000017
18,9,81,423.0000004
12,11,121,1200.000005
14,14,196,1029.000004
14,8,64,550.000001
15,10,100,801.0000023
12,13,169,543
9,16,256,349.9999984
14,12,144,750.0000026
14,14,196,449.9999988
14,4,16,600.0000029
12,15,225,855.0000009
14,6,36,728.0000013
12,16,256,693.0000006
10,11,121,1024.999998
14,8,64,1154.000003
16,10,100,982.9999999
15,13,169,727.0000018
14,14,196,535.0000017
12,7,49,532.0000004
13,7,49,289.0000005
17,3,9,312.9999998
13,5,25,404.0000008
18,6,36,1100.000001
12,9,81,660.0000033
12,14,196,433.0000009
17,4,16,400.0000012
15,5,25,262.9999994
13,15,225,400.0000012
16,12,144,577.000002
12,6,36,433.0000009
17,2,4,469.9999978
17,2,4,255.0000012
12,8,64,625.0000002
13,15,225,669.9999984
12,12,144,1049.000002
17,11,121,1846.000009
15,12,144,769.0000004
11,17,289,688.0000014
15,3,9,649.9999981
16,4,16,479.0000012
16,2,4,341.0000009
14,12,144,906.0000036
12,15,225,350.9999988
12,11,121,775.0000005
12,8,64,700.0000035
16,4,16,591.9999971
12,6,36,740.0000028
12,9,81,532.9999978
16,3,9,416.9999992
18,10,100,1393.999998
12,16,256,548.0000017
11,7,49,657.000001
12,7,49,571.9999992
13,10,100,624.000001
16,9,81,441.9999991
15,6,36,577.000002
13,8,64,540.0000002
15,9,81,841
14,9,81,723.9999983
13,7,49,557
13,5,25,333.999999
15,3,9,510.0000022
12,13,169,577.000002
12,11,121,510.9999999
15,4,16,310.9999993
12,16,256,577.000002
12,16,256,669.9999984
12,9,81,630.9999984
16,3,9,665.9999996
14,7,49,400.0000012
11,7,49,220.0000008
13,11,121,577.000002
13,10,100,423.0000004
16,5,25,646.9999971
15,7,49,345.000001
16,3,9,839.9999985
15,4,16,625.0000002
9,15,225,1000.000001
16,9,81,918.9999978
12,13,169,729.999997
12,6,36,447.9999989
14,9,81,482.9999982
12,7,49,410.9999982
14,10,100,885.0000044
14,7,49,349.9999984
17,4,16,500.0000008
15,12,144,732.9999986
13,11,121,459
16,6,36,721.000002
15,11,121,698.9999984
14,10,100,785.0000017
16,7,49,925.0000023
14,6,36,449.000001
15,3,9,324.9999992
13,13,169,683.0000003
16,10,100,522.0000011
18,4,16,469.9999978
12,16,256,541.0000006
14,9,81,852.0000027
12,12,144,400.0000012
18,3,9,546.9999987
16,10,100,577.000002
11,7,49,299.9999986
16,10,100,1068.000001
12,14,196,721.000002
17,8,64,673.0000002
17,4,16,738.9999993
12,8,64,1477.999998
17,4,16,875.0000032
12,15,225,899.999997
13,12,144,801.0000023
13,7,49,550.000001
10,18,324,574.9999995
12,9,81,540.0000002
16,10,100,790.0000036
14,8,64,693.0000006
16,4,16,250.0000005
17,1,1,416.9999992
9,17,289,635.0000007
12,14,196,412.9999988
12,7,49,299.9999986
17,3,9,566.9999979
16,10,100,641.000002
13,10,100,355.9999997
12,15,225,400.0000012
12,13,169,412.9999988
14,13,169,530.9999993
16,7,49,635.0000007
14,7,49,144.0000001
14,11,121,550.000001
12,14,196,485.9999981
17,8,64,597.9999976
14,6,36,461.9999995
16,4,16,811.9999999
12,7,49,625.0000002
12,13,169,1043.000005
16,5,25,800.0000019
16,5,25,811.9999999
17,3,9,433.0000009
17,5,25,750.9999987
14,6,36,294.0000008
12,7,49,426.9999986
12,15,225,700.0000035
16,3,9,284.0000005
14,7,49,541.9999992
12,7,49,479.9999981
16,4,16,378.0000017
16,8,64,508.0000012
12,7,49,500.0000008
12,15,225,722.9999984
12,7,49,220.0000008
15,3,9,474.9999981
13,7,49,1202.000006
13,5,25,400.0000012
16,7,49,600.9999973
12,11,121,480.9999999
16,11,121,700.0000035
12,9,81,769.0000004
14,5,25,528.999999
16,8,64,449.9999988
10,18,324,563.000001
13,13,169,649.0000021
8,18,324,469.9999978
16,2,4,275.0000006
16,11,121,719.0000016
12,15,225,1082.000001
16,12,144,673.0000002
18,0,0,349.9999984
14,8,64,769.0000004
12,8,64,649.9999981
9,15,225,750.9999987
10,11,121,355.9999997
9,9,81,250.0000005
12,10,100,401.0000011
11,8,64,425.0000005
9,10,100,287.0000012
13,7,49,309.000001
14,4,16,578.0000008
16,8,64,437.9999998
12,13,169,449.9999988
17,5,25,172.9999992
16,5,25,528.999999
12,12,144,481.999998
12,9,81,832.9999982
12,16,256,259.9999997
12,7,49,278.9999995
13,6,36,349.9999984
11,7,49,144.9999996
10,11,121,230.0000002
15,3,9,449.9999988
16,3,9,384.9999983
17,11,121,816.999996
16,8,64,961.9999994
13,9,81,407.9999982
16,3,9,525.9999986
13,5,25,578.0000008
14,8,64,620.0000012
12,7,49,230.0000002
11,13,169,579.9999979
18,8,64,1154.999997
12,10,100,379.999999
16,5,25,615.9999978
12,10,100,449.9999988
12,7,49,425.0000005
12,10,100,500.0000008
12,7,49,712.9999997
12,7,49,750.0000026
15,3,9,322.999999
13,9,81,1037.999996
16,3,9,491.0000011
13,10,100,524.9999986
11,12,144,388.0000001
10,10,100,460.0000002
15,3,9,400.0000012
15,6,36,736.9999984
14,6,36,599.0000011
18,9,81,1131.000004
14,5,25,600.9999973
10,10,100,298.000001
12,9,81,234.999999
13,6,36,220.0000008
8,12,144,696.9999995
9,9,81,541.9999992
12,7,49,250.0000005
16,4,16,400.0000012
15,10,100,423.0000004
12,7,49,289.9999991
10,17,289,247.0000008
13,7,49,379.999999
12,6,36,656.0000007
12,14,196,711.0000001
14,9,81,480.9999999
16,3,9,641.000002
12,14,196,596.0000017
7,18,324,578.0000008
16,8,64,678.0000014
16,10,100,1538
12,15,225,860.0000006
18,8,64,534.0000006
12,9,81,307.9999991
14,9,81,600.0000029
8,17,289,625.0000002
13,10,100,540.0000002
13,8,64,344.0000009
12,7,49,500.0000008
11,9,81,320.0000013
18,3,9,378.0000017
15,4,16,187.9999995
9,18,324,168.0000001
2,17,289,250.0000005
3,15,225,189.9999996
12,10,100,1000.000001
12,6,36,563.9999992
9,9,81,624.000001
12,6,36,713.9999983
12,6,36,537.9999999
13,7,49,355.0000002
12,6,36,239.9999992
12,6,36,417.9999989
13,8,64,1026.000004
17,9,81,295.0000011
12,8,64,550.000001
12,9,81,537.9999999
5,19,361,349.9999984
12,9,81,711.0000001
12,11,121,228.9999992
12,9,81,220.0000008
12,11,121,310.0000008
12,6,36,320.0000013
12,9,81,303.0000014
13,7,49,449.9999988
12,11,121,753.0000017
12,8,64,437.9999998
11,11,121,324.9999992
16,10,100,846.0000003
14,6,36,312.9999998
13,15,225,479.0000012
12,13,169,429.0000005
14,9,81,489.9999995
12,6,36,361.0000006
14,13,169,400.0000012
12,6,36,423.0000004
12,9,81,310.9999993
11,10,100,270.9999998
18,2,4,384.9999983
16,2,4,528.999999
11,14,196,700.0000035
10,16,256,381.0000019
12,10,100,465.0000021
10,18,324,400.0000012
10,17,289,455.0000005
12,6,36,259.9999997
13,9,81,704.999998
13,11,121,416.9999992
11,10,100,250.0000005
12,6,36,460.0000002
8,12,144,324.9999992
9,10,100,275.0000006
12,8,64,324.9999992
15,4,16,299.9999986
8,17,289,250.0000005
12,10,100,288
13,9,81,550.000001
12,15,225,429.0000005
8,16,256,375.0000015
9,15,225,577.000002
13,6,36,530.9999993
12,6,36,250.0000005
12,9,81,440.0000014
12,8,64,456.9999996
12,9,81,437.9999998
12,9,81,550.000001
16,3,9,649.9999981
11,9,81,423.0000004
13,8,64,419.9999995
14,5,25,200.0000007
8,12,144,400.0000012
9,9,81,299.9999986
12,12,144,713.9999983
12,7,49,398.0000019
9,14,196,398.0000019
16,6,36,734.000001
12,7,49,688.0000014
6,16,256,211.999999
12,13,169,455.0000005
15,3,9,349.9999984
16,6,36,577.000002
16,9,81,698.9999984
16,5,25,375.0000015
13,5,25,375.0000015
12,15,225,364.0000009
12,11,121,220.0000008
16,9,81,620.9999988
11,14,196,375.0000015
16,4,16,341.0000009
16,2,4,379.999999
11,15,225,259.9999997
8,16,256,489.0000003
11,9,81,433.0000009
11,10,100,364.9999987
14,13,169,256.9999987
14,6,36,513.0000025
15,10,100,288
18,6,36,866.0000012
12,7,49,433.0000009
1,22,484,500.0000008
16,2,4,548.0000017
12,11,121,400.0000012
9,15,225,433.0000009
13,5,25,375.0000015
12,14,196,546.9999987
12,6,36,375.0000015
14,5,25,500.0000008
16,2,4,355.0000002
12,11,121,600.0000029
12,16,256,649.9999981
12,14,196,848.0000036
12,9,81,324.9999992
12,15,225,289.0000005
14,4,16,456.9999996
14,9,81,711.0000001
13,15,225,412.9999988
16,3,9,649.0000021
13,7,49,632.9999986
16,6,36,721.000002
12,14,196,912.9999995
13,7,49,375.0000015
18,3,9,591.9999971
16,10,100,764.0000006
12,8,64,500.0000008
11,8,64,275.0000006
10,8,64,259.9999997
16,6,36,961.9999994
12,10,100,625.0000002
12,8,64,333
12,11,121,625.0000002
10,8,64,250.0000005
12,16,256,359.0000005
12,16,256,550.000001
12,6,36,402.9999992
11,9,81,462.9999981
12,6,36,395.9999995
12,6,36,277.999999
14,7,49,400.0000012
16,2,4,414.9999999
12,15,225,461.9999995
18,9,81,1442.000003
4,17,289,125.0000003
10,18,324,200.0000007
10,15,225,299.9999986
10,16,256,520.9999991
13,6,36,266.0000003
11,9,81,324.9999992
9,15,225,349.9999984
9,19,361,340.0000008
13,6,36,625.0000002
10,13,169,214.0000011
12,10,100,688.0000014
8,18,324,275.0000006
10,16,256,456.9999996
12,8,64,615.0000013
16,3,9,731.9999971
12,8,64,162.9999999
8,10,100,259.9999997
11,10,100,492.0000017
12,8,64,574.9999995
12,7,49,510.0000022
8,12,144,564.9999994
9,14,196,514.9999997
8,11,121,470.9999981
13,8,64,334.9999994
12,10,100,480.9999999
12,8,64,641.9999976
10,9,81,573.0000019
6,20,400,315.0000004
11,13,169,359.9999995
12,7,49,339.0000009
13,7,49,400.0000012
15,3,9,299.9999986
10,18,324,579.9999979
14,4,16,320.999999
12,8,64,474.9999981
7,12,144,444.999999
6,13,169,299.9999986
10,11,121,252.0000006
12,7,49,419
6,22,484,316.9999988
16,7,49,552.9999992
18,7,49,721.000002
13,6,36,728.9999985
12,7,49,314.0000013
9,12,144,220.0000008
8,11,121,234.999999
9,12,144,333
11,9,81,333
11,13,169,333
12,10,100,379.999999
12,8,64,390.0000003
5,23,529,250.0000005
17,4,16,673.0000002
16,4,16,482.9999982
16,3,9,769.0000004
4,15,225,324.9999992
11,13,169,465.0000021
14,4,16,349.9999984
12,8,64,375.0000015
5,16,256,299.9999986
16,3,9,474.9999981
12,9,81,527.999998
10,10,100,513.0000025
12,9,81,444.999999
11,12,144,265.0000011
12,9,81,259.9999997
9,9,81,317.9999991
12,8,64,625.9999993
11,8,64,400.0000012
14,4,16,378.0000017
16,7,49,802.9999968
16,3,9,446.9999979
15,7,49,318.9999991
8,16,256,401.0000011
9,12,144,437.9999998
10,8,64,416.9999992
10,9,81,375.0000015
16,8,64,615.9999978
12,10,100,353.9999989
18,4,16,425.0000005
12,8,64,265.0000011
14,4,16,426.0000016
12,7,49,250.0000005
17,2,4,559.9999979
12,11,121,289.0000005
16,4,16,392.9999993
12,8,64,577.000002
17,9,81,346.0000017
16,6,36,1282.000003
17,5,25,865.0000027
14,4,16,412.9999988
6,17,289,224.9999995
14,7,49,404.0000008
12,13,169,721.000002
12,12,144,577.000002
12,8,64,500.0000008
12,11,121,250.0000005
12,8,64,155.0000005
12,9,81,406.0000002
12,15,225,349.9999984
12,8,64,461.9999995
10,18,324,500.0000008
16,8,64,846.0000003
12,11,121,577.000002
16,6,36,400.0000012
11,17,289,741.0000035
14,5,25,349.9999984
12,8,64,437.9999998
13,6,36,727.0000018
11,8,64,969.9999985
16,8,64,750.9999987
18,6,36,577.000002
16,8,64,404.0000008
12,12,144,615.9999978
16,3,9,230.0000002
12,6,36,142.0000003
18,6,36,384.9999983
12,9,81,384.9999983
12,6,36,421.9999983
12,9,81,649.9999981
8,16,256,230.0000002
15,9,81,671.9999996
18,3,9,353.9999989
13,7,49,250.0000005
11,14,196,299.9999986
12,6,36,400.0000012
7,21,441,299.9999986
13,8,64,460.0000002
12,9,81,432.0000008
11,9,81,250.0000005
5,17,289,315.0000004
12,10,100,625.0000002
10,10,100,500.0000008
12,9,81,331.0000015
12,10,100,585.0000016
13,9,81,320.0000013
11,11,121,299.9999986
16,10,100,737.9999966
12,12,144,384.9999983
13,7,49,641.000002
5,21,441,324.9999992
12,6,36,406.0000002
6,20,400,299.9999986
7,16,256,176.0000009
11,10,100,449.9999988
10,8,64,291.9999993
12,9,81,801.0000023
9,12,144,375.0000015
10,8,64,230.0000002
13,14,196,535.0000017
7,18,324,421.9999983
10,11,121,361.0000006
9,12,144,299.9999986
12,10,100,557.9999987
16,6,36,469.9999978
12,16,256,485.9999981
12,8,64,600.0000029
11,17,289,362.9999985
10,8,64,200.0000007
8,16,256,142.0000003
12,15,225,447.9999989
11,12,144,299.9999986
12,13,169,706.0000018
12,8,64,534.0000006
13,10,100,259.9999997
12,8,64,674.9999994
7,18,324,259.9999997
10,18,324,299.9999986
16,5,25,1215.000005
17,5,25,577.000002
14,7,49,250.0000005
10,14,196,394.0000003
8,10,100,275.0000006
9,17,289,224.9999995
7,12,144,275.0000006
9,15,225,355.9999997
12,7,49,885.0000044
16,2,4,191.9999996
7,16,256,419.9999995
7,20,400,375.0000015
7,18,324,364.0000009
12,8,64,400.0000012
12,8,64,353.0000011
13,10,100,299.9999986
15,4,16,415.9999999
11,9,81,600.0000029
13,10,100,972.9999979
5,18,324,230.0000002
12,9,81,310.9999993
8,17,289,274.000001
11,10,100,400.0000012
8,12,144,200.0000007
13,7,49,434.9999995
6,17,289,230.0000002
6,18,324,731.0000002
10,17,289,270.0000003
8,12,144,176.0000009
12,7,49,250.0000005
10,14,196,333
12,7,49,437.9999998
16,4,16,428.0000019
16,7,49,740.0000028
12,8,64,700.0000035
12,6,36,244.9999999
12,8,64,230.0000002
15,8,64,273.0000013
14,8,64,631.9999974
16,3,9,289.0000005
8,18,324,299.9999986
10,13,169,230.0000002
8,16,256,394.9999981
9,9,81,571.9999992
17,7,49,625.0000002
16,3,9,550.000001
9,11,121,250.0000005
8,13,169,362.9999985
14,14,196,100.0000004
12,15,225,349.9999984
10,9,81,289.9999991
4,22,484,250.0000005
8,19,361,832.9999982
10,9,81,434.9999995
12,9,81,333
12,8,64,305.9999994
18,9,81,573.0000019
12,7,49,288
12,10,100,462.9999981
12,16,256,388.9999986
16,10,100,1105.999998
16,2,4,244.9999999
12,7,49,358.0000013
8,20,400,356.9999994
12,12,144,400.0000012
10,9,81,299.9999986
16,5,25,552.9999992
8,17,289,299.9999986
7,17,289,449.9999988
12,7,49,409.0000016
14,4,16,250.0000005
16,2,4,336.9999999
16,2,4,279.9999991
13,5,25,522.9999979
16,4,16,513.0000025
14,11,121,690.9999974
16,5,25,425.0000005
13,5,25,361.0000006
12,6,36,541.9999992
12,14,196,769.0000004
12,7,49,505.0000004
17,2,4,591.0000015
16,3,9,419
16,4,16,375.0000015
17,3,9,368.9999985
11,9,81,437.9999998
17,6,36,618.9999983
16,11,121,635.0000007
12,8,64,500.0000008
12,14,196,875.0000032
17,11,121,635.0000007
14,4,16,312.9999998
15,3,9,349.9999984
9,9,81,857.0000012
11,14,196,200.0000007
12,6,36,383.0000003
12,12,144,244.9999999
12,14,196,808.0000012
18,9,81,461.9999995
16,7,49,577.000002
17,8,64,506.0000004
17,5,25,961.9999994
16,4,16,742.9999965
12,6,36,449.9999988
11,10,100,475.999998
9,10,100,123.0000006
11,15,225,793.999999
10,9,81,200.0000007
14,12,144,461.9999995
10,13,169,224.9999995
13,9,81,577.000002
8,18,324,179.9999998
9,16,256,324.9999992
7,15,225,409.0000016
10,9,81,200.0000007
16,7,49,538.9999995
16,6,36,353.9999989
11,11,121,250.0000005
16,6,36,693.0000006
12,10,100,419.9999995
12,15,225,365.9999988
11,7,49,350.9999988
16,9,81,912.9999995
13,9,81,899.999997
7,13,169,299.9999986
10,11,121,307.0000007
7,14,196,474.9999981
11,11,121,340.0000008
9,14,196,462.9999981
12,12,144,200.0000007
15,3,9,315.0000004
16,8,64,625.0000002
12,12,144,254.0000008
9,12,144,449.9999988
12,6,36,375.0000015
12,8,64,299.9999986
12,8,64,364.0000009
18,3,9,750.0000026
15,7,49,588.9999978
10,15,225,265.0000011
9,10,100,299.9999986
6,21,441,390.0000003
10,15,225,500.0000008
12,11,121,449.9999988
12,9,81,262.9999994
14,7,49,432.0000008
10,14,196,191.9999996
14,14,196,829.000004
16,8,64,513.0000025
13,11,121,528.999999
16,4,16,384.9999983
13,8,64,500.0000008
15,8,64,711.999999
16,5,25,472.0000021
12,6,36,469.9999978
13,6,36,412.9999988
12,7,49,334.9999994
13,15,225,480.9999999
12,6,36,500.0000008
12,13,169,712.9999997
13,7,49,524.9999986
