id,wage,lwage,educ,exper,exper2,female,urban
1,11.27,2.4222,13,17.0,290.24,1,0
2,15.6,2.747,15,8.7,75.94,1,0
3,16.43,2.799,14,16.1,258.55,1,1
4,14.34,2.663,12,8.9,79.59,1,0
5,15.36,2.7317,16,0.0,0.0,1,0
6,10.08,2.3104,12,6.1,37.25,1,1
7,15.19,2.7205,15,8.8,77.69,0,0
8,30.34,3.4126,15,25.5,652.0,1,1
9,13.66,2.6147,13,21.3,455.7,1,1
10,22.32,3.1054,16,14.0,197.02,1,1
11,10.34,2.3362,16,9.4,89.0,0,0
12,15.99,2.7718,14,17.3,297.63,1,1
13,33.18,3.5018,13,26.5,700.66,1,1
14,25.37,3.2336,12,27.8,772.56,0,0
15,22.34,3.1064,12,25.7,659.73,1,0
16,11.23,2.4186,12,21.6,467.28,0,0
17,27.62,3.3187,11,14.3,205.86,0,0
18,13.76,2.6221,16,12.1,146.19,0,1
19,23.19,3.1438,10,17.3,300.56,0,1
20,11.33,2.427,13,5.4,29.69,1,1
21,7.13,1.965,9,9.1,82.43,1,1
22,16.19,2.7843,13,6.6,44.12,1,1
23,10.82,2.381,13,4.0,16.27,0,0
24,9.24,2.2233,12,1.3,1.62,1,0
25,14.75,2.6912,13,11.4,129.64,0,1
26,15.89,2.7657,13,10.5,109.64,0,0
27,15.07,2.7126,16,20.7,427.93,1,0
28,24.03,3.1794,15,16.3,265.08,0,1
29,17.89,2.884,14,11.5,131.58,0,0
30,19.19,2.9546,15,14.9,220.87,0,1
31,19.48,2.9694,15,10.7,114.08,0,0
32,17.85,2.8818,13,15.3,232.57,1,0
33,11.04,2.4018,14,7.8,60.38,1,1
34,13.06,2.5693,13,6.4,40.53,0,1
35,6.92,1.9341,10,21.4,458.39,0,1
36,11.76,2.4644,13,26.3,691.09,0,1
37,10.7,2.3699,12,8.8,78.21,0,0
38,10.44,2.3458,15,7.0,48.75,1,1
39,9.17,2.2155,11,3.7,14.02,0,0
40,30.76,3.4263,11,24.4,595.86,0,1
41,12.48,2.5238,15,10.4,108.89,0,0
42,11.46,2.4388,13,0.0,0.0,1,1
43,49.92,3.9104,14,34.5,1188.72,1,1
44,19.99,2.9951,14,10.2,104.08,0,1
45,20.02,2.9968,10,11.2,124.49,0,1
46,9.82,2.2845,9,13.1,172.85,0,1
47,29.67,3.39,17,17.6,310.22,1,1
48,6.55,1.8801,11,13.7,187.0,0,0
49,9.69,2.2712,15,0.0,0.0,1,0
50,36.4,3.5945,14,10.3,106.61,1,1
51,20.21,3.006,14,9.9,98.88,0,1
52,9.85,2.2872,12,19.2,367.14,0,1
53,6.12,1.8111,13,2.3,5.08,1,0
54,13.88,2.6303,13,11.9,142.17,1,0
55,5.11,1.6312,15,4.2,17.81,1,1
56,8.41,2.1294,9,22.6,512.73,0,0
57,21.02,3.0452,15,13.7,186.65,1,1
58,10.47,2.3483,14,0.0,0.0,1,1
59,13.79,2.6242,12,14.0,195.12,0,1
60,16.41,2.798,11,13.9,192.16,0,1
61,13.59,2.6095,16,11.3,126.97,0,0
62,25.89,3.2539,15,18.5,340.52,0,0
63,10.72,2.3724,13,5.2,26.94,1,1
64,12.51,2.5263,12,3.1,9.84,0,1
65,23.31,3.1488,16,16.9,284.57,0,0
66,9.95,2.298,18,1.1,1.14,1,0
67,7.27,1.9841,12,4.1,16.72,0,0
68,18.21,2.9022,15,6.8,46.76,1,0
69,15.54,2.7434,15,13.6,184.16,0,1
70,14.48,2.6726,9,28.0,784.54,0,1
71,51.34,3.9385,14,16.1,259.68,0,0
72,10.84,2.3834,13,14.9,223.29,1,1
73,9.9,2.2926,13,17.9,320.15,1,0
74,9.93,2.2951,15,0.0,0.0,0,1
75,10.93,2.3916,11,13.1,172.15,1,1
76,12.83,2.5519,14,9.1,83.39,0,1
77,10.92,2.3906,11,16.3,264.26,1,0
78,19.34,2.9622,12,14.3,205.22,1,0
79,30.62,3.4217,17,8.0,63.89,0,1
80,6.55,1.8795,10,7.1,50.27,0,0
81,7.88,2.0644,13,9.8,96.81,1,0
82,11.43,2.4359,12,11.5,131.86,1,0
83,16.89,2.8266,17,3.0,8.74,1,0
84,14.03,2.6415,14,19.0,359.71,1,0
85,14.78,2.6934,14,8.0,63.85,0,0
86,7.53,2.0195,12,11.1,122.99,1,0
87,30.63,3.422,17,14.8,217.87,0,1
88,10.6,2.3612,14,12.3,151.95,1,0
89,21.37,3.0621,13,13.8,191.68,0,0
90,5.49,1.7034,9,17.2,294.14,0,1
91,17.84,2.8813,16,14.2,203.01,0,1
92,13.18,2.579,17,22.2,494.25,0,0
93,10.74,2.3737,15,1.3,1.62,1,0
94,8.18,2.1019,11,6.4,41.49,1,0
95,17.94,2.887,15,16.1,260.47,1,1
96,27.29,3.3065,13,14.7,215.22,1,0
97,11.42,2.4352,12,5.0,24.55,0,1
98,17.54,2.8644,12,16.1,258.96,0,0
99,16.65,2.8126,13,7.1,51.11,1,1
100,15.32,2.7294,12,26.2,688.15,0,1
101,24.59,3.2023,15,19.3,371.75,0,0
102,12.32,2.5109,16,4.2,17.41,0,0
103,7.58,2.0252,10,0.0,0.0,0,0
104,9.22,2.2211,15,0.0,0.0,0,0
105,19.68,2.9797,13,28.9,836.36,0,1
106,24.39,3.1942,15,20.5,418.89,0,0
107,9.78,2.2806,13,2.0,4.06,1,1
108,16.47,2.8018,13,17.4,301.54,0,0
109,19.51,2.9708,14,5.8,34.16,1,0
110,11.56,2.4473,14,17.5,305.95,0,1
111,13.85,2.6285,11,20.7,427.45,0,1
112,11.07,2.4039,12,10.7,114.03,0,1
113,19.88,2.9895,13,9.1,83.64,0,0
114,16.53,2.8049,9,19.2,369.32,0,0
115,33.03,3.4975,16,19.7,388.48,0,0
116,9.21,2.2204,11,15.6,242.36,1,1
117,16.04,2.775,12,12.6,158.36,0,1
118,11.93,2.4789,13,7.1,50.28,0,1
119,14.99,2.7076,11,13.6,184.86,1,1
120,32.33,3.476,15,15.0,224.5,1,1
121,4.39,1.4792,12,23.3,543.4,1,0
122,11.8,2.4677,14,15.5,240.96,0,0
123,11.26,2.4211,14,3.9,15.12,0,0
124,14.63,2.6829,15,2.6,6.82,0,0
125,14.39,2.6666,11,4.2,17.38,1,1
126,12.83,2.5521,9,22.0,484.65,1,0
127,10.42,2.3433,14,20.7,429.35,1,0
128,23.38,3.152,14,24.5,602.06,0,1
129,10.52,2.3528,13,13.1,171.03,1,1
130,16.99,2.8325,12,16.4,268.63,0,1
131,19.59,2.975,13,6.7,44.51,1,1
132,14.67,2.6859,12,27.0,730.29,1,1
133,15.45,2.7373,11,9.2,84.12,1,1
134,9.66,2.2684,14,21.6,468.58,1,1
135,17.18,2.8438,17,12.5,156.3,0,0
136,13.28,2.5862,11,16.3,265.34,1,1
137,11.61,2.4515,12,0.0,0.0,1,1
138,16.65,2.8121,11,4.3,18.44,1,0
139,18.64,2.9255,11,12.3,151.0,1,0
140,20.17,3.0041,12,18.4,339.11,1,0
141,10.11,2.3132,12,4.1,16.79,1,1
142,10.9,2.3888,15,8.6,74.23,0,1
143,17.81,2.8797,13,8.9,78.56,0,1
144,18.51,2.9185,14,13.1,170.58,0,1
145,35.08,3.5576,14,17.3,300.12,0,1
146,13.44,2.5984,9,13.3,178.21,0,1
147,16.01,2.773,9,16.1,258.77,1,1
148,8.93,2.1895,14,19.7,387.36,1,0
149,10.94,2.3928,13,12.4,153.89,1,1
150,19.41,2.9659,14,21.0,440.16,1,0
151,6.76,1.9114,12,6.6,44.14,1,0
152,22.6,3.1181,15,19.0,359.67,0,1
153,23.05,3.1378,15,12.0,143.59,1,0
154,17.2,2.8448,11,3.6,13.2,0,1
155,16.67,2.8138,16,8.5,72.87,0,1
156,12.82,2.5506,16,20.0,401.67,1,0
157,13.43,2.5975,13,0.6,0.35,0,0
158,13.56,2.6068,13,21.2,450.1,0,0
159,14.22,2.6543,10,26.2,685.74,0,1
160,19.87,2.9891,12,15.7,245.59,0,1
161,8.27,2.1131,13,13.4,178.75,1,0
162,16.82,2.8223,16,9.5,89.62,0,0
163,9.03,2.2001,15,0.0,0.0,1,1
164,11.65,2.4553,14,23.9,571.99,1,0
165,16.2,2.7851,15,14.1,200.13,1,0
166,12.33,2.5123,14,19.5,381.86,0,1
167,7.18,1.9719,12,0.0,0.0,0,0
168,20.83,3.0364,16,10.4,107.52,1,1
169,11.42,2.4355,12,20.2,406.09,1,1
170,17.88,2.8836,15,12.0,145.02,0,0
171,13.54,2.6058,13,15.5,240.79,1,1
172,11.16,2.4128,13,10.1,102.71,0,0
173,10.59,2.3596,13,10.2,104.88,0,1
174,26.41,3.2738,13,17.2,294.77,0,1
175,17.34,2.8528,10,17.4,302.42,0,0
176,12.37,2.5149,14,20.5,419.07,1,0
177,17.91,2.8853,15,5.3,28.36,1,0
178,25.41,3.2353,12,24.0,577.52,0,1
179,24.25,3.1884,12,14.1,199.35,0,1
180,10.7,2.3701,15,6.5,41.8,1,1
181,48.18,3.8749,14,26.1,682.07,0,0
182,12.01,2.4859,13,0.0,0.0,1,0
183,11.48,2.4408,14,6.0,35.59,1,1
184,20.51,3.0209,13,18.0,325.36,0,0
185,12.86,2.554,14,18.3,335.87,0,1
186,29.21,3.3745,13,20.3,412.66,0,1
187,13.02,2.5665,12,12.6,159.06,0,0
188,20.83,3.0365,13,14.7,216.71,1,1
189,16.62,2.8106,16,8.9,79.81,1,1
190,10.34,2.3363,9,11.4,129.82,0,0
191,6.65,1.8948,12,11.8,139.47,1,1
192,7.42,2.0036,9,6.3,39.76,1,0
193,31.63,3.4542,17,13.0,169.35,1,0
194,16.43,2.799,15,8.7,74.97,1,0
195,17.94,2.8871,16,14.3,204.92,0,1
196,6.64,1.8936,12,13.0,169.97,0,0
197,10.9,2.3885,13,10.6,112.54,0,0
198,7.79,2.0529,9,17.4,303.72,0,1
199,13.02,2.5663,14,5.9,35.32,0,1
200,15.32,2.7291,11,19.0,361.87,1,0
201,13.96,2.6361,12,6.8,46.15,0,1
202,69.97,4.2481,17,27.6,760.79,1,1
203,21.04,3.0465,16,15.3,233.53,1,0
204,9.3,2.2302,11,6.9,47.33,1,1
205,6.58,1.8836,12,0.0,0.0,0,1
206,6.76,1.9104,12,18.1,327.7,1,1
207,14.29,2.6595,15,9.2,84.29,1,1
208,5.63,1.7287,12,0.0,0.0,1,1
209,32.98,3.4959,12,20.9,435.02,0,1
210,7.98,2.0771,11,6.8,46.57,0,1
211,12.27,2.5072,15,6.3,39.87,0,1
212,16.83,2.8231,17,14.1,199.74,1,0
213,10.12,2.3142,14,7.9,62.87,0,0
214,15.21,2.7218,14,8.0,63.49,1,1
215,21.88,3.0856,12,16.8,280.67,1,0
216,23.2,3.1441,14,14.5,209.86,0,0
217,14.05,2.6427,15,3.9,15.16,0,1
218,15.39,2.7336,12,22.2,493.65,1,0
219,20.54,3.0222,9,22.0,484.87,0,1
220,12.26,2.5066,13,2.1,4.44,0,1
221,12.09,2.492,10,15.0,224.13,1,0
222,10.64,2.3648,14,21.1,443.23,0,0
223,11.45,2.4376,14,5.8,33.26,0,0
224,13.3,2.5875,14,12.6,157.8,0,1
225,17.82,2.8802,14,12.4,152.79,0,0
226,37.01,3.6112,20,13.7,188.36,1,1
227,14.21,2.6539,9,17.8,318.46,1,1
228,11.22,2.4178,12,12.1,145.64,0,1
229,10.1,2.313,13,22.5,506.89,1,0
230,11.5,2.4426,15,10.1,102.63,0,0
231,16.88,2.8264,15,15.9,251.35,0,0
232,12.22,2.5029,12,18.3,336.45,0,0
233,13.77,2.6223,12,14.3,205.23,1,0
234,30.05,3.4029,17,17.6,308.7,0,1
235,48.14,3.8741,18,21.7,471.71,0,1
236,24.18,3.1857,17,15.7,247.59,0,1
237,12.03,2.4871,15,19.2,366.74,0,0
238,17.82,2.8803,13,10.6,112.11,1,1
239,6.41,1.858,12,5.6,31.84,1,0
240,14.7,2.6878,15,13.1,172.64,0,0
241,15.31,2.7286,15,12.1,147.06,1,1
242,8.87,2.1823,10,7.1,50.75,1,1
243,17.46,2.8602,16,13.2,174.09,0,1
244,12.65,2.5379,11,13.3,176.21,0,1
245,11.72,2.4613,11,10.1,101.74,0,1
246,11.3,2.4247,14,13.1,171.55,0,0
247,20.61,3.0257,15,13.9,192.05,0,1
248,18.37,2.9106,14,13.5,181.63,1,1
249,18.78,2.9327,15,18.1,326.5,0,1
250,23.22,3.145,14,19.9,395.19,0,1
251,15.05,2.7113,9,10.8,115.83,0,1
252,12.64,2.5365,11,14.5,211.63,1,1
253,13.35,2.5917,15,7.9,62.4,0,0
254,15.9,2.7664,11,14.1,198.78,0,1
255,6.01,1.7931,10,4.8,22.59,1,1
256,24.79,3.2103,15,26.0,676.79,0,1
257,14.23,2.6553,14,20.8,431.7,0,0
258,12.65,2.5379,13,20.1,403.7,1,0
259,9.98,2.3002,15,16.1,258.19,1,1
260,14.7,2.6875,16,16.3,264.88,0,1
261,16.6,2.8094,15,10.3,105.17,0,1
262,13.5,2.6027,11,14.4,208.24,1,0
263,12.3,2.5099,15,4.8,23.5,0,0
264,21.35,3.0611,13,19.4,377.59,1,1
265,22.35,3.1067,15,14.0,197.12,0,0
266,10.03,2.3056,13,0.3,0.09,0,1
267,39.77,3.6831,14,21.8,475.12,0,0
268,8.99,2.196,9,15.1,228.58,1,0
269,47.21,3.8547,16,22.2,492.78,1,1
270,8.33,2.1202,11,21.8,474.62,0,0
271,11.87,2.4741,13,0.0,0.0,0,1
272,17.46,2.86,13,7.9,62.22,0,1
273,16.97,2.8314,17,13.9,193.15,0,0
274,22.59,3.1175,15,13.6,185.19,1,1
275,7.39,1.9997,13,11.1,122.99,1,0
276,10.87,2.3863,11,7.5,56.78,1,1
277,35.98,3.5829,17,19.4,376.12,0,0
278,13.3,2.588,14,14.8,220.21,0,1
279,22.77,3.1256,12,11.3,128.59,0,1
280,10.25,2.3268,13,3.6,12.91,1,1
281,18.59,2.9226,17,13.9,193.77,1,0
282,16.16,2.7827,12,15.7,245.75,0,0
283,30.16,3.4065,14,18.0,325.21,1,0
284,10.7,2.3706,11,8.3,69.22,0,1
285,10.73,2.373,11,6.5,42.45,1,1
286,12.35,2.5139,11,5.1,25.86,0,1
287,13.33,2.5899,13,7.7,58.73,1,1
288,10.4,2.3421,12,19.2,367.08,0,1
289,5.89,1.7734,10,5.7,32.89,1,0
290,15.51,2.7415,14,12.9,166.45,0,1
291,16.79,2.8211,16,10.6,112.48,1,0
292,15.97,2.7706,15,11.8,139.52,1,1
293,9.22,2.2215,10,4.1,17.1,0,0
294,18.92,2.94,15,13.4,179.73,0,0
295,17.86,2.8824,13,10.5,110.82,1,1
296,11.02,2.3994,12,20.6,425.52,0,0
297,16.17,2.783,18,6.4,41.26,0,0
298,72.23,4.2799,20,16.1,259.19,0,1
299,24.48,3.1978,16,13.7,187.19,0,1
300,15.06,2.7123,13,5.1,25.52,1,1
301,15.45,2.7375,15,1.8,3.21,0,1
302,22.0,3.0909,12,19.3,374.34,1,0
303,34.97,3.5546,19,7.1,51.04,1,0
304,16.72,2.8164,14,6.0,35.8,0,1
305,18.64,2.9251,13,24.9,621.4,0,1
306,8.89,2.1847,9,18.7,348.63,0,0
307,9.82,2.2843,12,12.1,147.11,1,1
308,11.73,2.4624,14,8.2,67.66,1,0
309,23.02,3.1366,17,8.1,65.94,1,0
310,10.72,2.372,13,4.1,16.65,1,1
311,21.15,3.0517,14,15.4,235.77,1,1
312,12.0,2.4845,15,2.5,6.44,1,1
313,14.37,2.6654,12,12.5,156.9,1,1
314,10.68,2.3682,11,25.4,647.59,1,0
315,14.59,2.6801,12,11.7,137.29,0,1
316,10.06,2.3088,14,9.4,87.84,0,0
317,30.28,3.4104,16,15.1,227.12,1,1
318,6.59,1.8862,10,5.4,29.41,1,1
319,8.4,2.1281,14,0.0,0.0,1,1
320,7.94,2.0714,12,8.0,63.86,0,1
321,8.1,2.0921,13,12.0,144.46,1,1
322,10.6,2.3611,17,3.2,10.1,1,1
323,10.25,2.327,14,11.6,134.51,1,0
324,8.95,2.1917,11,5.4,29.31,1,1
325,13.86,2.629,13,9.2,84.69,1,0
326,15.39,2.7336,16,3.8,14.29,1,1
327,29.82,3.3951,16,17.1,291.09,0,0
328,11.1,2.4068,17,7.5,56.28,1,1
329,6.89,1.9299,10,6.9,48.28,1,1
330,43.7,3.7773,17,21.8,474.79,0,0
331,15.09,2.714,10,5.9,34.3,0,1
332,16.06,2.7764,15,1.8,3.07,1,1
333,13.94,2.6346,18,14.3,203.2,0,0
334,8.36,2.1231,10,7.5,56.32,0,0
335,9.08,2.2061,9,3.5,12.14,1,1
336,7.86,2.0619,13,0.0,0.0,1,0
337,7.71,2.0427,11,11.3,126.99,0,1
338,20.59,3.0248,14,13.9,191.99,1,1
339,15.65,2.7504,15,11.4,129.53,0,1
340,12.46,2.5223,14,0.0,0.0,0,0
341,12.79,2.5489,12,13.9,193.23,0,1
342,13.69,2.6165,16,19.0,362.2,1,0
343,11.34,2.428,11,17.5,307.06,1,0
344,7.08,1.9576,15,0.5,0.25,0,1
345,13.12,2.5745,13,8.7,75.81,1,0
346,12.61,2.5347,20,6.7,45.49,1,1
347,16.59,2.8089,13,10.9,119.23,0,1
348,7.05,1.9524,11,12.1,146.06,1,0
349,16.05,2.7759,15,17.8,317.49,0,1
350,5.91,1.7761,12,0.0,0.0,1,1
351,16.99,2.8329,15,12.6,158.42,0,0
352,7.93,2.0713,12,1.1,1.2,1,0
353,7.88,2.0647,11,4.5,20.22,1,1
354,9.31,2.2314,13,6.4,40.55,0,1
355,9.27,2.2266,12,4.5,19.85,0,0
356,21.22,3.0552,13,15.1,229.15,0,1
357,18.13,2.8977,15,15.0,225.0,0,0
358,19.02,2.9455,15,18.2,332.42,1,0
359,19.1,2.9495,18,6.9,47.79,0,1
360,6.89,1.9304,12,5.7,32.8,1,0
361,11.86,2.4735,14,10.3,105.26,1,1
362,18.55,2.9207,11,7.6,57.21,0,1
363,12.27,2.5073,12,15.3,233.89,1,1
364,24.71,3.2073,14,16.0,256.84,0,1
365,10.24,2.3265,11,13.2,175.43,1,1
366,15.57,2.7456,13,20.4,417.78,1,1
367,15.05,2.7115,14,6.9,47.02,0,0
368,11.24,2.4193,12,23.7,562.72,1,1
369,6.57,1.8827,9,13.7,187.66,0,0
370,11.56,2.4477,14,13.5,182.63,1,1
371,12.02,2.4865,16,1.4,1.94,0,1
372,11.12,2.409,12,10.9,117.91,1,0
373,12.8,2.5492,14,3.8,14.32,1,0
374,10.92,2.391,15,17.2,295.72,0,1
375,12.05,2.4894,12,14.7,215.3,0,0
376,32.5,3.4811,16,24.7,609.22,0,1
377,15.99,2.7717,16,7.5,55.69,1,1
378,8.18,2.1011,13,6.1,37.26,1,0
379,14.35,2.664,16,0.3,0.08,1,1
380,9.44,2.2453,14,4.7,22.22,0,0
381,12.97,2.5624,15,7.0,49.32,1,0
382,7.89,2.0659,12,2.7,7.25,1,0
383,10.49,2.3505,13,14.9,222.28,1,0
384,8.57,2.1488,14,6.2,38.66,1,0
385,9.26,2.2262,13,0.0,0.0,0,0
386,22.65,3.12,11,25.8,667.79,0,1
387,11.61,2.4519,16,1.3,1.58,1,0
388,18.83,2.9354,12,12.6,159.87,1,0
389,12.44,2.5212,15,1.7,2.99,0,0
390,6.75,1.9102,10,6.1,37.19,0,1
391,10.3,2.3319,10,6.1,37.64,0,0
392,8.05,2.0856,14,2.5,6.5,0,0
393,30.55,3.4194,15,20.7,428.44,0,1
394,31.59,3.4529,16,21.8,473.71,0,1
395,19.18,2.9539,17,15.4,236.4,0,1
396,18.63,2.9248,14,12.6,157.55,1,0
397,14.65,2.6847,13,9.6,92.78,0,1
398,10.83,2.3819,14,10.1,101.57,1,0
399,26.46,3.2758,13,11.8,140.35,0,1
400,33.01,3.4969,17,17.5,306.21,0,1
401,20.04,2.9979,11,17.9,319.05,0,1
402,12.54,2.5292,11,7.4,54.32,0,1
403,41.29,3.7206,20,11.6,134.91,0,1
404,11.77,2.4652,13,10.0,100.14,0,0
405,23.66,3.1637,15,17.8,315.46,0,0
406,10.92,2.3902,12,18.6,347.06,1,1
407,25.65,3.2447,18,13.7,186.72,0,1
408,16.19,2.7847,15,7.9,61.88,1,0
409,31.02,3.4345,15,15.7,245.81,0,0
410,9.17,2.2163,11,18.0,324.25,0,0
411,17.25,2.8478,17,8.0,63.48,0,1
412,9.49,2.2503,11,25.7,660.67,0,0
413,23.81,3.17,13,14.4,206.75,1,1
414,18.45,2.9152,13,9.2,85.2,0,1
415,9.83,2.2859,12,8.7,75.44,0,1
416,14.69,2.6874,9,17.1,293.19,0,1
417,16.18,2.7839,16,7.6,58.51,1,1
418,14.81,2.6954,12,19.7,386.21,0,1
419,6.5,1.8713,11,0.0,0.0,1,0
420,17.16,2.8426,12,10.8,116.96,1,0
421,14.53,2.6764,14,0.0,0.0,1,0
422,15.55,2.7442,15,9.2,83.8,0,1
423,10.21,2.3238,15,0.0,0.0,1,1
424,16.16,2.7825,15,17.2,295.95,0,1
425,14.19,2.6528,14,16.3,266.6,1,1
426,25.72,3.2472,14,18.6,346.68,0,1
427,10.19,2.3215,11,4.4,19.05,0,1
428,14.35,2.6634,15,0.7,0.51,1,0
429,16.22,2.786,13,6.9,48.21,0,0
430,7.52,2.0173,9,10.4,108.38,0,1
431,12.93,2.5595,12,15.6,243.61,0,0
432,11.51,2.4435,15,0.0,0.0,0,0
433,15.66,2.751,16,3.0,8.87,0,1
434,11.7,2.4598,15,3.9,14.99,1,1
435,13.32,2.5896,13,8.1,65.35,0,1
436,11.28,2.4232,9,11.6,135.54,1,0
437,7.97,2.0761,10,0.0,0.0,0,1
438,13.59,2.6096,17,14.2,201.8,0,1
439,11.94,2.4803,15,19.9,395.63,1,1
440,16.27,2.7895,12,15.0,226.21,0,1
441,11.54,2.4462,13,1.4,1.88,0,1
442,24.66,3.2052,15,15.0,224.02,0,1
443,12.56,2.5304,15,10.4,109.17,0,1
444,35.51,3.5698,17,13.9,194.48,0,1
445,27.81,3.3254,15,12.0,143.95,0,0
446,23.28,3.1475,14,26.6,710.18,1,1
447,12.67,2.5394,14,4.6,21.12,1,0
448,13.8,2.6244,13,10.8,116.46,1,1
449,22.79,3.1265,18,10.3,105.29,1,0
450,17.64,2.8699,15,11.2,124.75,1,0
451,14.82,2.6957,14,7.5,56.74,0,1
452,30.64,3.4224,16,11.4,130.68,0,1
453,15.96,2.77,15,7.3,52.65,0,0
454,73.22,4.2935,15,25.2,634.01,1,1
455,10.33,2.3352,15,10.3,105.74,1,0
456,10.34,2.3364,14,0.0,0.0,1,1
457,12.71,2.5427,14,11.6,135.09,1,1
458,11.82,2.4698,15,6.9,48.24,0,1
459,16.03,2.7744,16,13.1,170.8,0,1
460,10.67,2.367,11,4.7,21.77,0,0
461,22.46,3.1118,15,17.0,287.51,0,1
462,10.24,2.3266,12,10.7,113.74,0,1
463,10.52,2.353,12,12.7,160.68,0,1
464,12.14,2.4964,12,9.9,98.29,0,1
465,30.97,3.4329,15,8.7,76.54,0,0
466,16.86,2.8251,15,6.3,39.72,0,1
467,23.11,3.1404,13,14.7,216.51,1,0
468,18.89,2.9386,14,8.6,74.56,1,1
469,17.44,2.8588,12,20.4,417.06,0,1
470,17.05,2.836,10,21.6,467.0,1,1
471,18.24,2.9038,18,21.0,440.91,1,0
472,5.94,1.7824,14,9.1,83.5,1,0
473,22.57,3.1168,13,13.2,173.12,1,0
474,13.24,2.5836,14,12.5,157.2,0,0
475,12.15,2.4975,14,8.9,79.95,1,1
476,10.43,2.3445,13,15.8,250.59,1,1
477,17.52,2.8634,13,21.6,467.36,1,1
478,14.47,2.6721,14,3.9,15.28,1,1
479,12.29,2.5086,14,14.6,214.36,1,1
480,19.43,2.9668,13,5.7,33.04,1,1
481,8.81,2.1757,14,0.3,0.12,1,1
482,27.47,3.3132,17,21.6,464.58,1,0
483,13.71,2.6178,14,11.1,123.32,0,1
484,10.72,2.3718,10,18.6,347.14,0,1
485,20.04,2.9976,14,16.0,255.89,0,0
486,25.01,3.2194,15,24.0,576.66,0,0
487,11.06,2.4036,13,21.9,478.55,1,1
488,12.38,2.5159,9,23.1,535.46,0,0
489,9.15,2.2132,14,7.2,51.62,0,1
490,18.45,2.9151,15,10.8,115.96,1,0
491,21.56,3.0708,15,12.4,152.82,0,0
492,6.66,1.8956,13,15.5,240.7,0,1
493,21.22,3.0551,16,20.3,412.71,1,0
494,19.62,2.9764,14,12.4,153.98,1,1
495,12.07,2.4907,13,11.5,132.45,0,1
496,13.46,2.6,13,6.5,42.73,0,0
497,10.62,2.3626,13,15.5,239.21,0,1
498,20.41,3.0159,14,11.5,131.83,1,1
499,13.69,2.617,14,2.7,7.53,1,0
500,13.73,2.6198,13,18.4,338.53,1,1
501,10.91,2.3896,13,14.2,201.91,1,0
502,20.76,3.0331,16,17.3,298.19,0,1
503,11.48,2.4404,11,16.7,280.21,1,1
504,7.71,2.0423,9,4.3,18.67,0,1
505,10.89,2.3881,15,14.7,216.96,1,0
506,10.74,2.3737,15,8.8,77.26,0,0
507,20.99,3.0439,11,23.0,530.47,0,1
508,17.72,2.8746,17,10.7,114.09,0,1
509,9.7,2.2724,12,3.8,14.63,0,0
510,11.94,2.4802,14,0.0,0.0,0,1
511,13.36,2.5922,13,9.2,84.4,1,0
512,8.53,2.144,15,1.4,2.1,1,0
513,6.74,1.9074,11,4.3,18.79,0,0
514,11.61,2.4521,11,21.6,466.08,1,0
515,15.16,2.719,16,2.9,8.58,1,1
516,8.15,2.0982,12,8.2,67.67,1,1
517,15.17,2.7194,12,18.9,355.56,1,1
518,10.94,2.3926,13,20.5,422.01,1,1
519,8.79,2.1738,12,9.9,97.54,0,1
520,12.36,2.5147,12,19.1,365.47,1,1
521,17.85,2.8822,10,8.9,79.11,0,0
522,24.5,3.1988,15,24.2,583.83,1,0
523,10.33,2.3349,9,18.5,343.64,1,0
524,7.48,2.0127,13,0.0,0.0,1,0
525,14.1,2.6461,15,9.5,89.61,1,1
526,14.06,2.6431,14,12.5,155.09,0,0
527,14.95,2.7046,14,2.9,8.16,1,1
528,12.46,2.5223,14,0.0,0.0,0,0
529,16.86,2.8252,12,13.7,187.72,1,1
530,17.72,2.8748,16,15.9,254.09,1,1
531,17.63,2.8695,12,22.4,500.69,0,1
532,9.75,2.2774,14,0.0,0.0,1,0
533,28.16,3.3379,19,17.8,316.61,0,1
534,9.94,2.2965,13,9.1,82.45,1,1
535,8.58,2.1493,15,1.1,1.18,1,0
536,15.21,2.7217,12,10.6,112.74,0,0
537,16.14,2.7816,14,17.8,317.82,0,1
538,11.11,2.4083,14,0.0,0.0,1,1
539,19.74,2.9824,14,12.4,153.6,1,0
540,10.39,2.3407,14,0.0,0.0,0,1
541,7.81,2.0552,13,3.5,12.47,1,1
542,22.27,3.1033,14,5.9,35.14,0,1
543,10.77,2.3763,11,9.2,84.69,0,0
544,19.96,2.9937,16,8.7,74.99,0,1
545,17.52,2.8635,9,20.1,402.83,1,1
546,18.4,2.9121,14,19.3,374.28,0,0
547,17.5,2.8624,12,25.9,671.13,0,1
548,15.21,2.7222,16,19.9,395.34,1,0
549,9.03,2.2006,14,4.1,16.57,0,0
550,16.16,2.7822,12,18.0,325.22,1,1
551,12.55,2.5297,15,4.9,23.82,1,0
552,18.14,2.8982,13,12.8,163.39,1,0
553,29.6,3.3878,16,15.5,240.88,0,1
554,26.9,3.2922,15,12.4,154.95,0,0
555,10.18,2.32,14,14.8,219.96,1,0
556,12.18,2.4994,13,5.2,26.7,0,0
557,9.31,2.2306,15,7.2,51.27,1,0
558,22.44,3.1106,11,18.5,342.23,0,1
559,11.68,2.4576,11,10.9,119.05,0,0
560,15.14,2.717,12,8.1,65.12,0,1
561,21.02,3.0455,15,23.5,554.03,0,0
562,12.01,2.4861,13,1.9,3.7,0,1
563,25.36,3.2333,16,22.0,486.05,1,0
564,22.88,3.1304,14,16.1,259.94,1,1
565,27.11,3.2997,17,17.7,312.05,1,0
566,16.22,2.786,12,11.2,126.27,1,1
567,27.72,3.3223,14,16.4,268.39,1,0
568,8.07,2.0885,10,3.0,8.84,1,0
569,28.1,3.3357,15,12.3,152.35,0,0
570,11.81,2.4686,16,13.8,189.53,1,0
571,11.44,2.4375,13,13.1,172.76,0,1
572,25.65,3.2444,16,17.8,315.67,0,1
573,6.73,1.9065,9,3.7,13.38,1,0
574,24.29,3.1901,16,11.8,140.01,0,1
575,7.41,2.0027,13,11.7,136.27,0,0
576,12.04,2.4884,15,0.0,0.0,1,0
577,23.52,3.158,14,10.5,110.74,0,1
578,20.21,3.0064,14,7.5,56.23,1,1
579,19.16,2.953,14,27.7,767.22,0,1
580,38.51,3.6509,15,23.6,558.83,1,1
581,16.21,2.7858,11,13.2,174.64,0,1
582,16.25,2.7883,16,10.4,108.96,0,1
583,9.31,2.2311,13,7.3,53.23,1,0
584,20.09,3.0002,15,10.1,102.96,1,0
585,13.41,2.5961,14,11.8,138.83,0,0
586,18.02,2.8917,14,16.0,255.7,1,1
587,22.24,3.102,13,10.2,104.07,1,0
588,16.52,2.8045,13,9.1,83.61,0,1
589,17.9,2.8847,15,23.7,561.8,0,1
590,9.69,2.2706,10,12.7,162.41,1,1
591,10.89,2.3876,13,9.8,95.7,1,0
592,17.25,2.8476,18,6.7,45.08,1,0
593,9.73,2.2748,11,6.0,36.59,0,1
594,7.26,1.983,11,14.4,208.73,0,0
595,16.9,2.8273,16,16.7,279.68,0,0
596,15.19,2.721,13,14.0,196.16,0,0
597,21.98,3.09,18,15.1,226.62,0,1
598,17.49,2.8614,15,7.3,52.89,1,1
599,6.46,1.8652,10,0.3,0.09,1,0
600,8.33,2.1195,12,0.0,0.0,0,1
601,14.33,2.6621,14,8.2,67.48,1,1
602,9.72,2.2745,15,9.0,80.7,1,0
603,21.78,3.0808,15,10.2,104.04,0,0
604,10.56,2.3572,14,14.0,195.12,0,1
605,12.72,2.5434,13,1.0,0.99,0,0
606,20.93,3.0411,14,10.6,111.85,1,1
607,18.49,2.9171,14,10.8,117.0,1,1
608,14.71,2.6886,15,28.0,783.18,1,0
609,12.88,2.5556,16,6.0,35.51,0,1
610,10.81,2.3808,15,2.6,6.84,0,0
611,14.88,2.7,15,15.9,253.6,1,0
612,8.07,2.088,14,0.0,0.0,1,0
613,10.4,2.3419,12,8.7,76.25,1,1
614,8.08,2.0899,12,22.3,495.49,0,0
615,12.43,2.5201,12,16.0,256.37,1,1
616,12.66,2.5388,17,2.8,8.03,0,0
617,20.16,3.0039,16,6.4,40.95,0,1
618,14.3,2.6602,17,0.0,0.0,0,0
619,17.51,2.8625,17,18.7,349.24,1,1
620,19.43,2.9668,18,16.1,259.22,1,0
621,6.66,1.8965,12,5.8,33.72,1,0
622,28.13,3.337,17,12.9,167.49,1,0
623,12.63,2.5363,13,14.0,195.03,0,0
624,8.53,2.1433,14,14.5,208.89,1,1
625,15.85,2.7634,16,18.1,326.94,0,1
626,11.85,2.4725,11,6.9,47.24,0,0
627,18.75,2.9313,12,18.2,331.25,1,1
628,33.14,3.5006,10,16.7,279.34,0,0
629,18.41,2.9129,14,22.5,508.37,1,0
630,14.4,2.667,16,14.9,221.1,0,0
631,6.81,1.919,12,1.4,1.93,1,1
632,25.21,3.2271,18,14.3,204.42,1,0
633,20.53,3.0219,14,13.8,189.14,0,1
634,13.76,2.6217,14,7.5,56.19,1,0
635,10.9,2.3889,14,9.1,82.83,0,0
636,11.25,2.4203,11,11.8,139.4,1,0
637,19.97,2.9942,14,17.9,320.82,0,1
638,18.86,2.937,11,9.3,86.16,0,0
639,14.49,2.6733,17,11.8,138.09,1,1
640,10.88,2.3866,12,15.4,238.33,1,0
641,17.58,2.8666,12,10.1,101.61,0,1
642,11.48,2.4409,14,4.2,17.55,1,0
643,21.01,3.0452,14,10.7,115.27,0,0
644,21.44,3.0653,13,15.3,235.4,1,0
645,12.31,2.5102,12,11.7,137.86,1,1
646,15.35,2.731,11,11.0,120.7,1,1
647,12.06,2.4901,13,11.9,142.41,1,1
648,21.47,3.0666,17,20.7,427.02,0,0
649,9.99,2.3021,12,12.7,162.54,1,0
650,6.17,1.8203,12,18.8,352.63,0,1
651,15.59,2.7468,15,10.0,99.09,1,1
652,18.04,2.8924,15,22.3,498.91,0,1
653,8.35,2.1228,13,18.1,327.06,1,1
654,21.68,3.0764,15,16.1,259.74,1,0
655,20.91,3.0403,11,12.0,144.21,0,1
656,18.65,2.9257,11,5.2,26.94,0,0
657,10.79,2.3782,13,0.6,0.35,0,1
658,13.23,2.5825,14,9.8,96.87,1,0
659,11.92,2.4784,14,12.5,156.33,1,0
660,12.51,2.5266,14,14.8,218.12,0,1
661,13.14,2.5759,17,3.5,12.28,1,0
662,11.21,2.4168,12,16.9,285.61,1,0
663,38.03,3.6383,15,14.8,219.58,0,0
664,11.19,2.4151,13,7.3,53.44,1,1
665,30.4,3.4144,13,13.4,180.09,1,1
666,25.58,3.2419,16,20.5,419.03,1,0
667,17.47,2.8606,13,10.6,111.87,0,1
668,14.62,2.6823,16,4.5,20.39,1,0
669,16.33,2.7932,13,18.6,346.67,0,0
670,13.26,2.5844,16,0.5,0.24,0,0
671,15.49,2.7401,17,16.8,281.44,0,0
672,8.47,2.1366,12,6.5,42.31,1,0
673,18.15,2.8987,13,24.5,601.5,0,1
674,24.98,3.2182,12,13.9,191.84,1,0
675,11.45,2.4378,11,8.2,67.16,1,1
676,17.83,2.8809,14,6.2,38.74,0,1
677,23.81,3.1701,14,11.9,140.64,0,1
678,13.58,2.6086,10,17.7,312.48,0,0
679,9.29,2.2284,14,3.7,13.94,1,1
680,17.76,2.8771,15,13.8,189.51,1,1
681,11.74,2.4629,16,13.3,177.43,1,0
682,12.77,2.5468,13,15.0,223.91,1,1
683,14.12,2.6474,16,18.6,345.77,1,1
684,16.64,2.8121,14,10.8,116.59,1,1
685,9.33,2.2336,12,5.7,32.18,1,1
686,12.21,2.5022,17,9.5,89.35,1,1
687,12.9,2.557,14,3.5,12.29,0,0
688,30.53,3.4186,11,24.4,593.41,0,0
689,19.19,2.9544,12,18.8,352.32,0,0
690,25.59,3.2421,14,7.7,58.63,1,1
691,20.39,3.0148,15,10.5,111.14,0,1
692,12.79,2.549,13,12.7,160.5,0,0
693,8.82,2.1771,10,23.7,560.1,0,1
694,8.89,2.1853,14,8.9,78.42,0,0
695,8.21,2.1053,14,6.7,45.22,1,1
696,14.79,2.6941,18,4.4,19.51,0,1
697,6.88,1.9282,12,0.0,0.0,1,1
698,24.59,3.2022,19,13.6,184.91,0,1
699,14.94,2.7038,10,13.5,183.51,0,1
700,26.22,3.2667,11,29.9,895.1,0,0
701,10.43,2.345,14,10.9,119.07,1,1
702,14.43,2.6696,13,12.0,144.65,1,0
703,11.48,2.4406,14,15.9,251.32,1,0
704,20.81,3.0354,16,11.0,121.88,1,0
705,27.22,3.3039,14,21.0,440.17,1,0
706,13.97,2.6367,14,16.1,260.05,0,0
707,11.9,2.4763,13,17.7,313.21,1,1
708,17.23,2.8467,10,17.1,293.83,1,0
709,12.62,2.535,18,20.8,432.16,1,0
710,14.18,2.6515,14,22.7,514.78,1,1
711,31.55,3.4517,16,19.5,382.07,0,0
712,13.53,2.605,15,19.5,380.35,0,0
713,10.21,2.3235,9,13.6,185.02,1,1
714,23.35,3.1506,14,10.9,119.75,0,1
715,33.2,3.5027,16,15.9,253.79,0,0
716,8.4,2.1277,14,6.4,41.09,1,0
717,10.2,2.3227,14,14.0,195.99,0,0
718,3.31,1.1956,15,20.4,417.78,1,1
719,14.57,2.6792,12,9.1,82.89,1,1
720,14.58,2.6796,16,9.1,82.12,1,1
721,14.97,2.706,12,7.7,58.68,1,1
722,11.78,2.4662,16,3.6,12.91,1,1
723,9.17,2.2156,10,3.2,10.39,1,0
724,35.39,3.5663,14,27.0,726.85,0,1
725,8.72,2.1658,12,2.8,8.04,0,1
726,6.61,1.888,12,3.5,12.17,1,0
727,33.8,3.5203,15,14.9,222.48,1,0
728,15.98,2.7712,17,12.8,163.22,1,1
729,17.61,2.8685,9,19.2,368.28,0,1
730,14.65,2.6846,13,9.4,88.51,0,1
731,25.06,3.2213,16,9.9,98.3,0,1
732,32.5,3.4814,16,19.3,373.51,0,1
733,12.61,2.5348,13,10.9,117.96,1,0
734,26.68,3.2841,15,20.7,428.52,1,0
735,6.88,1.9279,13,2.5,6.23,0,0
736,13.26,2.5848,15,5.1,26.29,1,0
737,11.16,2.4127,15,0.0,0.0,1,1
738,11.0,2.3975,11,16.9,285.4,0,1
739,14.84,2.6972,13,9.1,83.0,0,0
740,13.23,2.5825,9,19.8,392.91,0,1
741,9.26,2.2255,11,9.3,87.17,1,1
742,6.78,1.9135,12,7.9,62.56,0,1
743,11.87,2.4739,14,12.9,165.14,1,1
744,26.42,3.2743,18,13.3,177.35,0,1
745,10.72,2.3725,12,17.0,288.3,0,1
746,21.68,3.0765,13,12.7,160.76,1,1
747,11.66,2.456,13,19.1,363.32,1,1
748,20.35,3.0129,11,18.9,356.45,0,0
749,10.6,2.3608,14,11.7,136.17,0,1
750,19.16,2.9528,13,15.2,231.39,1,1
751,14.89,2.7005,14,10.8,116.55,0,1
752,13.06,2.5698,11,12.3,151.64,1,1
753,14.02,2.6404,11,7.7,59.27,0,1
754,27.81,3.3254,18,8.0,64.24,0,0
755,18.44,2.9145,15,17.3,300.94,1,1
756,35.88,3.5802,17,27.8,771.5,1,1
757,16.91,2.828,14,24.4,596.05,0,1
758,10.75,2.3751,10,17.5,305.26,0,1
759,19.39,2.9646,14,11.5,131.1,1,1
760,9.46,2.2473,11,23.8,567.87,1,0
761,17.86,2.8824,14,11.9,141.95,0,1
762,8.52,2.1422,13,1.4,1.99,0,1
763,17.18,2.8437,11,20.9,436.29,0,1
764,23.38,3.152,16,13.6,183.83,1,1
765,10.63,2.364,12,0.0,0.0,1,0
766,8.73,2.1662,14,9.8,95.35,1,0
767,6.99,1.9446,12,2.3,5.1,1,0
768,22.31,3.1052,16,10.5,110.41,0,0
769,11.43,2.4364,13,7.4,54.32,1,1
770,14.01,2.6397,17,12.3,151.31,1,0
771,18.57,2.9215,13,17.1,291.08,1,0
772,21.05,3.0467,16,15.7,245.73,0,1
773,5.17,1.6422,13,22.4,502.07,1,1
774,7.03,1.9499,13,9.0,80.38,0,0
775,14.85,2.6983,11,20.6,424.95,1,1
776,23.04,3.1374,17,11.2,125.9,0,0
777,12.72,2.5428,11,14.9,220.95,0,1
778,21.89,3.0859,18,18.1,328.76,1,1
779,19.38,2.9643,17,6.6,44.21,0,1
780,11.26,2.4211,11,2.7,7.47,0,1
781,14.22,2.6544,11,6.9,47.96,1,1
782,6.94,1.9372,14,13.7,186.85,1,0
783,24.21,3.1868,17,13.9,194.19,0,0
784,14.48,2.6727,15,9.5,90.77,0,0
785,24.18,3.1854,14,15.9,253.77,0,1
786,9.25,2.2249,13,5.0,24.97,1,0
787,12.0,2.4849,14,15.2,231.55,0,1
788,21.26,3.0568,13,9.7,94.42,1,0
789,14.97,2.7057,14,12.8,163.83,1,1
790,15.56,2.7449,14,11.0,121.42,1,1
791,12.71,2.5421,12,8.8,77.64,0,0
792,14.63,2.6833,13,5.5,30.77,0,1
793,24.98,3.218,12,26.1,682.51,0,1
794,29.18,3.3734,16,16.6,274.31,0,0
795,10.05,2.3076,13,8.4,71.18,1,1
796,13.63,2.6126,13,18.0,323.46,1,1
797,30.32,3.4118,17,16.8,282.51,1,1
798,9.35,2.2357,14,0.0,0.0,0,1
799,13.77,2.6225,18,5.9,34.74,1,1
800,16.03,2.7745,14,23.3,545.11,0,1
801,9.22,2.2214,13,14.7,216.63,1,1
802,23.91,3.1741,14,3.8,14.8,0,0
803,7.57,2.0237,13,10.8,116.92,0,1
804,16.06,2.7761,13,19.2,369.24,1,1
805,33.02,3.4973,16,22.7,513.81,1,1
806,16.01,2.7731,12,11.1,123.27,0,0
807,19.95,2.9931,15,15.2,231.06,1,1
808,10.64,2.3649,14,2.4,5.95,1,0
809,16.76,2.819,12,11.0,121.55,1,1
810,21.54,3.0697,14,26.5,700.49,0,0
811,15.79,2.7595,14,16.0,256.81,1,1
812,19.24,2.9572,15,5.9,35.11,0,1
813,12.68,2.5398,13,13.6,185.77,0,0
814,14.77,2.6928,15,16.3,266.39,0,1
815,15.1,2.715,12,21.9,478.43,0,1
816,13.44,2.5984,16,7.7,58.65,0,1
817,16.49,2.8028,10,17.0,289.75,1,1
818,7.97,2.0752,11,9.7,94.84,1,0
819,24.91,3.2154,14,25.5,652.72,1,1
820,14.52,2.6753,13,9.6,91.92,0,0
821,9.4,2.241,10,16.0,256.65,0,1
822,17.81,2.88,16,5.3,28.6,0,0
823,15.58,2.7462,13,9.7,93.64,1,0
824,17.05,2.8359,12,22.2,492.0,1,1
825,8.97,2.194,12,19.3,372.0,1,0
826,30.21,3.4082,13,12.4,153.31,0,1
827,20.44,3.0175,14,15.8,249.83,0,0
828,15.14,2.7175,16,12.1,145.95,0,0
829,7.2,1.9747,16,12.4,153.88,1,1
830,9.62,2.2639,9,22.8,518.51,1,1
831,26.77,3.2873,15,15.3,234.69,1,1
832,13.23,2.5826,14,18.0,325.53,0,0
833,7.84,2.059,13,12.6,159.37,1,1
834,14.4,2.6675,14,13.5,180.94,1,1
835,28.43,3.3474,15,20.0,398.62,0,1
836,8.64,2.1565,12,3.6,13.19,0,0
837,23.81,3.1701,12,18.0,322.36,0,0
838,20.12,3.0017,14,17.0,290.29,1,1
839,13.85,2.628,12,11.1,124.26,0,1
840,9.69,2.271,12,12.3,151.17,1,0
841,14.22,2.6545,14,14.0,197.35,0,0
842,17.87,2.8829,17,3.3,11.04,1,0
843,8.56,2.1466,15,0.8,0.58,0,0
844,8.52,2.1427,14,13.2,175.38,1,0
845,11.91,2.4772,12,13.0,168.2,1,1
846,8.92,2.1878,11,0.0,0.0,0,1
847,7.93,2.07,10,21.1,445.15,0,1
848,11.39,2.4326,13,16.3,266.14,0,1
849,35.21,3.5613,15,13.6,185.46,1,1
850,6.0,1.7922,9,6.6,43.94,0,0
851,9.7,2.2719,18,0.0,0.0,1,0
852,19.71,2.9809,14,8.2,67.94,0,1
853,18.95,2.9418,11,20.6,426.2,0,0
854,10.75,2.3753,14,15.1,227.97,1,0
855,20.46,3.0185,16,16.6,274.72,1,0
856,22.84,3.1287,15,10.5,109.56,1,1
857,8.82,2.1766,11,9.8,95.68,1,0
858,28.5,3.35,13,10.8,117.18,1,1
859,24.54,3.2005,17,12.5,155.76,1,1
860,21.23,3.0555,16,10.6,111.8,0,1
861,17.24,2.8474,15,24.6,604.53,1,0
862,21.56,3.071,13,11.1,123.72,1,1
863,11.58,2.449,14,3.0,8.92,0,1
864,5.91,1.776,11,12.9,166.63,0,0
865,8.11,2.0936,9,15.3,233.04,0,0
866,9.64,2.2661,11,7.4,54.89,1,0
867,15.24,2.7237,12,15.4,237.9,0,0
868,14.02,2.6401,12,8.5,72.68,0,1
869,7.72,2.0443,12,0.0,0.0,0,0
870,8.16,2.0986,12,4.5,20.35,1,1
871,34.53,3.5418,15,23.7,563.02,1,1
872,33.21,3.5028,15,18.1,329.41,0,0
873,10.5,2.3511,13,15.0,226.28,0,0
874,16.84,2.8239,15,18.4,337.79,0,1
875,8.96,2.1923,14,20.6,425.39,0,0
876,15.72,2.7551,14,6.4,41.55,0,1
877,8.88,2.1833,9,0.2,0.06,0,1
878,10.56,2.3569,14,5.6,31.06,1,1
879,12.05,2.4891,14,20.5,420.9,1,0
880,15.74,2.7564,13,18.1,327.84,0,1
881,14.61,2.6815,14,1.6,2.72,0,1
882,17.18,2.8438,14,21.6,465.28,0,0
883,18.0,2.8901,16,15.2,230.65,0,1
884,18.78,2.933,15,8.0,64.3,0,0
885,17.56,2.8654,14,29.7,879.57,0,0
886,25.24,3.2283,14,14.5,208.84,0,0
887,9.88,2.2904,11,12.4,152.73,1,0
888,12.51,2.5266,16,8.3,69.47,1,0
889,18.58,2.922,15,17.2,295.35,1,0
890,26.76,3.2868,15,15.9,252.21,1,1
891,17.15,2.8421,12,26.2,688.52,1,1
892,28.49,3.3495,12,11.9,140.86,0,0
893,20.05,2.9985,16,14.0,195.61,0,0
894,8.33,2.1204,10,12.6,158.57,1,1
895,12.08,2.4912,13,9.8,96.59,0,0
896,9.6,2.2623,11,11.0,121.39,1,1
897,10.85,2.3838,12,14.2,200.26,1,0
898,16.29,2.7905,15,16.1,257.72,0,1
899,11.14,2.4102,13,2.1,4.44,1,1
900,20.67,3.0285,17,17.7,311.56,0,0
901,28.13,3.337,12,22.3,495.93,0,1
902,15.26,2.7253,14,22.6,511.22,0,0
903,29.4,3.381,14,26.0,673.98,1,0
904,8.44,2.1333,14,2.6,6.71,1,1
905,7.42,2.0039,10,18.7,351.48,0,1
906,12.59,2.533,14,14.7,214.94,0,1
907,18.19,2.9009,15,11.7,136.91,0,1
908,5.87,1.7695,12,0.0,0.0,1,1
909,12.69,2.5407,15,10.9,118.35,0,1
910,32.23,3.4728,16,18.9,358.07,1,1
911,14.86,2.6985,15,8.7,76.52,1,1
912,10.07,2.3099,12,19.3,372.98,0,1
913,11.63,2.4536,11,8.2,66.87,0,1
914,16.13,2.7804,13,13.8,190.65,1,0
915,12.73,2.5438,12,7.4,54.7,0,1
916,18.09,2.8954,15,5.6,30.84,0,1
917,14.76,2.6919,13,9.9,97.79,1,1
918,18.15,2.8984,14,11.0,120.04,1,1
919,10.66,2.3667,12,18.0,323.8,1,0
920,13.42,2.5971,17,10.0,100.18,1,1
921,11.14,2.4107,11,16.2,263.39,0,0
922,11.1,2.4065,12,13.7,186.76,0,0
923,9.71,2.2735,13,5.4,29.41,1,1
924,19.66,2.9784,15,7.7,58.68,1,0
925,16.83,2.8229,13,18.5,341.66,1,0
926,15.28,2.7263,15,7.9,62.24,1,1
927,13.7,2.6174,13,8.0,64.1,0,0
928,17.45,2.8595,10,8.6,73.39,1,1
929,8.35,2.1227,13,1.0,0.97,0,0
930,15.23,2.7236,15,15.2,230.88,1,1
931,12.25,2.5055,14,12.1,145.8,0,0
932,8.78,2.172,10,5.3,27.58,0,1
933,10.32,2.3342,12,7.5,56.13,1,1
934,19.21,2.9555,14,15.6,242.84,1,1
935,6.43,1.8602,9,2.6,6.96,1,1
936,13.51,2.6031,13,14.0,197.04,1,0
937,8.26,2.1116,15,11.9,142.29,1,1
938,18.5,2.9177,15,15.3,235.35,1,0
939,18.33,2.9087,13,16.2,263.67,1,1
940,11.93,2.4794,16,3.4,11.57,1,1
941,24.25,3.1885,12,11.9,142.1,0,0
942,10.54,2.3553,14,0.0,0.0,0,0
943,8.74,2.1677,12,9.7,93.24,1,0
944,14.58,2.6799,13,19.2,369.69,1,0
945,6.92,1.934,12,8.4,71.11,0,0
946,15.28,2.7264,10,19.2,370.02,0,0
947,22.65,3.1202,14,19.2,368.93,0,1
948,9.35,2.2349,12,3.9,15.12,1,0
949,15.27,2.7257,13,12.2,148.47,0,1
950,20.44,3.0176,9,27.9,776.69,0,0
951,5.19,1.6474,9,9.5,89.89,0,0
952,17.14,2.8414,17,21.2,447.42,1,1
953,9.58,2.2601,16,12.5,157.21,0,1
954,9.13,2.211,13,16.8,280.62,1,0
955,16.75,2.8181,14,13.9,193.81,1,0
956,10.05,2.308,12,5.8,33.17,1,1
957,16.12,2.7801,14,4.6,21.44,0,1
958,9.82,2.2842,13,26.7,714.64,1,0
959,11.98,2.4832,13,11.3,128.19,1,1
960,14.19,2.6526,11,6.8,46.17,0,1
961,24.6,3.2027,14,11.8,138.76,1,1
962,10.88,2.3874,9,15.2,230.18,0,1
963,9.65,2.2667,11,24.9,617.83,0,0
964,10.37,2.3391,13,5.8,33.07,0,1
965,14.43,2.6695,14,4.9,23.53,0,0
966,13.75,2.6209,12,13.9,193.18,0,1
967,11.56,2.4472,14,14.8,217.71,1,0
968,15.31,2.7284,11,12.2,149.38,0,0
969,13.99,2.6381,10,10.2,103.81,0,1
970,6.24,1.8308,9,0.0,0.0,0,0
971,18.27,2.9052,14,16.4,269.05,0,1
972,21.36,3.0613,18,20.6,425.51,0,0
973,9.21,2.22,12,6.5,42.56,1,0
974,8.81,2.1758,13,0.0,0.0,1,1
975,36.32,3.5923,15,17.0,289.16,1,0
976,12.53,2.5283,14,9.6,92.42,0,1
977,21.18,3.0532,14,14.4,207.78,1,1
978,18.91,2.9397,14,25.4,646.96,1,1
979,10.56,2.3574,12,13.9,193.98,1,1
980,22.79,3.1262,19,3.7,13.5,1,1
981,13.38,2.5937,14,11.8,138.97,0,1
982,10.77,2.3771,15,1.0,1.09,1,1
983,13.67,2.6155,14,5.3,28.45,1,1
984,13.51,2.6037,13,18.7,350.3,1,1
985,31.06,3.4358,13,21.8,474.09,0,0
986,8.07,2.0881,16,7.5,55.98,1,0
987,19.18,2.9539,14,11.8,139.6,0,1
988,13.2,2.58,15,4.4,18.93,0,0
989,16.31,2.7917,13,16.0,256.67,1,1
990,11.34,2.428,12,14.0,195.51,0,0
991,9.18,2.2165,12,11.5,132.3,0,1
992,21.54,3.07,13,15.9,252.16,0,1
993,15.73,2.7559,15,14.3,205.88,1,1
994,18.94,2.9415,13,13.2,174.24,1,1
995,14.84,2.6973,11,14.2,200.82,0,1
996,6.21,1.8263,11,11.2,126.22,1,1
997,13.4,2.5951,16,2.9,8.55,0,1
998,19.92,2.9915,14,9.6,92.51,1,0
999,11.56,2.4478,12,6.9,46.96,0,1
1000,26.53,3.2782,13,14.3,204.12,0,0
1001,20.0,2.9958,13,14.4,207.25,1,1
1002,54.34,3.9952,19,17.5,306.37,0,0
1003,20.28,3.0098,16,16.9,285.18,0,0
1004,13.7,2.6172,14,8.4,70.78,0,1
1005,24.44,3.1963,16,14.1,200.06,1,0
1006,14.0,2.6388,13,23.8,565.05,0,1
1007,11.71,2.4603,17,25.6,655.91,0,1
1008,8.75,2.1686,13,5.8,33.9,0,0
1009,9.88,2.2901,13,12.1,145.76,1,1
1010,17.53,2.8639,16,0.7,0.49,0,0
1011,6.38,1.8536,14,20.1,403.86,1,0
1012,10.78,2.3776,12,0.0,0.0,0,0
1013,9.92,2.2948,13,13.0,170.22,0,1
1014,11.37,2.4308,16,1.2,1.53,0,1
1015,10.35,2.3373,15,13.0,168.68,1,1
1016,21.88,3.0854,14,14.0,196.87,1,0
1017,13.2,2.5802,16,25.5,650.9,1,0
1018,17.79,2.8786,17,6.2,37.93,0,0
1019,15.24,2.7236,14,15.3,233.21,1,1
1020,23.67,3.1643,18,13.6,184.76,1,1
1021,15.13,2.7165,11,7.8,60.11,1,1
1022,15.74,2.7565,12,14.3,204.96,0,1
1023,33.25,3.504,14,19.0,362.9,1,0
1024,15.41,2.7347,14,9.8,95.41,1,1
1025,22.41,3.1094,12,21.8,475.5,0,1
1026,11.76,2.4644,9,14.4,208.15,1,0
1027,7.5,2.0143,13,1.6,2.51,1,0
1028,8.1,2.0922,11,9.4,87.96,0,1
1029,10.57,2.3581,15,0.0,0.0,1,0
1030,17.19,2.8446,16,13.5,181.68,0,1
1031,8.18,2.1014,9,18.1,328.77,0,1
1032,30.49,3.4174,16,9.9,98.4,0,0
1033,15.95,2.7696,14,15.7,247.94,1,1
1034,7.65,2.0353,16,0.0,0.0,0,1
1035,10.64,2.3643,15,0.0,0.0,0,1
1036,13.26,2.5848,12,11.5,132.87,0,1
1037,12.5,2.5255,17,6.9,48.14,1,1
1038,16.35,2.7942,12,17.6,309.52,0,0
1039,15.06,2.7121,13,23.9,573.45,0,1
1040,11.44,2.4372,12,6.3,39.3,0,1
1041,11.53,2.445,13,23.0,529.41,0,0
1042,12.83,2.5522,10,12.6,157.92,0,0
1043,10.34,2.3363,16,3.9,15.33,1,1
1044,18.24,2.9039,15,7.6,58.46,0,0
1045,15.66,2.7509,15,2.7,7.53,1,1
1046,13.33,2.5899,15,7.8,60.33,0,1
1047,22.78,3.1259,15,20.2,409.95,1,1
1048,17.34,2.8529,12,21.4,459.98,1,1
1049,12.57,2.5313,14,11.0,121.49,0,0
1050,8.59,2.1507,15,3.7,13.79,1,1
1051,8.68,2.1606,9,13.2,175.0,0,0
1052,16.86,2.8249,14,14.3,203.09,0,1
1053,11.42,2.4355,15,8.1,66.02,0,1
1054,28.86,3.3625,15,17.7,313.71,0,1
1055,8.21,2.1057,12,21.3,454.88,0,0
1056,16.17,2.7833,15,3.7,13.87,0,0
1057,16.38,2.7962,19,14.1,198.19,1,1
1058,9.43,2.2442,15,8.0,64.3,0,0
1059,13.82,2.626,10,3.2,10.11,0,1
1060,28.43,3.3474,15,13.9,192.08,0,1
1061,11.34,2.4283,10,7.3,53.26,0,0
1062,9.34,2.2343,12,3.6,12.67,0,1
1063,24.55,3.2005,16,14.9,222.55,0,0
1064,11.1,2.407,12,11.8,138.56,1,0
1065,20.36,3.0137,16,16.0,257.02,0,0
1066,23.81,3.1703,13,11.9,142.5,0,0
1067,21.19,3.0536,14,10.6,112.5,0,1
1068,15.13,2.7166,13,14.0,196.69,0,1
1069,9.5,2.2517,12,6.5,41.86,1,1
1070,22.17,3.0989,15,13.5,182.44,1,1
1071,8.29,2.1145,11,0.0,0.0,0,1
1072,30.19,3.4074,12,14.7,214.9,1,1
1073,28.48,3.3492,18,18.6,344.3,0,1
1074,20.74,3.0322,14,16.9,286.26,0,1
1075,23.6,3.1614,16,6.3,39.77,0,0
1076,8.09,2.0908,13,6.2,38.17,1,0
1077,12.93,2.5595,16,16.2,263.95,1,1
1078,18.73,2.9299,13,8.0,64.76,0,1
1079,12.15,2.4975,12,6.2,38.68,0,0
1080,8.84,2.1796,13,5.4,29.47,0,1
1081,15.29,2.7275,15,3.8,14.69,0,0
1082,16.49,2.8027,15,17.1,291.19,1,0
1083,10.05,2.3071,12,15.4,237.54,1,1
1084,5.63,1.7284,12,11.1,123.2,1,0
1085,30.83,3.4286,14,16.3,266.96,0,1
1086,15.36,2.7317,14,14.3,203.29,1,1
1087,10.61,2.3615,12,1.9,3.53,0,1
1088,11.09,2.4064,15,5.9,34.35,1,0
1089,10.15,2.317,14,3.6,12.82,0,0
1090,8.47,2.1368,12,4.2,18.0,1,0
1091,12.61,2.5343,13,7.2,51.98,1,1
1092,12.81,2.5505,15,9.3,86.42,1,1
1093,14.53,2.676,11,4.5,20.15,0,1
1094,21.68,3.0766,14,9.2,84.66,0,1
1095,20.95,3.042,15,15.3,235.32,1,1
1096,19.0,2.9446,15,20.7,428.71,0,1
1097,10.22,2.3247,13,19.9,394.24,0,1
1098,6.85,1.9238,11,6.0,36.33,0,0
1099,24.38,3.1936,16,20.9,436.08,1,1
1100,15.72,2.7552,15,13.8,189.59,0,1
1101,38.29,3.6452,13,33.9,1152.27,0,1
1102,16.34,2.7934,17,8.7,75.58,1,0
1103,11.02,2.3999,15,13.8,191.42,1,0
1104,26.72,3.2853,16,16.5,271.04,0,1
1105,14.29,2.6598,13,14.7,215.33,1,0
1106,20.59,3.025,15,8.9,78.8,0,0
1107,13.9,2.6321,10,2.0,3.84,0,1
1108,6.37,1.8511,12,1.2,1.55,1,1
1109,9.06,2.2035,9,4.3,18.62,0,1
1110,11.5,2.4423,13,8.4,69.76,1,1
1111,19.21,2.9555,15,18.6,347.22,0,1
1112,7.53,2.0192,12,13.2,173.31,1,0
1113,27.33,3.3081,16,18.3,333.53,0,1
1114,16.42,2.7984,16,10.2,103.38,1,1
1115,34.84,3.5508,18,16.2,262.31,0,1
1116,15.18,2.7201,12,5.0,24.96,1,1
1117,23.51,3.1575,15,13.8,189.81,0,1
1118,8.94,2.1907,14,3.5,12.3,1,1
1119,18.02,2.8913,14,14.3,203.62,0,1
1120,51.44,3.9403,14,17.1,290.91,0,1
1121,26.37,3.2723,14,17.3,299.99,1,1
1122,9.16,2.2144,12,12.4,154.05,1,1
1123,9.7,2.2726,15,2.5,6.32,1,0
1124,13.5,2.6026,17,4.1,17.2,1,1
1125,19.15,2.9524,14,6.3,39.63,0,1
1126,11.31,2.4253,12,17.9,321.01,0,0
1127,13.68,2.6161,12,19.3,373.92,1,1
1128,21.86,3.0845,14,12.0,143.62,0,1
1129,23.37,3.1514,16,16.2,262.29,0,0
1130,17.91,2.8855,12,29.2,854.01,0,1
1131,9.85,2.2875,12,0.3,0.1,0,0
1132,18.1,2.896,17,9.3,86.79,1,0
1133,14.66,2.685,14,21.0,440.41,0,1
1134,17.69,2.8732,13,12.7,161.15,0,1
1135,6.59,1.8858,10,0.0,0.0,0,0
1136,52.37,3.9584,16,22.9,522.93,0,0
1137,11.89,2.4756,14,6.8,46.29,0,1
1138,12.99,2.5644,16,4.0,16.28,1,0
1139,13.93,2.6341,11,11.7,136.58,1,1
1140,12.66,2.5382,11,18.1,328.75,0,0
1141,17.55,2.8653,15,15.4,237.21,1,0
1142,19.82,2.9867,14,13.5,183.28,1,1
1143,10.19,2.3212,13,10.8,116.56,0,0
1144,6.42,1.8596,10,0.0,0.0,0,1
1145,22.62,3.119,14,11.7,137.29,0,1
1146,8.85,2.1799,10,16.2,261.52,1,0
1147,13.31,2.5885,14,15.5,241.72,0,0
1148,15.04,2.7105,13,21.5,461.48,0,0
1149,16.48,2.8022,13,17.7,312.22,1,0
1150,14.49,2.6736,16,4.2,17.87,0,0
1151,21.96,3.0892,15,19.9,394.47,1,1
1152,13.42,2.5968,14,8.7,76.4,0,0
1153,18.03,2.892,11,24.6,603.84,0,1
1154,13.15,2.5764,14,20.9,437.76,1,1
1155,10.75,2.3746,12,21.7,469.9,0,0
1156,11.07,2.404,15,7.2,52.52,1,1
1157,13.92,2.6336,12,12.5,155.09,0,1
1158,15.28,2.7268,15,1.7,2.94,1,0
1159,11.41,2.4347,10,11.4,129.78,1,1
1160,11.64,2.4543,13,11.1,122.53,1,1
1161,13.16,2.5772,14,6.9,46.94,0,0
1162,9.71,2.2734,10,4.6,21.47,0,0
1163,17.6,2.8679,11,11.9,141.66,0,0
1164,16.1,2.7789,15,22.8,520.97,1,1
1165,14.81,2.6956,14,9.7,93.59,0,0
1166,19.48,2.9694,13,21.9,481.3,0,0
1167,10.23,2.3255,9,25.4,644.26,1,1
1168,13.51,2.6033,12,11.4,129.45,1,0
1169,9.99,2.3012,14,0.0,0.0,1,1
1170,28.58,3.3526,20,7.9,61.99,0,1
1171,8.52,2.1422,9,16.6,274.98,1,0
1172,26.17,3.2647,14,10.0,100.43,0,1
1173,8.83,2.1784,14,0.0,0.0,0,0
1174,24.77,3.2098,14,25.2,632.95,0,0
1175,13.8,2.6243,12,15.1,228.98,1,1
1176,10.67,2.3672,17,30.6,935.5,1,1
1177,26.81,3.2887,14,10.5,110.37,0,1
1178,10.52,2.3528,12,21.9,478.22,0,0
1179,10.94,2.3921,13,4.3,18.07,0,1
1180,35.0,3.5553,12,19.7,387.01,0,0
1181,21.57,3.0712,15,12.1,145.31,1,0
1182,27.58,3.317,16,10.8,115.57,1,1
1183,6.72,1.9044,11,15.0,225.43,0,0
1184,13.96,2.6365,13,11.8,139.96,1,0
1185,5.52,1.7076,11,0.4,0.15,0,0
1186,14.55,2.6774,14,8.1,65.14,1,0
1187,35.12,3.5587,18,24.8,615.06,1,0
1188,17.26,2.8485,14,12.1,146.65,0,1
1189,8.73,2.1669,14,2.4,5.73,1,0
1190,11.4,2.434,13,9.5,90.55,1,1
1191,18.1,2.8957,13,13.8,190.59,0,0
1192,12.23,2.5042,14,0.0,0.0,0,1
1193,11.63,2.4532,15,18.1,327.85,0,0
1194,8.94,2.1908,11,22.0,486.18,1,1
1195,14.75,2.6914,15,4.8,22.94,1,0
1196,15.12,2.7161,14,19.8,390.21,1,0
1197,11.47,2.4394,14,11.5,131.14,1,0
1198,11.12,2.4087,15,10.4,108.02,1,0
1199,8.8,2.1746,12,10.8,116.65,0,0
1200,12.81,2.5505,15,0.0,0.0,0,1
